2.0,2.0,-2.0,-2.0,2.0,-2.0,2.0,-2.0,-2.0,-2.0,2.0,-1.5033898872719627,2.0,-2.0,2.0,-0.5885807114506671,-2.0,-2.0,2.0,-2.0,-2.0,-2.0,-2.0,1.4990844227729299,2.0,-2.0,-2.0,1.3132169384225265,-2.0,-2.0,-2.0,-1.0
2.0,1.6967015241418049,-2.0,-2.0,1.9609859020118356,-2.0,2.0,-2.0,-2.0,-2.0,2.0,-1.8290312589081565,2.0,-2.0,2.0,2.0,-2.0,-2.0,2.0,-2.0,-2.0,-2.0,-2.0,-1.8641373090524935,1.9644371515714687,-2.0,-2.0,-0.2605521907709384,-2.0,-2.0,-2.0,1.0
2.0,2.0,-2.0,-2.0,2.0,-2.0,2.0,-2.0,-2.0,-2.0,2.0,-1.503075329246984,2.0,-2.0,2.0,1.2237782744888146,-2.0,-2.0,2.0,-2.0,-2.0,-2.0,-2.0,1.4919843770056336,2.0,-2.0,-2.0,1.3138090883465443,-2.0,-2.0,-2.0,-1.0
2.0,1.6967888385414576,-2.0,-2.0,1.961023980225384,-2.0,2.0,-2.0,-2.0,-2.0,2.0,-1.8290301952595527,2.0,-2.0,2.0,-2.0,-2.0,-2.0,2.0,-2.0,-2.0,-2.0,-2.0,-1.8641399232163285,1.9644369303173694,-2.0,-2.0,-0.2603530684866265,-2.0,-2.0,-2.0,1.0
2.0,2.0,-2.0,-2.0,2.0,-2.0,2.0,-2.0,-2.0,-2.0,2.0,-1.5033866059303476,2.0,-2.0,2.0,-0.4234617051198287,-2.0,-2.0,2.0,-2.0,-2.0,-2.0,-2.0,1.4990858685823574,2.0,-2.0,-2.0,1.3132204717322056,-2.0,-2.0,-2.0,-1.0
2.0,2.0,-2.0,-2.0,2.0,-2.0,2.0,-2.0,-2.0,-2.0,2.0,-1.5035099858193663,2.0,-2.0,2.0,-2.0,-2.0,-2.0,2.0,-2.0,-2.0,-2.0,-2.0,1.4990319089279274,2.0,-2.0,-2.0,1.313087909871419,-2.0,-2.0,-2.0,-1.0
2.0,2.0,-2.0,-2.0,2.0,-2.0,2.0,-2.0,-2.0,-2.0,2.0,-1.5035966904083402,2.0,-2.0,2.0,2.0,-2.0,-2.0,2.0,-2.0,-2.0,-2.0,-2.0,1.498994021651996,2.0,-2.0,-2.0,1.3129947541765052,-2.0,-2.0,-2.0,-1.0
2.0,2.0,-2.0,-2.0,2.0,-2.0,2.0,-2.0,-2.0,-2.0,2.0,-1.502991525826808,2.0,-2.0,2.0,-0.5918508293959662,-2.0,-2.0,2.0,-2.0,-2.0,-2.0,-2.0,1.4920343258353699,2.0,-2.0,-2.0,1.313899305013223,-2.0,-2.0,-2.0,-1.0
2.0,1.6967015241418002,-2.0,-2.0,1.9609859020118114,-2.0,2.0,-2.0,-2.0,-2.0,2.0,-1.8290312589081605,2.0,-2.0,2.0,2.0,-2.0,-2.0,2.0,-2.0,-2.0,-2.0,-2.0,-1.864137309052494,1.9644371515714798,-2.0,-2.0,-0.2605521907709312,-2.0,-2.0,-2.0,1.0
2.0,2.0,-2.0,-2.0,2.0,-2.0,2.0,-2.0,-2.0,-2.0,2.0,-1.5029916318878616,2.0,-2.0,2.0,-0.595817925435222,-2.0,-2.0,2.0,-2.0,-2.0,-2.0,-2.0,1.4920342631477663,2.0,-2.0,-2.0,1.3138991911798763,-2.0,-2.0,-2.0,-1.0
2.0,-1.5070400401608186,-2.0,-2.0,1.9966259534190438,-2.0,2.0,-2.0,-2.0,-2.0,2.0,-1.9852141526761207,2.0,-2.0,2.0,2.0,-2.0,-2.0,2.0,-2.0,-2.0,-2.0,-2.0,-0.42901981037425263,1.9969244269805793,-2.0,-2.0,-0.4889349927879316,-2.0,-2.0,-2.0,1.0
2.0,2.0,-2.0,-2.0,2.0,-2.0,2.0,-2.0,-2.0,-2.0,2.0,-1.503596686429574,2.0,-2.0,2.0,2.0,-2.0,-2.0,2.0,-2.0,-2.0,-2.0,-2.0,1.498994021950319,2.0,-2.0,-2.0,1.312994754953928,-2.0,-2.0,-2.0,-1.0
2.0,2.0,-2.0,-2.0,2.0,-2.0,2.0,-2.0,-2.0,-2.0,2.0,-1.5029970649702598,2.0,-2.0,2.0,-0.7584415654280557,-2.0,-2.0,2.0,-2.0,-2.0,-2.0,-2.0,1.492031048535214,2.0,-2.0,-2.0,1.3138933577215075,-2.0,-2.0,-2.0,-1.0
2.0,2.0,-2.0,-2.0,2.0,-2.0,2.0,-2.0,-2.0,-2.0,2.0,-1.503196436177877,2.0,-2.0,2.0,2.0,-2.0,-2.0,2.0,-2.0,-2.0,-2.0,-2.0,1.4919141117192276,2.0,-2.0,-2.0,1.3136800292428648,-2.0,-2.0,-2.0,-1.0
2.0,2.0,-2.0,-2.0,2.0,-2.0,2.0,-2.0,-2.0,-2.0,2.0,-1.503196436177876,2.0,-2.0,2.0,2.0,-2.0,-2.0,2.0,-2.0,-2.0,-2.0,-2.0,1.4919141117192436,2.0,-2.0,-2.0,1.313680029242868,-2.0,-2.0,-2.0,-1.0
2.0,2.0,-2.0,-2.0,2.0,-2.0,2.0,-2.0,-2.0,-2.0,2.0,-1.503196436177862,2.0,-2.0,2.0,2.0,-2.0,-2.0,2.0,-2.0,-2.0,-2.0,-2.0,1.4919141117193182,2.0,-2.0,-2.0,1.3136800292428552,-2.0,-2.0,-2.0,-1.0
2.0,1.6967015241418002,-2.0,-2.0,1.960985902011853,-2.0,2.0,-2.0,-2.0,-2.0,2.0,-1.8290312589081583,2.0,-2.0,2.0,2.0,-2.0,-2.0,2.0,-2.0,-2.0,-2.0,-2.0,-1.8641373090524935,1.9644371515714851,-2.0,-2.0,-0.26055219077093206,-2.0,-2.0,-2.0,1.0
2.0,1.6967015241418042,-2.0,-2.0,1.9609859020118758,-2.0,2.0,-2.0,-2.0,-2.0,2.0,-1.8290312589081674,2.0,-2.0,2.0,2.0,-2.0,-2.0,2.0,-2.0,-2.0,-2.0,-2.0,-1.8641373090524933,1.9644371515714818,-2.0,-2.0,-0.2605521907709346,-2.0,-2.0,-2.0,1.0
2.0,2.0,-2.0,-2.0,2.0,-2.0,2.0,-2.0,-2.0,-2.0,2.0,-1.5033857145440608,2.0,-2.0,2.0,-0.32805863496426907,-2.0,-2.0,2.0,-2.0,-2.0,-2.0,-2.0,1.4990862576734767,2.0,-2.0,-2.0,1.3132214287707846,-2.0,-2.0,-2.0,-1.0
2.0,1.6967015241418086,-2.0,-2.0,1.960985902011886,-2.0,2.0,-2.0,-2.0,-2.0,2.0,-1.8290312589081605,2.0,-2.0,2.0,2.0,-2.0,-2.0,2.0,-2.0,-2.0,-2.0,-2.0,-1.8641373090524933,1.9644371515714736,-2.0,-2.0,-0.26055219077092684,-2.0,-2.0,-2.0,1.0
2.0,2.0,-2.0,-2.0,2.0,-2.0,2.0,-2.0,-2.0,-2.0,2.0,-1.50338728590017,2.0,-2.0,2.0,-0.4687088894725178,-2.0,-2.0,2.0,-2.0,-2.0,-2.0,-2.0,1.4990855697759784,2.0,-2.0,-2.0,1.3132197401588908,-2.0,-2.0,-2.0,-1.0
2.0,2.0,-2.0,-2.0,2.0,-2.0,2.0,-2.0,-2.0,-2.0,2.0,-1.503110490682863,2.0,-2.0,2.0,-2.0,-2.0,-2.0,2.0,-2.0,-2.0,-2.0,-2.0,1.4919645509387263,2.0,-2.0,-2.0,1.3137720015361294,-2.0,-2.0,-2.0,-1.0
2.0,2.0,-2.0,-2.0,2.0,-2.0,2.0,-2.0,-2.0,-2.0,2.0,-1.5033924749480476,2.0,-2.0,2.0,0.1544128035407334,-2.0,-2.0,2.0,-2.0,-2.0,-2.0,-2.0,1.4990832191745935,2.0,-2.0,-2.0,1.3132141037539478,-2.0,-2.0,-2.0,-1.0
2.0,2.0,-2.0,-2.0,2.0,-2.0,2.0,-2.0,-2.0,-2.0,2.0,-1.5031964082657063,2.0,-2.0,2.0,2.0,-2.0,-2.0,2.0,-2.0,-2.0,-2.0,-2.0,1.4919141140253303,2.0,-2.0,-2.0,1.3136800359535739,-2.0,-2.0,-2.0,-1.0
2.0,2.0,-2.0,-2.0,2.0,-2.0,2.0,-2.0,-2.0,-2.0,2.0,-1.503596690408342,2.0,-2.0,2.0,2.0,-2.0,-2.0,2.0,-2.0,-2.0,-2.0,-2.0,1.4989940216519804,2.0,-2.0,-2.0,1.312994754176506,-2.0,-2.0,-2.0,-1.0
2.0,2.0,-2.0,-2.0,2.0,-2.0,2.0,-2.0,-2.0,-2.0,2.0,-1.5031104907939616,2.0,-2.0,2.0,-2.0,-2.0,-2.0,2.0,-2.0,-2.0,-2.0,-2.0,1.491964550931083,2.0,-2.0,-2.0,1.3137720015173482,-2.0,-2.0,-2.0,-1.0
2.0,1.6968623919013441,-2.0,-2.0,1.9610601520341475,-2.0,2.0,-2.0,-2.0,-2.0,2.0,-1.829029302754819,2.0,-2.0,2.0,-0.9448565542987489,-2.0,-2.0,2.0,-2.0,-2.0,-2.0,-2.0,-1.8641421278449184,1.9644367446711708,-2.0,-2.0,-0.2601850611485017,-2.0,-2.0,-2.0,1.0
2.0,2.0,-2.0,-2.0,2.0,-2.0,2.0,-2.0,-2.0,-2.0,2.0,-1.5031964361778616,2.0,-2.0,2.0,2.0,-2.0,-2.0,2.0,-2.0,-2.0,-2.0,-2.0,1.4919141117193084,2.0,-2.0,-2.0,1.3136800292428588,-2.0,-2.0,-2.0,-1.0
2.0,2.0,-2.0,-2.0,2.0,-2.0,2.0,-2.0,-2.0,-2.0,2.0,-1.5035966904083402,2.0,-2.0,2.0,2.0,-2.0,-2.0,2.0,-2.0,-2.0,-2.0,-2.0,1.4989940216519868,2.0,-2.0,-2.0,1.3129947541764977,-2.0,-2.0,-2.0,-1.0
2.0,-1.5070400401608972,-2.0,-2.0,1.9966259534190436,-2.0,2.0,-2.0,-2.0,-2.0,2.0,-1.985214152676121,2.0,-2.0,2.0,2.0,-2.0,-2.0,2.0,-2.0,-2.0,-2.0,-2.0,-0.4290198103742553,1.9969244269805801,-2.0,-2.0,-0.48893499278792174,-2.0,-2.0,-2.0,1.0
2.0,2.0,-2.0,-2.0,2.0,-2.0,2.0,-2.0,-2.0,-2.0,2.0,-1.503596690408127,2.0,-2.0,2.0,2.0,-2.0,-2.0,2.0,-2.0,-2.0,-2.0,-2.0,1.4989940216520377,2.0,-2.0,-2.0,1.312994754176542,-2.0,-2.0,-2.0,-1.0
2.0,1.6967888385414516,-2.0,-2.0,1.9610239802253175,-2.0,2.0,-2.0,-2.0,-2.0,2.0,-1.829030195259547,2.0,-2.0,2.0,-2.0,-2.0,-2.0,2.0,-2.0,-2.0,-2.0,-2.0,-1.8641399232163294,1.9644369303173548,-2.0,-2.0,-0.2603530684866332,-2.0,-2.0,-2.0,1.0
2.0,2.0,-2.0,-2.0,2.0,-2.0,2.0,-2.0,-2.0,-2.0,2.0,-1.5031104906261843,2.0,-2.0,2.0,-2.0,-2.0,-2.0,2.0,-2.0,-2.0,-2.0,-2.0,1.4919645509427037,2.0,-2.0,-2.0,1.3137720015461107,-2.0,-2.0,-2.0,-1.0
2.0,1.6967905521061,-2.0,-2.0,1.961026120161517,-2.0,2.0,-2.0,-2.0,-2.0,2.0,-1.8290301529564146,2.0,-2.0,2.0,1.2923433774450706,-2.0,-2.0,2.0,-2.0,-2.0,-2.0,-2.0,-1.8641400266547206,1.9644369215235853,-2.0,-2.0,-0.2603441012271835,-2.0,-2.0,-2.0,1.0
2.0,1.6967015241418097,-2.0,-2.0,1.9609859020118359,-2.0,2.0,-2.0,-2.0,-2.0,2.0,-1.8290312589081583,2.0,-2.0,2.0,2.0,-2.0,-2.0,2.0,-2.0,-2.0,-2.0,-2.0,-1.8641373090524933,1.9644371515714811,-2.0,-2.0,-0.26055219077092906,-2.0,-2.0,-2.0,1.0
2.0,1.696857522227039,-2.0,-2.0,1.9610587150639918,-2.0,2.0,-2.0,-2.0,-2.0,2.0,-1.8290293585697026,2.0,-2.0,2.0,0.3671855602062997,-2.0,-2.0,2.0,-2.0,-2.0,-2.0,-2.0,-1.8641419917358837,1.964436756283323,-2.0,-2.0,-0.2601952342696998,-2.0,-2.0,-2.0,1.0
2.0,1.6967015241417944,-2.0,-2.0,1.960985902011881,-2.0,2.0,-2.0,-2.0,-2.0,2.0,-1.8290312589081579,2.0,-2.0,2.0,2.0,-2.0,-2.0,2.0,-2.0,-2.0,-2.0,-2.0,-1.8641373090524933,1.9644371515714827,-2.0,-2.0,-0.2605521907709324,-2.0,-2.0,-2.0,1.0
2.0,2.0,-2.0,-2.0,2.0,-2.0,2.0,-2.0,-2.0,-2.0,2.0,-1.5029892320280878,2.0,-2.0,2.0,-0.4898712200133129,-2.0,-2.0,2.0,-2.0,-2.0,-2.0,-2.0,1.4920356801491756,2.0,-2.0,-2.0,1.3139017658351209,-2.0,-2.0,-2.0,-1.0
2.0,2.0,-2.0,-2.0,2.0,-2.0,2.0,-2.0,-2.0,-2.0,2.0,-1.5034762727577828,2.0,-2.0,2.0,1.238324207554225,-2.0,-2.0,2.0,-2.0,-2.0,-2.0,-2.0,1.4990459239372271,2.0,-2.0,-2.0,1.3131235778471524,-2.0,-2.0,-2.0,-1.0
2.0,1.696701524141806,-2.0,-2.0,1.9609859020119544,-2.0,2.0,-2.0,-2.0,-2.0,2.0,-1.8290312589081634,2.0,-2.0,2.0,2.0,-2.0,-2.0,2.0,-2.0,-2.0,-2.0,-2.0,-1.8641373090524922,1.9644371515714834,-2.0,-2.0,-0.26055219077093544,-2.0,-2.0,-2.0,1.0
2.0,2.0,-2.0,-2.0,2.0,-2.0,2.0,-2.0,-2.0,-2.0,2.0,-1.50301550978219,2.0,-2.0,2.0,-1.1020088683085814,-2.0,-2.0,2.0,-2.0,-2.0,-2.0,-2.0,1.4920201174586807,2.0,-2.0,-2.0,1.3138735422147851,-2.0,-2.0,-2.0,-1.0
2.0,2.0,-2.0,-2.0,2.0,-2.0,2.0,-2.0,-2.0,-2.0,2.0,-1.5029877254538884,2.0,-2.0,2.0,-0.38326969411040207,-2.0,-2.0,2.0,-2.0,-2.0,-2.0,-2.0,1.492036566575509,2.0,-2.0,-2.0,1.313903380228015,-2.0,-2.0,-2.0,-1.0
2.0,1.6967015241418033,-2.0,-2.0,1.9609859020118456,-2.0,2.0,-2.0,-2.0,-2.0,2.0,-1.8290312589081608,2.0,-2.0,2.0,2.0,-2.0,-2.0,2.0,-2.0,-2.0,-2.0,-2.0,-1.8641373090524933,1.964437151571482,-2.0,-2.0,-0.26055219077094316,-2.0,-2.0,-2.0,1.0
2.0,-1.5067839826748137,-2.0,-2.0,1.9966266880629389,-2.0,2.0,-2.0,-2.0,-2.0,2.0,-1.9852141234073764,2.0,-2.0,2.0,1.8495887180064996,-2.0,-2.0,2.0,-2.0,-2.0,-2.0,-2.0,-0.42902851938572395,1.9969244208924244,-2.0,-2.0,-0.4888763494332241,-2.0,-2.0,-2.0,1.0
2.0,2.0,-2.0,-2.0,2.0,-2.0,2.0,-2.0,-2.0,-2.0,2.0,-1.5029938197644541,2.0,-2.0,2.0,0.1488292636476309,-2.0,-2.0,2.0,-2.0,-2.0,-2.0,-2.0,1.4920329021074186,2.0,-2.0,-2.0,1.3138967975009406,-2.0,-2.0,-2.0,-1.0
2.0,2.0,-2.0,-2.0,2.0,-2.0,2.0,-2.0,-2.0,-2.0,2.0,-1.5030413406244842,2.0,-2.0,2.0,-1.4235795214204474,-2.0,-2.0,2.0,-2.0,-2.0,-2.0,-2.0,1.4920047943884602,2.0,-2.0,-2.0,1.3138457830647652,-2.0,-2.0,-2.0,-1.0
2.0,2.0,-2.0,-2.0,2.0,-2.0,2.0,-2.0,-2.0,-2.0,2.0,-1.5031104907939625,2.0,-2.0,2.0,-2.0,-2.0,-2.0,2.0,-2.0,-2.0,-2.0,-2.0,1.4919645509310788,2.0,-2.0,-2.0,1.3137720015173548,-2.0,-2.0,-2.0,-1.0
2.0,2.0,-2.0,-2.0,2.0,-2.0,2.0,-2.0,-2.0,-2.0,2.0,-1.5034131723779927,2.0,-2.0,2.0,0.5668762785543154,-2.0,-2.0,2.0,-2.0,-2.0,-2.0,-2.0,1.4990739948945067,2.0,-2.0,-2.0,1.313191736580665,-2.0,-2.0,-2.0,-1.0
2.0,1.6968151221291283,-2.0,-2.0,1.9610381335966796,-2.0,2.0,-2.0,-2.0,-2.0,2.0,-1.829029861397486,2.0,-2.0,2.0,1.0271403085266848,-2.0,-2.0,2.0,-2.0,-2.0,-2.0,-2.0,-1.8641407480014054,1.964436860876575,-2.0,-2.0,-0.26028944972536316,-2.0,-2.0,-2.0,1.0
2.0,2.0,-2.0,-2.0,2.0,-2.0,2.0,-2.0,-2.0,-2.0,2.0,-1.5029890307433023,2.0,-2.0,2.0,-0.4786502511190863,-2.0,-2.0,2.0,-2.0,-2.0,-2.0,-2.0,1.4920357989178012,2.0,-2.0,-2.0,1.3139019818465434,-2.0,-2.0,-2.0,-1.0
2.0,2.0,-2.0,-2.0,2.0,-2.0,2.0,-2.0,-2.0,-2.0,2.0,-1.5030117296283276,2.0,-2.0,2.0,-1.0439624985857556,-2.0,-2.0,2.0,-2.0,-2.0,-2.0,-2.0,1.49202235881322,2.0,-2.0,-2.0,1.31387760396244,-2.0,-2.0,-2.0,-1.0
2.0,2.0,-2.0,-2.0,2.0,-2.0,2.0,-2.0,-2.0,-2.0,2.0,-1.5031104907134916,2.0,-2.0,2.0,-2.0,-2.0,-2.0,2.0,-2.0,-2.0,-2.0,-2.0,1.4919645509364203,2.0,-2.0,-2.0,1.313772001530222,-2.0,-2.0,-2.0,-1.0
2.0,2.0,-2.0,-2.0,2.0,-2.0,2.0,-2.0,-2.0,-2.0,2.0,-1.503425532291861,2.0,-2.0,2.0,0.734739557508586,-2.0,-2.0,2.0,-2.0,-2.0,-2.0,-2.0,1.4990684927809041,2.0,-2.0,-2.0,1.3131783838664324,-2.0,-2.0,-2.0,-1.0
2.0,2.0,-2.0,-2.0,2.0,-2.0,2.0,-2.0,-2.0,-2.0,2.0,-1.5031252327159002,2.0,-2.0,2.0,1.596743164534539,-2.0,-2.0,2.0,-2.0,-2.0,-2.0,-2.0,1.4919546819009941,2.0,-2.0,-2.0,1.3137554051684155,-2.0,-2.0,-2.0,-1.0
2.0,2.0,-2.0,-2.0,2.0,-2.0,2.0,-2.0,-2.0,-2.0,2.0,-1.502990650645941,2.0,-2.0,2.0,0.03677131457774702,-2.0,-2.0,2.0,-2.0,-2.0,-2.0,-2.0,1.4920347941670733,2.0,-2.0,-2.0,1.31390021154326,-2.0,-2.0,-2.0,-1.0
2.0,2.0,-2.0,-2.0,2.0,-2.0,2.0,-2.0,-2.0,-2.0,2.0,-1.503483249785466,2.0,-2.0,2.0,-1.8152131602275177,-2.0,-2.0,2.0,-2.0,-2.0,-2.0,-2.0,1.4990430481375678,2.0,-2.0,-2.0,1.3131162144052586,-2.0,-2.0,-2.0,-1.0
2.0,2.0,-2.0,-2.0,2.0,-2.0,2.0,-2.0,-2.0,-2.0,2.0,-1.5030896298036134,2.0,-2.0,2.0,-1.8598935514815558,-2.0,-2.0,2.0,-2.0,-2.0,-2.0,-2.0,1.4919761301302037,2.0,-2.0,-2.0,1.3137938801129954,-2.0,-2.0,-2.0,-1.0
2.000648264614634,-1.0759015765590967,-1.9999867471539727,-1.9999923649377185,1.6308947679258932,-1.9999923230375705,1.9999860437191368,-1.9999928543242866,-1.999993052219155,-1.8886277844152726,1.9999888528577372,-1.9510943983217666,1.0044652859426082,-1.9999936959362417,1.9999881478119153,0.3118503833011713,-1.7828435209125875,-1.9999916984829922,1.9999880693815724,-1.99999270767135,-1.9999924560237345,-1.9999921052738758,-1.9999842693269685,-0.20343105123116856,1.9999630240587245,-1.9999883048709504,-1.9999934596389517,-0.2717482192888881,-1.9999918917771167,-1.9999908855107875,-1.9999912018542438,1.0
2.0,2.0,-2.0,-2.0,0.059336837234845535,0.9387751252979167,-0.11543259517859067,1.1659278583318384,-2.0,0.6925052061812365,-1.1486827720790833,-1.3514314382244836,1.147491532333666,0.33872852770769774,-1.10588147061672,-1.291876240482834,0.62776727540266,1.4014834820330755,-1.63126337964002,1.2670504200280492,1.1864794081898093,-2.0,-2.0,1.4439729077454717,-1.335247068897301,-2.0,0.905126775620821,-1.10800199824799,-2.0,-2.0,1.3328625859577554,-1.0
2.0006095622495814,-0.8870697857828371,-1.999990751436603,-1.9999840666717095,1.7588312172363396,-1.9999952055993953,1.999988120357425,-1.999990087088737,-1.9999894079318945,-0.1454162509876954,1.9999818569117986,-1.9457895066381687,0.6597204059863433,-1.999984701584008,1.9999946732144993,-0.78705220612485,-0.5171037679733904,-1.3420729718809525,1.9985777527362996,-1.9999263739148656,-1.999992351812779,-1.9999842678756297,-1.9999902828674565,-0.1750740030327418,1.9999959104662188,-1.9999967377776497,-1.999991181206532,-0.224992973435472,-1.9999897949603829,-1.9999907916749684,-1.9999952892932595,1.0
2.0022544127643243,1.9999842027105226,-1.9999916625236573,-1.999996478229914,1.999985257398348,-1.9999948822556486,1.999985738681609,-1.9999948156633918,-1.999995704230991,-1.275010448619441,1.999991230518183,-1.5896385703123463,0.7043099918266847,-1.9999917386657227,1.9999882658589665,1.4381325900497814,-1.496636821625506,-1.9999937835438828,0.8880130316150529,-1.8627760664599582,-1.9999918161188308,-1.999995448408358,-1.9999911565628012,1.1267427621233632,1.32749137684242,-1.999988961703301,-1.9999942836848708,1.1019597176939564,-1.9999969192917417,-1.9999891026379635,-1.9999917161312708,-1.0
2.0,2.0,-2.0,-2.0,-0.9541403051283421,0.899133375692723,-0.09629116014617758,-0.3359277614191532,-2.0,0.5934557091947434,0.49925723770974684,-1.204896377478205,-0.8697084631293827,-0.23892971512576514,-0.7793751124279269,-0.9886543359976725,-0.33962101472170586,-0.43573773803677407,-0.9323374648013043,-0.374968367446085,-0.4299398783207055,-2.0,-2.0,0.7322909828894684,-0.5216260233468418,-2.0,0.42105517138534887,-0.638697337723195,-2.0,-2.0,0.00019301321804282567,-1.0
2.002738192327484,1.4346654761879338,-1.9999790310586143,-1.9997763352739488,1.9997943051206883,-0.5541971162189802,1.9998017339429044,-1.9997699819420796,-1.9999774726595076,1.4534935707879875,1.9997909626393087,-1.7513969709368862,0.2356658327707517,-1.9997789647126305,1.9997907973802098,-0.2826522399360265,1.4592972228085297,0.49404821263812354,-0.18738626210226147,-0.05765504493630494,-0.14082250858138837,-1.9999808446514409,-1.9999795072912163,-1.8372777802107592,-0.16903098538427502,-1.999983410376354,-1.999767043610147,0.43114830530234455,-1.9999792556774656,-1.9999810484193927,-0.8151576734215279,1.0
2.0,2.0,-2.0,-2.0,2.0,0.9383714710281092,2.0,0.23857672758613457,-2.0,-0.03074039947476489,-0.0016005827749456802,-0.9324440860564087,-0.3069810289748579,-1.8549888538781347,-0.1797019619802332,-0.40840400470260346,-0.43470716652896313,0.38453876299458245,-1.4019663072120412,0.6445970302326334,0.915425171666624,-2.0,-2.0,1.6327391960825546,-1.3632349609374688,-2.0,-0.34153395808547277,-0.11346332276895299,-2.0,-2.0,0.8155151342156884,-1.0
2.0025108159327987,1.999983690678233,-1.9999963866504427,-1.9999966972369223,1.9999848655852799,0.23726661031892768,1.9999919878267112,-1.999993691171013,-1.9999934050541037,0.799345789126556,2.000000028542994,-1.5803477055744912,0.25182623888548805,-1.9999914682861628,1.9999881222877054,2.0000038895393097,-0.6003760621413474,-1.8794254902462153,1.999990486363236,0.3229783901881136,-1.9999718280483654,-1.9999960289922116,-1.9999964931787027,1.0333999208243616,0.7311240555618418,-1.9999791727092706,-1.9999916946998362,1.1577383002712756,-1.9999934145265075,-1.999984223222776,-1.9999883390550335,-1.0
2.0004015370374226,1.9997829975474468,-1.999994418277183,-1.9997889080903952,-0.5714822619644235,0.809649526000417,-0.6092251508403839,0.8231406165961861,-1.9999941007484667,1.1504542812537037,-1.291735006306429,-1.5898402845107638,-0.0463395695359057,0.6903948728381472,-1.366480715074127,-0.3860812260564693,-0.24191313890772143,0.038336746254125316,-1.2500867182629023,0.4747883027314982,0.1655908776516502,-1.999992926049445,-1.9999909361721835,1.4587101908902287,-1.0273362178561563,-1.999989194778619,1.1704812439496184,-1.306940872558994,-1.9999931422118291,-1.9999865847249845,0.5838471137980472,-1.0
2.0,2.0,-2.0,-2.0,2.0,0.7774646405234181,2.0,0.2886868446467175,-2.0,0.44147695374305085,0.046456552517430694,-0.9315916980147256,-0.9891163568543305,-1.697159114276697,-0.22741329248035397,-0.41932876363549043,-0.40799435885910523,-0.1681533326112099,-1.416656387846221,1.074410182740769,0.3930779724346618,-2.0,-2.0,1.6179206253979386,-1.181065114651151,-2.0,-0.23807261492533704,-0.16286253437079207,-2.0,-2.0,0.912848937019941,-1.0
2.0,1.216857645872686,-2.0,-2.0,2.0,-0.6088625820608168,2.0,-0.6705232862654662,-2.0,0.22756821997218396,2.0,-1.1229724193504396,0.2803647537410108,-2.0,2.0,0.8359367782653628,1.9546795519420506,0.5304046822679228,1.85471606169495,-1.3591867845593948,-0.0973299563775408,-2.0,-2.0,0.23030038224340021,0.898561773844685,-2.0,-0.7533543551039961,-0.1166538533967651,-2.0,-2.0,0.2714502736705916,1.0
2.0018770647050594,-1.6564347737715044,-1.9999859148063965,-1.9999829716366682,0.473958793331118,-1.9999887284344713,1.9999928397286573,-1.9999844500670132,-1.9999836940163118,-0.8123697198031429,1.9999876126356113,-1.8682179035899076,2.000004523871073,-1.9999843019820889,1.9999934895800688,1.6364419248710305,-0.5536781789558065,-1.9999690402110604,2.000008054736215,-1.9999861471560452,-1.999985854053359,-1.999985769309693,-1.9999865755670374,-0.3271166740259581,1.9999939986322766,-1.9999918644967871,-1.9999907199841587,-0.4736744392835356,-1.9999853275463848,-1.9999928638740954,-1.9999924473785937,1.0
2.0,2.0,-2.0,-2.0,1.249603515803093,-0.6171402661609028,1.0924981072462594,0.6682263117325675,-2.0,0.664617661947885,-0.49153587828573164,-1.1403391584791087,0.8930240264983025,-0.8199429241562204,-0.6603788485852172,-0.3410475993042729,0.09180024054891318,0.006999727279840572,-1.3661966372971819,1.507537894685383,0.15935225314611284,-2.0,-2.0,1.5140276417314915,-1.3122728296590909,-2.0,0.26407253669902725,-0.6126471508228137,-2.0,-2.0,0.12798790082371492,-1.0
2.0,2.0,-2.0,-2.0,2.0,1.0104807280194386,2.0,0.3497844796684365,-2.0,1.1621814749391528,-0.04475664306445805,-0.9605327581136209,0.4577676840069065,-1.626359986411049,-0.2754708418884355,-0.231839222462241,0.18315223034582545,0.9759038972672932,-1.3556016023194117,1.125446454736123,1.0588624654722394,-2.0,-2.0,1.6040210501302834,-1.4135430452200695,-2.0,-0.191610417533333,-0.15316036823633783,-2.0,-2.0,0.9325904857925218,-1.0
2.0,0.8253468808559217,-2.0,-2.0,2.0,-1.8217002905735968,2.0,-2.0,-2.0,-1.0447943878534427,2.0,-1.407023108609212,-0.49172497134777937,-2.0,2.0,-0.756266310966442,-1.1614603220010087,-1.3559480314324293,0.440649966705859,-2.0,-1.95547905278158,-2.0,-2.0,0.22647531352470773,1.1857100394306777,-2.0,-2.0,-0.24483914490405081,-2.0,-2.0,-1.8581011994082703,1.0
2.0,2.0,-2.0,-2.0,2.0,1.0928053943465053,2.0,0.10262989875863882,-2.0,1.727627111350092,0.4577940683570085,-0.851853573220861,0.4288384795122005,-2.0,0.009748376652289392,1.7297191024934804,1.679178882476014,1.268585227143851,-1.1847656558970847,1.0910019344069892,1.1621479245224862,-2.0,-2.0,1.663168801299241,-1.3252807921765062,-2.0,-0.45851632981042734,0.13115430961408414,-2.0,-2.0,0.8888590184543974,-1.0
2.001117530790899,1.999781926769113,-1.9999739919623065,-1.999790134515128,0.5762364367444509,0.6111262575458868,0.4330077866702309,0.8913663659748767,-1.9999956213111738,0.5664672057315366,-0.7956018253046955,-1.270246645291126,0.4841639013988098,-0.2789112082859754,-0.9210350107253875,-0.9662085299620224,-0.6086718752502601,0.16587259155675893,-1.6647126240484311,1.3145362746440896,1.108454399615189,-1.9999942372807349,-1.9999776497228277,1.4694811536742654,-1.6128154702301796,-1.9999971954814943,0.5434728120679589,-0.9104523730927976,-1.9999965498292893,-1.9999902443025817,1.2620951197333834,-1.0
2.002307628516272,1.99998670394762,-1.9999956105712675,-1.9999939039372647,1.999986887783854,-0.6305672549250223,1.9999883035599078,-1.9999630648879638,-1.9999939685895656,-0.3985073658271794,1.9999748607968975,-1.699992051319257,0.09393742047339891,-1.9999934327359703,1.9424994264144189,-0.6554464918286276,-0.5132202022048336,-0.3869954543839333,0.1486555078963539,-1.1834089238425531,-1.0583345312806196,-1.9999941972431383,-1.9999932975099068,1.6988305491087978,0.05270497432285787,-1.9999897244833762,-1.9999754800703287,1.537178890111467,-1.9999932901467818,-1.9999900097140013,-0.9316841550187307,-1.0
2.0,2.0,-2.0,-2.0,2.0,1.1066601358415435,1.8157943174933622,0.47020156582683004,-2.0,0.7428782479996199,-0.18428561255369524,-1.0195151215677574,-1.7404667712617148,-1.4092065720734201,-0.3827618856645717,-1.189440223840843,0.2740196404286268,1.37804099051168,-1.430031659594758,1.230446080056486,1.1801474963103493,-2.0,-2.0,1.561545886871654,-1.3771669546001044,-2.0,-0.05318816499904809,-0.25625789716839653,-2.0,-2.0,0.9614307413398772,-1.0
2.0,2.0,-2.0,-2.0,-0.5161519168243902,-1.1018277697079892,-0.8409402984129459,-1.055889777949274,-2.0,0.03269422873614843,-1.1698548908719701,-0.6219843338032958,-0.009327189688652926,-0.0036615224415109393,-0.21421402522588825,0.14884195378322038,-0.9396584162055779,-1.0232137835764759,-1.2608130708284162,0.18470359556385255,-0.2827824852918946,-2.0,-2.0,1.5339578808478036,-0.46489577727203885,-2.0,-1.161802085677295,-1.3599319766746463,-2.0,-2.0,-1.1433622008754851,-1.0
2.0005708598845287,-0.6855349182348845,-1.999989514160211,-1.999985898343378,1.8205283912193924,-1.999994569235758,1.999986924023781,-1.9999912874396863,-1.999989446581044,0.5826452520791024,1.9999817267267184,-1.8561562580472954,0.389785083567612,-1.9999891497097149,1.9999917816640502,-0.931436399040148,-1.5340202137590122,-1.7973615058864845,1.290657393210286,1.6518721422429588,-1.999993785193571,-1.9999860095352728,-1.9999886299321146,-0.14741488109857803,1.9999703273257123,-1.9999956572076174,-1.9999944466508544,-0.2097196946205887,-1.9999900378332045,-1.999974831852006,-1.9999964410756437,1.0
2.001296529229268,1.9997812266433292,-1.9999890867361292,-1.9997903913440225,0.9082619777709233,1.3793765134611422,0.9115882951604452,0.8588432557037989,-1.9999928489978738,-0.24785220593691773,-0.5169452425223544,-1.1820661273042923,0.308635473572006,-0.5323590075547688,-0.7793231184955727,0.5777267188633318,1.5279387676342913,1.6470447570540847,0.15540437622389075,1.5051577701324566,1.532610520930784,-1.9999949079153165,-1.9999906921658663,1.491085478634802,-1.581676056227034,-1.999990084683385,0.482777297716137,-0.6726220658664119,-1.9999924297835312,-1.999992637102425,1.2574242670502123,-1.0
2.002433411202693,1.9999836536207183,-1.9999975452057406,-1.9999963926009314,1.9999213251467916,1.4806505058335944,2.0000012763556216,-1.9172458168806723,-1.9999898754675913,1.8236738553034384,2.000012403333952,-1.6600921351198306,-0.05813689141366811,-1.9999655471399278,1.8099258003277603,0.9537362584643587,0.8759240614104876,-0.5384767811017623,1.999990975264789,-0.23899941167108707,1.4318029378500803,-1.9999963192599497,-1.999997642348677,1.292230066075859,-0.3220661229414597,-1.9999780709496933,-1.9999028813689101,1.6088583492221318,-1.9999912154097472,-1.9999892512115052,1.0655534302241125,-1.0
2.0012771780467418,1.5092395542833963,-1.9999770176648284,-1.9997772113019818,1.9997964221884348,0.46962325763003665,1.9997868301555777,-1.1035204442247128,-1.9999856439527326,0.4571726570158353,1.3238623414580992,-1.7807392142420335,0.3230213877677944,-1.999774234219306,1.3000977918290577,-0.9347769728209416,0.0008432068118061319,1.025922579536818,-1.0252342134299828,0.7334554919951936,0.685991086239037,-1.9999740883311956,-1.9999734150551776,-1.8484750338873526,1.9678274549791415,-1.999988686258569,-1.6544071076446427,0.2948644784255786,-1.9999865492687803,-1.9999905805458265,0.29665811626939675,1.0
2.0018915780919544,-1.6564403473087714,-1.9999895591517105,-1.9999882476591793,0.5040585088285042,-1.999983568717405,1.999995074838617,-1.999984237639407,-1.999985061709515,-0.7052104279245932,1.9999935053996607,-1.86613029800229,0.9722678052017676,-1.9999859960620119,1.9999931503393258,0.24789196200173857,-0.8924473576652479,-1.999969376153511,1.9999939262153137,-1.9999915079367356,-1.9999895252677897,-1.9999853889380115,-1.9999873862945048,-0.3272797170478352,1.999994389492299,-1.999982753548841,-1.999986110848389,-0.4666846062397886,-1.999983149038634,-1.9999880860913186,-1.9999855152963955,1.0
2.0,2.0,-2.0,-2.0,2.0,-2.0,2.0,-1.9489447044352892,-2.0,-0.13169537909966947,0.35934444954629075,-0.6012696464799723,-1.0742436873535872,-2.0,0.6570863358961114,-1.2282907874860074,-0.8234094445217854,-1.0768995714737246,-0.7611272935282055,-1.3514772697612434,-1.1310504948110607,-2.0,-2.0,1.6479849704592482,0.08618290671587038,-2.0,-1.8743526210660997,0.6842595247199332,-2.0,-2.0,-1.0595589599205768,-1.0
2.0024188978157986,-1.656442639874811,-1.9999844750784166,-1.9999902525423152,-0.009538279448255194,-1.9999834999239512,1.999996164934269,-1.9999874782416487,-1.9999879965969372,-1.3625942694495987,1.999996883443676,-1.820098211827506,1.9999930530754446,-1.9999900661333414,1.999990187532985,1.3593353405938071,-1.999986790418379,-1.9999898650411743,1.9999937458816437,-1.999988101848019,-1.999984473675456,-1.9999905838427843,-1.9999846077791508,-0.3169942177745755,1.9999895377347892,-1.999980359275405,-1.9999859478824054,-0.8014792795641588,-1.9999875649252707,-1.9999844578074861,-1.999981122486044,1.0
2.001190097725373,1.9997842193375714,-1.99999615046926,-1.999787315333264,0.6916786382787894,1.3000380248387213,0.6761121299010986,1.0061171720559603,-1.9999914613487637,-0.13770896893693807,-0.6866114528306998,-1.256631974095894,-1.8492529960768374,-0.31080334513727453,-0.8867926241580357,-0.6164107426315666,1.876890865806072,1.6982335837168665,-1.4776404219661015,1.2154360787421634,1.569870586065017,-1.9999922053678674,-1.9999966033836871,1.4712448340174902,-1.576782728463917,-1.9999918009329904,0.7877542826343267,-0.5633146591083291,-1.9999872705308932,-1.9999923712365284,1.4593691936945807,-1.0
2.0,1.6967015241418109,-2.0,-2.0,1.9609859020118219,-2.0,2.0,-2.0,-2.0,-2.0,2.0,-1.8290312589081612,2.0,-2.0,2.0,2.0,-2.0,-2.0,2.0,-2.0,-2.0,-2.0,-2.0,-1.8641373090524933,1.9644371515714745,-2.0,-2.0,-0.260552190770934,-2.0,-2.0,-2.0,1.0
2.0,2.0,-2.0,-2.0,2.0,-2.0,2.0,-2.0,-2.0,-2.0,2.0,-1.503466800362922,2.0,-2.0,2.0,-1.6782928210545216,-2.0,-2.0,2.0,-2.0,-2.0,-2.0,-2.0,1.4990503415883014,2.0,-2.0,-2.0,1.3131339652757699,-2.0,-2.0,-2.0,-1.0
2.0,2.0,-2.0,-2.0,2.0,-2.0,2.0,-2.0,-2.0,-2.0,2.0,-1.503509985819575,2.0,-2.0,2.0,-2.0,-2.0,-2.0,2.0,-2.0,-2.0,-2.0,-2.0,1.4990319089278432,2.0,-2.0,-2.0,1.313087909871382,-2.0,-2.0,-2.0,-1.0
2.0,2.0,-2.0,-2.0,2.0,-2.0,2.0,-2.0,-2.0,-2.0,2.0,-1.5030092027775945,2.0,-2.0,2.0,0.48230708432688096,-2.0,-2.0,2.0,-2.0,-2.0,-2.0,-2.0,1.4920237348610887,2.0,-2.0,-2.0,1.3138802372119245,-2.0,-2.0,-2.0,-1.0
2.0,1.696701524141797,-2.0,-2.0,1.9609859020118605,-2.0,2.0,-2.0,-2.0,-2.0,2.0,-1.8290312589081585,2.0,-2.0,2.0,2.0,-2.0,-2.0,2.0,-2.0,-2.0,-2.0,-2.0,-1.8641373090524935,1.9644371515714774,-2.0,-2.0,-0.2605521907709252,-2.0,-2.0,-2.0,1.0
2.0,2.0,-2.0,-2.0,2.0,-2.0,2.0,-2.0,-2.0,-2.0,2.0,-1.503196436177865,2.0,-2.0,2.0,2.0,-2.0,-2.0,2.0,-2.0,-2.0,-2.0,-2.0,1.4919141117192485,2.0,-2.0,-2.0,1.3136800292428694,-2.0,-2.0,-2.0,-1.0
2.0,2.0,-2.0,-2.0,2.0,-2.0,2.0,-2.0,-2.0,-2.0,2.0,-1.503110489160852,2.0,-2.0,2.0,-2.0,-2.0,-2.0,2.0,-2.0,-2.0,-2.0,-2.0,1.4919645510530628,2.0,-2.0,-2.0,1.3137720018342247,-2.0,-2.0,-2.0,-1.0
2.0,2.0,-2.0,-2.0,2.0,-2.0,2.0,-2.0,-2.0,-2.0,2.0,-1.5031104907939563,2.0,-2.0,2.0,-2.0,-2.0,-2.0,2.0,-2.0,-2.0,-2.0,-2.0,1.4919645509310866,2.0,-2.0,-2.0,1.3137720015173464,-2.0,-2.0,-2.0,-1.0
2.0,1.6967015241417964,-2.0,-2.0,1.9609859020118692,-2.0,2.0,-2.0,-2.0,-2.0,2.0,-1.8290312589081585,2.0,-2.0,2.0,2.0,-2.0,-2.0,2.0,-2.0,-2.0,-2.0,-2.0,-1.8641373090524935,1.9644371515714814,-2.0,-2.0,-0.2605521907709355,-2.0,-2.0,-2.0,1.0
2.0,2.0,-2.0,-2.0,2.0,-2.0,2.0,-2.0,-2.0,-2.0,2.0,-1.5034201137098238,2.0,-2.0,2.0,-1.1852468798615403,-2.0,-2.0,2.0,-2.0,-2.0,-2.0,-2.0,1.4990710390042707,2.0,-2.0,-2.0,1.3131843397893452,-2.0,-2.0,-2.0,-1.0
2.0,1.6967958771448495,-2.0,-2.0,1.9610287265807327,-2.0,2.0,-2.0,-2.0,-2.0,2.0,-1.829030089761433,2.0,-2.0,2.0,1.2386299345216407,-2.0,-2.0,2.0,-2.0,-2.0,-2.0,-2.0,-1.864140183011307,1.964436908378425,-2.0,-2.0,-0.2603322550564092,-2.0,-2.0,-2.0,1.0
2.0,1.6967015241418109,-2.0,-2.0,1.960985902011828,-2.0,2.0,-2.0,-2.0,-2.0,2.0,-1.8290312589081583,2.0,-2.0,2.0,2.0,-2.0,-2.0,2.0,-2.0,-2.0,-2.0,-2.0,-1.8641373090524938,1.9644371515714851,-2.0,-2.0,-0.26055219077093045,-2.0,-2.0,-2.0,1.0
2.0,-1.507040040160928,-2.0,-2.0,1.996625953419044,-2.0,2.0,-2.0,-2.0,-2.0,2.0,-1.9852141526761207,2.0,-2.0,2.0,2.0,-2.0,-2.0,2.0,-2.0,-2.0,-2.0,-2.0,-0.4290198103742524,1.996924426980579,-2.0,-2.0,-0.4889349927879266,-2.0,-2.0,-2.0,1.0
2.0,2.0,-2.0,-2.0,2.0,-2.0,2.0,-2.0,-2.0,-2.0,2.0,-1.5033922398340223,2.0,-2.0,2.0,0.14733645015109825,-2.0,-2.0,2.0,-2.0,-2.0,-2.0,-2.0,1.4990833241402448,2.0,-2.0,-2.0,1.313214357967597,-2.0,-2.0,-2.0,-1.0
2.0,2.0,-2.0,-2.0,2.0,-2.0,2.0,-2.0,-2.0,-2.0,2.0,-1.5035297481553134,2.0,-2.0,2.0,1.6290011924674228,-2.0,-2.0,2.0,-2.0,-2.0,-2.0,-2.0,1.4990221578605656,2.0,-2.0,-2.0,1.3130658252844774,-2.0,-2.0,-2.0,-1.0
2.0,1.6967015241418055,-2.0,-2.0,1.9609859020118707,-2.0,2.0,-2.0,-2.0,-2.0,2.0,-1.8290312589081585,2.0,-2.0,2.0,2.0,-2.0,-2.0,2.0,-2.0,-2.0,-2.0,-2.0,-1.8641373090524938,1.964437151571486,-2.0,-2.0,-0.2605521907709344,-2.0,-2.0,-2.0,1.0
2.0,-1.5070400401608368,-2.0,-2.0,1.996625953419043,-2.0,2.0,-2.0,-2.0,-2.0,2.0,-1.9852141526761207,2.0,-2.0,2.0,2.0,-2.0,-2.0,2.0,-2.0,-2.0,-2.0,-2.0,-0.42901981037424397,1.996924426980579,-2.0,-2.0,-0.4889349927879233,-2.0,-2.0,-2.0,1.0
2.0,2.0,-2.0,-2.0,2.0,-2.0,2.0,-2.0,-2.0,-2.0,2.0,-1.5035966904083349,2.0,-2.0,2.0,2.0,-2.0,-2.0,2.0,-2.0,-2.0,-2.0,-2.0,1.4989940216519904,2.0,-2.0,-2.0,1.3129947541765128,-2.0,-2.0,-2.0,-1.0
2.0,1.6967888385414573,-2.0,-2.0,1.9610239802253173,-2.0,2.0,-2.0,-2.0,-2.0,2.0,-1.8290301952595485,2.0,-2.0,2.0,-2.0,-2.0,-2.0,2.0,-2.0,-2.0,-2.0,-2.0,-1.8641399232163294,1.9644369303173619,-2.0,-2.0,-0.26035306848662576,-2.0,-2.0,-2.0,1.0
2.0,2.0,-2.0,-2.0,2.0,-2.0,2.0,-2.0,-2.0,-2.0,2.0,-1.5034098369069306,2.0,-2.0,2.0,0.5153766689607,-2.0,-2.0,2.0,-2.0,-2.0,-2.0,-2.0,1.4990754802412831,2.0,-2.0,-2.0,1.3131953403116332,-2.0,-2.0,-2.0,-1.0
2.0,1.6967015241418102,-2.0,-2.0,1.960985902011935,-2.0,2.0,-2.0,-2.0,-2.0,2.0,-1.8290312589081603,2.0,-2.0,2.0,2.0,-2.0,-2.0,2.0,-2.0,-2.0,-2.0,-2.0,-1.8641373090524926,1.964437151571474,-2.0,-2.0,-0.26055219077093805,-2.0,-2.0,-2.0,1.0
2.0,2.0,-2.0,-2.0,2.0,-2.0,2.0,-2.0,-2.0,-2.0,2.0,-1.502999635644868,2.0,-2.0,2.0,-0.8191351112439542,-2.0,-2.0,2.0,-2.0,-2.0,-2.0,-2.0,1.4920295261697387,2.0,-2.0,-2.0,1.3138905967147592,-2.0,-2.0,-2.0,-1.0
2.0,2.0,-2.0,-2.0,2.0,-2.0,2.0,-2.0,-2.0,-2.0,2.0,-1.5031888283451562,2.0,-2.0,2.0,1.983994209434796,-2.0,-2.0,2.0,-2.0,-2.0,-2.0,-2.0,1.4919168360379014,2.0,-2.0,-2.0,1.3136869979480508,-2.0,-2.0,-2.0,-1.0
2.0,2.0,-2.0,-2.0,2.0,-2.0,2.0,-2.0,-2.0,-2.0,2.0,-1.5033861259563313,2.0,-2.0,2.0,-0.381777281400994,-2.0,-2.0,2.0,-2.0,-2.0,-2.0,-2.0,1.4990860787951377,2.0,-2.0,-2.0,1.3132209875928982,-2.0,-2.0,-2.0,-1.0
2.0,1.6967015241418046,-2.0,-2.0,1.9609859020118785,-2.0,2.0,-2.0,-2.0,-2.0,2.0,-1.829031258908159,2.0,-2.0,2.0,2.0,-2.0,-2.0,2.0,-2.0,-2.0,-2.0,-2.0,-1.8641373090524935,1.9644371515714867,-2.0,-2.0,-0.2605521907709356,-2.0,-2.0,-2.0,1.0
2.0,2.0,-2.0,-2.0,2.0,-2.0,2.0,-2.0,-2.0,-2.0,2.0,-1.5034732501627581,2.0,-2.0,2.0,1.2131536403099636,-2.0,-2.0,2.0,-2.0,-2.0,-2.0,-2.0,1.4990472677717497,2.0,-2.0,-2.0,1.313126842364759,-2.0,-2.0,-2.0,-1.0
2.0,1.6967015241418,-2.0,-2.0,1.9609859020118667,-2.0,2.0,-2.0,-2.0,-2.0,2.0,-1.8290312589081585,2.0,-2.0,2.0,2.0,-2.0,-2.0,2.0,-2.0,-2.0,-2.0,-2.0,-1.8641373090524935,1.9644371515714774,-2.0,-2.0,-0.2605521907709277,-2.0,-2.0,-2.0,1.0
2.0,2.0,-2.0,-2.0,2.0,-2.0,2.0,-2.0,-2.0,-2.0,2.0,-1.5035966904083333,2.0,-2.0,2.0,2.0,-2.0,-2.0,2.0,-2.0,-2.0,-2.0,-2.0,1.498994021652021,2.0,-2.0,-2.0,1.3129947541765052,-2.0,-2.0,-2.0,-1.0
