5.0,4.3588648514383905,4.999999944174828,-0.0019453587273643219,5.0,4.697096307825746,4.999999999788146,-4.999999999999999,-4.999999897108756,4.999999999999845,-5.0,5.0,5.0,5.0,4.999999999572848,-2.7357067257745196,-1.3835833060551888,-1.3749177566185518,5.0,3.62671065280919,5.0,5.0,4.999999999968482,-4.999999999996546,5.0,-5.0,-5.0,-5.0,-4.999999999999999,-5.0,-2.987890003106749,-5.0,5.0,0.012824536974825562,-3.7867093591653025,5.0,-5.0,2.71693567202135,2.267619835912752,5.0,-5.0,0.4911631973099433,0.560096675998448,0.8229144081038231,0.8998613004795503,4.999999999999999,-2.793514217088896,5.0,-1.4297568561638856,5.0,-4.768606825780328,1.9570304167948376,5.0,5.0,5.0,1.158001824061246,5.0,-0.3065742751020649,5.0,5.0,2.467986477209118,1.0
5.0,3.8176915467859867,4.396295729852863,-0.06718820092858532,5.0,4.691718721472443,4.783813365447459,-4.319206321992601,-3.993429552171382,4.923885390283241,-4.396422259154522,4.999999999925686,5.0,4.999999999999967,4.033700974501905,-2.907884366484115,-0.5137798904636284,-1.5524696133146085,5.0,3.5573233854380746,5.0,3.561747381678282,2.1234355158373175,-4.999999971034877,5.0,-4.999999999999995,-5.0,-5.0,-4.965177556074208,-5.0,-2.833230460237254,-5.0,5.0,1.9898406407729647,-0.054468879744357754,5.0,-5.0,4.999999961187736,2.354375333832326,5.0,-4.999999994956383,0.7122316096649499,0.6605918509331011,1.0914147059469808,1.0435161695246455,4.999996206948666,-2.690233373452498,5.0,-0.7062354844223202,4.999999999999999,-4.752261833770016,2.00922701864162,4.999999999999979,5.0,5.0,1.1311305274870358,5.0,-0.3660355973075914,5.0,4.999999999649092,2.438213164937447,1.0
5.0,3.6986105926654482,3.7307501377960026,-0.10558698828211671,5.0,4.678687511545953,4.459362685171312,-4.9999897721401965,-4.090014309164692,4.999999560962624,-4.473186236915619,4.9999999991736415,5.0,4.999716278190914,3.4927085071878587,-3.135952841931642,-2.4710683278117442,-1.7401495252060453,5.0,3.539774447784334,5.0,4.4351682033895,3.5186200786986013,-4.983167134749719,5.0,-4.999999999999997,-5.0,-5.0,-4.998861075074452,-5.0,-2.921775118206285,-5.0,5.0,0.9309463168540468,-1.5087497625603419,5.0,-5.0,3.585385898376947,2.3540768494073014,4.999999999999992,-5.0,0.44712491356697026,0.5644135499081716,0.8024089092315458,0.9298308459317725,4.997251138648068,-2.896153284312545,5.0,-1.2934564912209698,5.0,-4.924247667188572,1.8683590222004973,4.999999997985199,5.0,5.0,1.0716816588438298,5.0,-0.42479694213631003,5.0,4.999999997825258,2.4141363615980445,1.0
5.0,3.6747322417163537,3.849981441001899,-0.08100841206943032,5.0,4.686387626608167,2.9344378918098206,-4.999612491383963,-3.7198046197564647,4.9998762164047506,-4.514576945109298,4.999999996762064,5.0,4.99999999999631,3.9400837959658848,-2.890417596491144,-2.076874683310162,-1.5934640013956094,5.0,3.6078995333036277,5.0,3.9652428074070634,2.869636338474735,-4.999990384619868,5.0,-4.999999999999972,-5.0,-5.0,-4.971371789072708,-5.0,-2.8687903244125925,-5.0,4.999999999999702,-0.09086823297535408,-3.2288433421171474,4.999999999999994,-5.0,2.451030483754125,2.3437313733537084,4.999999999999999,-4.9999999999999964,0.4845474465944335,0.6026096635546847,1.0121031699364573,0.9748054831489139,4.99999050957286,-2.779485791593666,5.0,-0.6175910813169107,5.0,-4.823264534350582,1.9450819289969983,4.999999998980103,5.0,5.0,1.109729727937563,5.0,-0.3809925700822475,5.0,4.999999968414352,2.4262006035389603,1.0
0.46873507132154296,-2.8897781559363027,-4.48004366197304,0.13565857994567349,-5.0,-3.026890595963234,-4.161171853182012,4.9475580090546725,3.176912626932264,-5.0,3.5109011984616223,-4.997792155835799,-3.9515065152247413,-1.0347114915622497,-3.389293052826444,3.566749506947723,1.868829987481331,3.8832221581333686,-5.0,-1.064230771353205,-2.8249366630833115,-2.8742713445579735,-2.9696526056673043,2.7822804083779515,-5.0,5.0,0.23143809587128603,0.34335352175811573,-1.3131793195285295,5.0,-2.9789556156554595,5.0,-5.0,-0.44741248946252427,2.2370461508718638,-5.0,5.0,-2.9997404582274463,1.0839103821873959,-5.0,5.0,0.059124303908291015,1.220070277537799,-0.5151319946416465,0.6161647655108003,-5.0,2.426070658567823,-5.0,-0.10092100971439573,-5.0,3.5377492646117887,-0.27992483141190677,-3.039304629871335,-4.681235341645517,-3.456296721665363,0.3741131257355797,-2.837697955963823,0.1907889112100204,-3.7057623305951286,-2.212686768189977,-0.39322597396236253,-1.0
3.360144735746051,-1.7926117523652492,-1.6228724317760959,3.893348670850386,-1.418109913513423,1.2910357362464218,-1.3616709988699947,1.1004900159850954,0.958518682599062,-1.1119707192341097,2.292576351699212,-0.8208976121252063,0.5967373197591765,1.6378067855413265,-0.47840496497996815,1.09915221238507,0.2964037724850162,3.961979204572778,-4.967141824230092,0.01390372504318272,-0.7139749803543044,-0.7114044652355103,-0.7281695507290307,1.4340108536809264,-4.707408332768676,2.9913568075816284,-1.5597478676758156,-0.11525631370479675,-3.160822219089755,4.9919739910315615,-4.864739254971935,5.0,-1.1685140331037673,0.792739315991668,0.3705418879285599,-4.392129683176943,4.746415413781603,-0.9086473959622059,2.5911954893998606,-1.5415063964603029,2.970272766227764,-0.03137699780131612,1.4173204991428854,1.070354848575399,2.7211447809845266,0.12328902802213909,1.606622355302118,-3.060971177355471,1.7885535198615525,-1.9176720567877072,2.6106528334235946,2.2439757501303634,1.530246992312113,0.6903646323389888,0.9226455123972931,1.903700912148842,1.802183449003857,0.1708250407756675,-0.2345231514961068,-0.9027158800607058,-0.09028700769573034,-1.0
5.0,2.8346897134004094,3.446720627255398,-0.21165724541650494,5.0,4.641804947665615,1.7594651059087527,-4.999982533411552,-3.35325775694091,3.9492530404082995,-3.953843129484527,4.169436812848961,4.999999999997224,4.999745895325733,2.984480356660298,-3.0779621626223705,-1.8198641882992541,-1.818830625254245,4.999999999999994,3.5477754512853634,5.0,4.0920486980711805,3.259347618270226,-4.9811468819242,4.999999999999186,-4.999999999994539,-4.9999999999999645,-4.999999999999935,-4.876092915586037,-5.0,-2.695528882191966,-5.0,4.960620025545589,-0.5999569172818152,-2.47705802638618,4.999999999333019,-5.0,2.426147389097003,2.3955879288095567,4.9999999996810125,-4.9999999160499415,0.34097617573618216,0.4335319199372932,0.6699113628598949,0.867440710193023,3.945384045835912,-2.903948731993465,4.999999999963808,-1.0634482106190037,4.999999992997756,-4.907623131420824,1.8162968270896882,4.999887846265373,5.0,5.0,1.044700407589267,5.0,-0.48868235647744224,5.0,4.931235211252222,2.3117873095719568,1.0
5.0,4.900520128569463,5.0,0.02058188062839776,5.0,4.6962692782581605,5.0,-5.0,-5.0,5.0,-5.0,5.0,5.0,5.0,5.0,-2.687236374886277,0.050829000138299205,-1.3318763767067934,5.0,3.647440169261385,5.0,5.0,5.0,-5.0,5.0,-5.0,-5.0,-5.0,-5.0,-5.0,-2.983299530570989,-5.0,5.0,0.04443963046312853,-4.00575147029726,5.0,-5.0,3.8898017917852123,2.252100817861398,5.0,-5.0,0.5752573383001455,0.5678353912700571,1.0107060230293532,0.8986171850076924,5.0,-2.76122715747746,5.0,0.390484771950356,5.0,-4.725082730001563,1.9803636497933699,5.0,5.0,5.0,1.1770887743344405,5.0,-0.2744752044140312,5.0,5.0,2.480607003879163,1.0
5.0,3.7505894458449327,4.009615502001894,-0.10789681022721279,5.0,4.681605230812297,4.60996665286247,-4.983896784760878,-3.749482843939557,4.999876876274645,-4.8986301920684,4.999999999141976,5.0,4.984700295263135,2.9296177429128014,-3.0199746068281663,-2.562868978455977,-1.6345811509847334,5.0,3.550224335987429,5.0,4.1349796274173585,2.97868912416334,-4.999991875727482,5.0,-5.0,-5.0,-5.0,-4.994108640872607,-5.0,-2.90810981208623,-5.0,5.0,1.1131972166254305,-1.3715819536246845,5.0,-5.0,4.225909460027108,2.379774098457051,5.0,-4.999999999999774,0.5161493187369942,0.5974491432418862,0.9407975572392364,0.989146356665611,4.999990146703652,-2.827734075287632,5.0,-1.473226878382526,5.0,-4.89306947092679,1.9094125861080622,4.999999998247505,5.0,5.0,1.0757680335174,5.0,-0.42479484867095524,5.0,4.99999999699543,2.4217988215002437,1.0
0.7812025049050975,-2.1733695726428066,-3.733319438430849,0.723878913314011,-4.249101137805278,-2.2433181985361004,-3.0167489859563354,3.208990692344367,1.7853363198163876,-3.0007627258678817,3.2884502080289755,-3.4456971308706716,-1.889806093366196,-0.544083754878519,-2.0718666209478225,2.3993568079919667,0.4544817428813279,4.333438070335458,-5.0,-0.3698889422527018,-2.298944555221169,-2.268057187559184,-1.5873465488662268,3.01048767934941,-4.951369784957777,5.0,0.16558611181154473,0.09658147381193467,-1.5903527259758183,5.0,-3.061087192822141,5.0,-4.929486794242735,0.0036953345732600494,1.1515460249639167,-5.0,5.0,-1.854449004726358,0.7225949759971677,-4.999999999999673,4.774082680107869,-1.4301130231696466,0.6511457129318451,0.1353159361585061,0.35764026200536025,-2.7322512780249713,2.1488907381369122,-5.0,-0.3167684237873976,-5.0,3.3776985210070025,-0.032651825067180645,-2.3381681546653956,-3.9495027340911935,-2.7764585231606644,0.8549138675184943,-2.351280717393428,0.4858677611076534,-3.402061565142613,-1.7662495546970745,-0.11404205328522574,-1.0
0.4810637412403293,-3.7554831861851663,-4.964977858050201,-0.043983563609310716,-5.0,-3.116301270557467,-4.127456472403328,4.95206516892145,2.952043567463685,-5.0,3.9397136202029066,-4.999081402136288,-4.352103751868222,-1.1206356311683114,-4.511805491652681,3.339240076899647,1.2798530116157085,3.745037555742282,-5.0,-1.1076234907519544,-2.812809197665136,-3.047448436797752,-2.8397977802702394,2.794019116082966,-5.0,5.0,0.3828475619409721,0.5156314716395654,-1.1855533764659092,5.0,-2.96859197585487,5.0,-5.0,-0.8204793608258827,1.4073159577304388,-5.0,5.0,-3.687601216899472,1.120156947377524,-5.0,5.0,-0.47869403184528214,1.25693311238701,-0.4946619108445412,0.7303171799518332,-5.0,2.4929406421006592,-5.0,0.19958741710464278,-5.0,3.580878491712108,-0.32051936172159967,-3.064826317737864,-4.741077053902337,-3.612619175655219,0.19269150998461285,-3.0305294813195935,-0.049618212103287956,-3.8868493056883056,-3.6570959578122086,-0.6543662311058308,-1.0
1.9761749927707823,-1.3249815370682085,-2.6036910498409087,2.1322460243902444,-2.7919413899128,-1.200474170575676,-2.7829114543226168,1.9532850303334952,1.6321568408667877,-2.604056242531994,2.1574115853892906,-3.1390680847760724,-1.1356428203866074,-0.20667948960453109,-1.9402651553658754,1.5500376740849757,0.1549681206294502,4.3595109813765145,-4.999999998626928,-0.31216270288372744,-2.246671591661774,-2.991834527178112,-2.524297530012169,2.070435950591135,-4.99999999264177,4.408131104502107,-0.07621643020291713,-0.5425250492190354,-2.015985233679775,5.0,-3.4494851929876984,5.0,-3.587923262098962,0.40472761660406315,1.110114814948897,-4.999982320366195,4.999999465064088,-2.0828595855136256,1.1760992134868402,-4.999834044999412,3.414590696280756,0.23214254334073955,1.709922464844341,0.6576247746251616,0.8631945245246864,-2.985652215762036,2.528268574182714,-4.97224569176661,0.9639219085048287,-4.332769003946197,3.580627084956257,0.7790758826212048,-1.06259526720317,-2.268557839940767,-1.4981971008210153,1.586858387151055,-1.1011737733514404,0.16903225491884305,-2.5229897533790737,-0.689777196047452,0.4667245811763464,-1.0
1.4883295543452422,-1.7195357384318706,-1.8768755926599028,1.7527246466192072,-5.0,-3.478928055783604,-2.0480827632486656,2.0168146688972968,1.8484527168217628,-2.3013782601863704,2.2918455650380745,-2.722714323148676,-2.5369387063674527,-1.7794797219568335,1.085805328572788,4.55522560589048,3.009084242472673,5.0,-5.0,-1.9217646947627207,-5.0,-3.285676879502977,-2.1004288404452325,2.307952148783612,-5.0,2.7219761147736965,1.980189187662419,1.5726575366776827,-0.2942117678345251,5.0,-2.9441278186329054,5.0,-3.1509887519876787,-0.4415380993986517,0.28363023138473,-5.0,5.0,-1.2216354610649807,-0.7689051426536612,-3.615146993149259,3.5301840245191847,-0.29646163387563845,0.6051815792523291,-1.4124495596266944,-0.6716582702329532,-3.123926632086234,1.6098642755675538,-5.0,-0.49356025112716745,-5.0,2.526907897803724,-0.9026568483810811,-3.8470058403801857,-5.0,-5.0,0.4833033610410915,-4.1747480083581685,0.7037513524034299,-5.0,-2.411384239966377,-0.39887713937157576,1.0
0.45413593003854874,-2.798207226638901,-3.7472135432606537,0.6606617490058135,-4.524551365699336,-2.456578866179278,-2.6106789083652826,3.5928937452808074,2.3129221731514504,-3.711807506628013,3.002691536039847,-4.094418693755548,-2.6186705158138226,-0.7491290877360622,-2.882270706147222,1.8031105914960628,-0.12232235783177284,4.433422626934827,-5.0,-0.3955865174339201,-2.3081427427150025,-2.0867334735221266,-1.9878662793341408,3.2614542631039987,-5.0,5.0,-0.06470911608426191,-0.13591028512652148,-1.8408736925324156,5.0,-3.2733523066298384,5.0,-3.974820268746641,2.1739177140543506,3.4526338812890267,-5.0,5.0,-2.986251880233106,0.9041340406845543,-5.0,5.0,1.629431497857373,1.3717757107655408,-0.4676880136510943,0.5101885427088679,-4.021448556625799,2.5796442093338654,-5.0,0.9770928715312277,-5.0,3.937365262703577,0.06983759576485936,-2.4479139440137887,-4.144989098378834,-2.8856016844834897,0.9474491102118051,-2.4195531435701643,0.6883675173787628,-3.3018563428727847,-2.0287911969569516,-0.21156254436832958,-1.0
0.4386883320732579,-2.640722408812811,-4.112216959614171,0.49822288881285964,-4.6553015110999025,-2.495758932288713,-3.44877579574337,2.8015394053769667,2.662011045702765,-3.9187692988124656,2.451709947724582,-4.841406198225371,-2.922796382006665,-0.7260404737817976,-3.6026376055755107,1.6987773751024473,0.40309776618570586,4.373148022368351,-5.0,-0.32008676644432515,-2.188683292495661,-2.0609588467035156,-1.9997679274891715,3.2098377695683826,-5.0,5.0,-0.018756584161223784,-0.048702617644663146,-1.8134212745555631,5.0,-3.427100771212224,5.0,-4.0430132194024235,1.938784261970325,3.181821006640386,-5.0,5.0,-2.9242293124916667,0.8747649414269139,-5.0,5.0,0.5553456507483827,1.1212007000614528,-0.6851628232190624,0.27433872014307226,-5.0,2.1856620381909773,-5.0,0.37496377675758086,-5.0,3.573120411052918,-0.1511832709908505,-2.616241720191821,-4.24035911961231,-3.012160005439065,0.7192584086378544,-2.60147027677982,0.33934166447196334,-3.4802993424232747,-2.213228973575429,-0.3003969497863187,-1.0
0.42209406755991985,-2.112774169887422,-2.4091507444508227,0.5223439819351677,-4.844777925965226,-2.6326248422494185,-4.418356251714206,2.749705411905716,3.022021826685358,-3.21030798318873,4.774457033939341,-2.5328079103405896,-3.186936795233303,-0.8115853939367631,-3.7771262319623475,2.671207567733973,0.7951959234307245,4.1421171325104025,-5.0,-0.6302146847853086,-2.4178889831934125,-2.7164278425866244,-2.217671289440672,3.052329736695951,-5.0,5.0,0.0005967590785456393,0.035506682320134916,-1.6621889642280803,5.0,-3.3382456248138164,5.0,-5.0,0.027331941562622517,2.5742300846692743,-5.0,5.0,-2.266448287346146,1.0138131171455984,-5.0,5.0,-0.44859688899736966,1.19268543208425,0.048340038071584095,0.43176185705884507,-5.0,2.308498596815446,-5.0,1.6143518772998873,-5.0,3.596369210251493,-0.07651664962094822,-2.5877499540867572,-4.2652551215236265,-3.0351259882093045,0.694683892938502,-2.6419636725617432,0.37189413850630537,-3.4636710610076533,-2.967213620379904,-0.32848368928730093,-1.0
0.4555952296437512,-3.790256850799758,-4.942020797454083,0.07859818105780217,-5.0,-3.0807822361557053,-4.925724076896007,4.930171476738014,3.4587817184346874,-4.998658141335036,4.00160227047367,-4.993495719244589,-4.906399275825317,-1.1193261884213028,-4.997315087227673,3.3201364379000777,1.6637481031789048,3.7976338723629413,-5.0,-1.1559890502740615,-2.7153297004061043,-4.2226440614378555,-3.7761474251169385,2.8151472348300635,-5.0,5.0,0.3264207554432078,0.49932596590173384,-1.2207821389691023,5.0,-3.161492966779279,5.0,-5.0,-0.33311638420139195,1.9036258419159635,-5.0,5.0,-3.877888068607425,1.2174225138119894,-5.0,5.0,-0.6662545302988475,1.2530684617483254,-1.076504951928828,0.7675430987438414,-5.0,2.5269852283923364,-5.0,0.23464416579389405,-5.0,3.5994055962836367,-0.3199918885071906,-3.1429589943065763,-4.700841088025305,-3.614593134309059,0.21685528297563827,-2.980967442300549,-0.032732560463759656,-3.8535837540168028,-3.5179518919524613,-0.6266538750236499,-1.0
0.42488174627468334,-0.8587763609551186,-1.4268954939551755,0.8700790865941215,-4.182926226699373,-2.2276189484643734,-2.719873502415321,4.0345616591189915,2.965924461428787,-4.327061881048777,2.6318056344067786,-3.913477487148599,-2.1691275081628003,-0.5317367446704816,-1.2180626550488007,4.011174290385904,2.161070854960966,4.515971236835919,-5.0,-0.294062929049764,-2.216798405362479,-2.1338740644746714,-2.140135548858773,3.243210038932158,-5.0,5.0,-0.041564938702004076,-0.04201738041523173,-1.7939117887656857,5.0,-3.4700205070910406,5.0,-5.0,-0.45134955904313717,1.3032321916365037,-5.0,5.0,-2.8743729249033647,0.798608600340457,-5.0,5.0,-1.138752234709027,1.0931408621096792,-0.17392591048252562,0.2627459949188949,-5.0,2.234467964764894,-5.0,-0.22652784752807706,-5.0,3.57950675625405,-0.04083308097833489,-2.45527680516099,-4.171704336391023,-2.924906600651165,0.8565948707851303,-2.555187954321396,0.49077010846676483,-3.396800357596776,-1.684751273144772,-0.12118982679779888,-1.0
0.4583849810360283,-3.537494306825186,-4.9472757556840845,0.03383798029627906,-5.0,-3.057005646885431,-4.930527297242484,4.000938868658696,2.611517689702773,-4.999041289815659,3.583650289807514,-4.993998636457573,-4.382491573195462,-1.2280929465349872,-4.9023193287710125,3.089417715300943,0.38601280790415754,3.599635399608909,-5.0,-1.1732057049957236,-2.7477633939672925,-3.9254446599668205,-3.581219663335319,2.773157827815674,-5.0,5.0,0.3243990626663454,0.48323084175451153,-1.2248740725738565,5.0,-3.1408501323995957,5.0,-5.0,0.33832943102722196,2.28975595203005,-5.0,5.0,-3.722238852533729,1.229107137804552,-5.0,5.0,0.06134921377936918,1.2843067771773007,-0.06831322350675598,0.7714579961725077,-5.0,2.483135431853435,-5.0,0.8516442404846536,-5.0,3.5324417374944836,-0.3480100666381806,-3.0326001431608685,-4.638367841398854,-3.6013564147062067,0.14656799822640515,-3.031117736040429,-0.11401181757908138,-3.8759001617126883,-4.134273499730426,-0.6567615772222313,-1.0
0.44206349627857716,-1.3996338801753323,-2.653744322152277,0.3362306967108165,-5.0,-2.9649711926241658,-3.9429730262510776,4.935446534437853,4.096521665997014,-4.001984331568928,4.713957419829794,-4.999274222616742,-4.566375640215103,-1.1054945974187833,-4.6910237814260185,3.5293568728580476,0.8087781813050634,3.8093716681396526,-5.0,-1.2052357028282736,-2.737719116936347,-2.5112946356222667,-3.8842652778718234,2.7899459526338837,-5.0,5.0,0.11598117935984947,0.23914110958754053,-1.329411044928052,5.0,-2.9761169348441268,5.0,-5.0,0.3893410186294427,2.995832570969912,-5.0,5.0,-1.6312316621715857,1.2778626225784542,-5.0,5.0,-0.5068131489156915,0.800608808976657,-1.3155520412308543,0.7502171715434318,-4.321551283301697,2.675828223701971,-5.0,1.584878230336971,-5.0,3.8213247191316753,-0.0656163913201737,-2.7220406365521357,-4.4447861086259675,-3.220756253152297,0.6317908158513629,-2.637559592792491,0.43371003726221713,-3.4586479484378905,-3.6455064286669887,-0.3291017955683902,-1.0
5.0,4.530666096629555,4.999999999986317,-0.047126005359223955,5.0,4.6955027321828,4.693795464060821,-4.999996225106079,-4.372351484085481,4.9991434366201855,-4.999935142789119,4.99999999996205,5.0,4.999999999999998,4.722849645202196,-2.8941774325899674,-2.5356771286790263,-1.5421077997755634,5.0,3.567569502922662,5.0,2.8046367322892896,2.018082309103824,-5.0,5.0,-5.0,-5.0,-5.0,-4.998461200291917,-5.0,-2.917738150680183,-5.0,5.0,2.5180124211930752,-1.3190029801441268,5.0,-5.0,4.99999999999773,2.3415992581620575,5.0,-5.0,0.8337333524606323,0.6590437800427564,1.3498083144160966,1.025818495446373,4.9999999999999964,-2.7104974461970492,5.0,-0.057870163330595914,5.0,-4.757043420826043,2.006994281798442,4.999999999999999,5.0,5.0,1.1346511699450348,5.0,-0.35941456982899994,5.0,4.999999999999965,2.450872785696204,1.0
5.0,4.547151459151969,4.999126939790511,-0.04955071878459511,5.0,4.682669370171764,4.240309577277661,-4.999999999995848,-4.382853171362143,4.999999999530304,-4.999998987579817,5.0,5.0,4.999999980552531,4.183190268963183,-3.0543315841676737,-2.3729779655386545,-1.758708327414485,5.0,3.6358440352748893,5.0,3.819705599158338,2.1506067062760903,-5.0,5.0,-5.0,-5.0,-5.0,-4.999607298764935,-5.0,-2.9256161444915714,-5.0,5.0,2.122365441231405,-1.7520622054380208,5.0,-5.0,4.219960230352519,2.364512141775103,5.0,-5.0,0.7931740800745836,0.6652530438395153,1.3439533227665073,1.0174569570539482,5.0,-2.736018259367918,5.0,-1.653722370409756,5.0,-4.790676839833558,1.9879600000527127,5.0,5.0,5.0,1.1251907468607032,5.0,-0.37215282756806356,5.0,4.999999999999998,2.4404821454514987,1.0
5.0,4.082136399887976,4.470946334954026,-0.06276494172905388,5.0,4.687362202814399,4.366353229820839,-4.999999999999745,-4.018777658870396,4.999998346135504,-4.995419959888346,4.999999999946356,5.0,4.999997552991566,3.198074123888646,-3.051045367641504,-2.3901063530915785,-1.6678709268585752,5.0,3.576539645495263,5.0,4.852435019139641,3.526850338407848,-4.99999999993874,5.0,-5.0,-5.0,-5.0,-4.999732879195464,-5.0,-2.931714022207556,-5.0,5.0,0.888278383650495,-1.9579844502130626,5.0,-5.0,3.7886436182665144,2.3397011539217476,5.0,-5.0,0.5860264603171726,0.6131158655602409,1.0129927964221985,0.9691825833279314,4.999999997772767,-2.8117961431200102,5.0,-1.0044249578987827,5.0,-4.845446072450172,1.9395238569083673,4.999999999999412,5.0,5.0,1.1065709405260273,5.0,-0.3865960502482791,5.0,4.999999999998243,2.4388207238025412,1.0
0.43829933100674073,-3.3920145658732035,-3.3770329168279876,0.13518710410722234,-5.0,-2.9378912920366007,-3.4620366520336145,4.832064823871553,3.6031694876821536,-4.604895650731155,4.2460723690321265,-4.989234493897309,-3.710534248071317,-0.9474204092815438,-3.41722505445513,3.600389752670253,1.7764552000761709,4.021081031858986,-5.0,-0.8737757081229338,-2.5760798800128124,-2.9429384635592726,-2.884894468671299,2.986301461329329,-5.0,5.0,0.333605036116612,0.45433985681620515,-1.3264647332368174,5.0,-3.226666561665667,5.0,-5.0,-0.9464538670549737,1.9132942337260421,-5.0,5.0,-3.3534852176597547,1.0406517318331912,-5.0,5.0,-0.5066190626088158,1.1529897933841133,-1.874363372392136,0.6001189320462179,-5.0,2.3795856677241596,-5.0,0.1267418976191254,-5.0,3.545206001617279,-0.32286201389987534,-3.0182587024966168,-4.662016994019464,-3.496373789887458,0.3181472587178239,-2.898773399418325,0.07975938614617548,-3.775116470996029,-4.529710619182865,-0.5845657185623533,-1.0
5.0,3.7221054592028313,4.317930453620233,-0.09347196027788864,5.0,4.686494228435821,3.8576094726973387,-4.126911018792272,-2.794064066372211,4.999988395412644,-3.2641263209830003,4.999999999947546,5.0,4.999999999999539,3.840801142971127,-2.8916412528274558,-1.033159204935689,-1.5385854666929204,5.0,3.564984432766397,5.0,4.730078262492185,3.2845496320354126,-4.999999999994688,5.0,-5.0,-5.0,-5.0,-4.9786895203992385,-5.0,-2.8717021304085457,-5.0,4.999989332737973,-1.838164477179938,-3.4367925599104074,4.999999999999998,-5.0,1.8575722340617307,2.313934746029116,4.999999999150774,-5.0,0.3941353935668896,0.5409505955142108,0.755787238717245,0.9093503067179677,4.995100793610307,-2.864926542728366,4.9999999999999565,-1.2176730809271377,4.9999999999999485,-4.879785343965952,1.887353504580693,4.999999957139,5.0,5.0,1.0965194353084182,5.0,-0.386469808622362,5.0,4.999999994708608,2.4207139672118476,1.0
5.0,4.156938154856344,4.479393550446594,-0.057253027548208164,5.0,4.6939842557891955,4.997306896984218,-4.999999943655833,-4.229307139719735,4.999999999952769,-4.631103872552413,4.999999999999961,5.0,4.9999999999979545,3.7632341704026415,-2.8707235343329613,-2.242059921011649,-1.498734118125004,5.0,3.5758787316051848,5.0,4.999948882988526,4.605651368761193,-4.998810561011422,5.0,-5.0,-5.0,-5.0,-4.999997319034443,-5.0,-2.96880076004829,-5.0,5.0,0.3982143724474846,-2.2227975928037207,5.0,-5.0,4.177142648602025,2.318282003769803,5.0,-5.0,0.47495405316788414,0.567332421902629,0.8428534474127354,0.9309904488230017,4.999995034788183,-2.8376336161670785,5.0,-1.5132322488456642,5.0,-4.852227018452553,1.9184818514091573,4.999999999999684,5.0,5.0,1.111516658943344,5.0,-0.37729284458484275,5.0,4.99999999999971,2.442508231205798,1.0
1.147413501439165,-1.9046636071783272,-3.172275421859914,1.0675880209443012,-3.553438999281085,-2.017779163246819,-2.686879364200993,2.5432857224931738,1.701117742268407,-3.932510560828799,1.8922739730275844,-4.416485968123073,-1.9899732669313537,-0.6003181123523241,-2.6286448731234326,1.5997755005485252,-0.11755332805591744,4.171575743683982,-4.999999999999998,-0.565387727605063,-2.455579361663584,-3.2213167257742654,-2.7148897290912184,2.763106331105577,-4.994396339138788,4.999999999923156,-0.01269353091446569,-0.07259900377983688,-1.6392913532435158,4.999999999999999,-2.9442262596720754,5.0,-4.627322083223917,-0.5320631505247878,0.7419135453980823,-4.999999999994216,4.999999999999417,-2.494590588180406,0.6572818717826532,-4.999999950762761,4.389950634527533,-0.4561120246632612,1.1318623552194074,-0.8699879686776649,0.2219626146684721,-4.160673250815929,2.216221929532294,-4.9999999894009415,0.46606440295008045,-4.99999999999475,3.404498869510887,0.266045612368895,-1.8903615629041017,-3.4567097244341185,-2.3532412542590495,1.1941129233832606,-2.016923172096527,0.84383889798127,-3.0527174617119135,-2.529105130502097,0.12081548235034291,-1.0
5.0,4.999999999978495,5.0,0.02541752354358375,5.0,4.696964573843369,5.0,-4.999999999976039,-4.069771103359376,5.0,-4.998977853752857,5.0,5.0,5.0,5.0,-2.673004710238309,-0.5205676610966845,-1.3752912317812083,5.0,3.6729905416880833,5.0,5.0,4.999999994209194,-5.0,5.0,-5.0,-5.0,-5.0,-5.0,-5.0,-2.9900024526199993,-5.0,5.0,-1.2207422591283326,-4.999999999995887,5.0,-5.0,5.0,2.2693010313146385,5.0,-5.0,1.5357720596881448,0.5889413616574452,1.3423862279611363,0.9230190296837447,5.0,-2.7317183778101866,5.0,1.0657786546673267,5.0,-4.706086464450453,1.9974310178072907,5.0,5.0,5.0,1.1833269963566304,5.0,-0.2735440797446478,5.0,5.0,2.479507772229886,1.0
0.4727159465536746,-3.760431787415017,-4.953681345411039,0.1542103701380426,-5.0,-3.072340010649728,-4.8826466769252335,4.799920825312173,3.15302479056455,-5.0,4.137452093661091,-4.996628089029519,-3.9498184704689563,-1.2630916386900288,-4.93130783750192,3.024627892743739,0.35818879814425275,3.5148751229236717,-5.0,-1.3918240919405749,-2.8870316153979756,-4.7368323578680664,-4.968204849382199,2.703890813089024,-5.0,5.0,0.32496428817380346,0.5153258020548416,-1.1155413758800572,5.0,-3.0338413383726808,5.0,-5.0,1.253075690052252,3.1802539763250923,-5.0,5.0,-2.171194527461413,1.3218100607104608,-5.0,5.0,0.6649611359423223,1.4983794084470279,0.5383441790053809,0.9916682054602237,-5.0,2.8041391737498533,-5.0,1.9695860587527834,-5.0,3.7904181155967325,-0.08970659025645028,-2.822237561098186,-4.512643132542524,-3.4797470558074965,0.3140159218576385,-2.8992115322104586,0.06753472559258261,-3.7400165425868686,-4.247453854876347,-0.544299787559944,-1.0
5.0,4.5809353997643685,4.988755317990084,-0.06021818582226954,5.0,4.691801433190221,4.999319485383666,-4.999999999999851,-4.665380657958713,4.999998252423502,-4.99999995484361,4.999999999994858,5.0,4.9999999995799875,3.988294066328465,-2.9545985405057684,-2.4675256520209965,-1.5873342302630467,5.0,3.548061467554178,5.0,4.081162680031275,1.6722128184393983,-5.0,5.0,-5.0,-5.0,-5.0,-4.996327329090192,-5.0,-2.9283029744301188,-5.0,5.0,1.627480115529852,-0.5684462136737775,5.0,-5.0,4.999999999969893,2.3637685577459937,5.0,-4.999999999999104,2.050722510901466,0.674427076235679,1.586992027133003,1.0467916868345568,4.999999999999608,-2.7051592800899296,5.0,-0.494762261697266,5.0,-4.766702167815738,2.0053172595337307,5.0,5.0,5.0,1.124126980926929,5.0,-0.3745201480619456,5.0,5.0,2.446741645183794,1.0
5.0,4.999262294306704,5.0,0.02564472627657255,5.0,4.697183293725719,5.0,-5.0,-4.077577157605189,5.0,-4.780423471611574,5.0,5.0,5.0,5.0,-2.6704467806535352,-0.5952270904881402,-1.3684578588641372,5.0,3.6701474931797575,5.0,5.0,4.993843127522882,-5.0,5.0,-5.0,-5.0,-5.0,-5.0,-5.0,-2.986814964431443,-5.0,5.0,-1.0287556393644535,-4.999980527027818,5.0,-5.0,5.0,2.2660244162348744,5.0,-5.0,2.1209301984953806,0.5873246125099989,1.472907957088514,0.9202151236435667,5.0,-2.7338060785382083,5.0,0.6070522607220379,5.0,-4.705980522050428,1.99631851216708,5.0,5.0,5.0,1.1827770386480165,5.0,-0.2718162269015132,5.0,5.0,2.4806889663093568,1.0
0.5137493702300256,-2.4627976409121093,-4.275603269966283,0.45651970058232183,-4.89566040736143,-2.6066220435268166,-3.3269421203089617,4.56083421581075,2.6555864945932175,-3.7581572312040668,4.239314118293051,-3.6007087405387117,-2.4143273296795265,-0.6046450794828747,-1.4550640463026123,4.194605749094803,1.96720152278763,4.329461220127079,-5.0,-0.5580167871653667,-2.4217408168392183,-3.10490952802905,-3.7556990197388656,2.8297518746513926,-5.0,5.0,-0.0005190801757273041,-0.006622032744238421,-1.6374026281725298,5.0,-3.1342169387602894,5.0,-5.0,-0.3538536636769957,1.4898493465507576,-5.0,5.0,-3.113421591408181,0.8337299439039892,-5.0,4.860004251273074,-1.453748813214279,0.4948280346178509,-1.2875939899015272,0.18463868220907756,-5.0,2.094508850704251,-5.0,-0.14295179502713107,-5.0,3.378058257729647,-0.1385644357270269,-2.66248442339986,-4.3666134457719545,-3.0214411292824273,0.8150992786725578,-2.562663508901348,0.41853985278026734,-3.4400669902796,-2.489608483818487,-0.2273120681489314,-1.0
5.0,3.3294114027696886,3.767799374431186,-0.11066779430694086,5.0,4.672924835636452,2.348479586178214,-4.99999915044214,-3.543719431695597,4.998309949747366,-2.7959190461864423,4.999999999937088,4.999999999999999,4.99999999948456,2.5112075540558867,-2.9584550686965563,-0.7865799042746718,-1.615408571855241,5.0,3.542721620249765,5.0,4.999916919088755,3.3967197524927406,-4.99915843515579,5.0,-4.999999999999427,-5.0,-5.0,-4.932560731504229,-5.0,-2.7698468055073944,-5.0,4.998721227755567,-0.9117260691560194,-2.3584618697889304,4.999999999999944,-5.0,3.4056885000959305,2.3474492363686705,4.999999999907999,-4.999999999938077,0.4237988747331741,0.593218376784515,0.7924736504783776,0.9751950931462644,4.853641787038738,-2.7503773149891497,4.999999999999995,-0.3876612804334483,4.9999999999999964,-4.77335602474793,1.9457939607254462,4.999761782671926,5.0,5.0,1.1235297010753391,5.0,-0.3819479961436169,5.0,4.999994711668375,2.3891686934186627,1.0
5.0,0.9112318698252144,1.1619182631005582,-1.1192089845470552,5.0,5.0,1.7011540645042975,-0.8552067207141185,-1.0425039439320434,1.6676387174974558,-0.7836369771173116,2.307735313329902,5.0,1.9557531232727823,-0.49643530471081265,-2.1135067304103448,-1.3488417392760026,-0.8135372129925447,0.4250996507624656,-1.2718461612609904,5.0,0.9545300908863618,1.0555831132791196,-1.220544901889116,0.6307460884158876,-1.653943911718608,-5.0,2.40451558839275,-5.0,-4.6781661423133984,-2.7113329425610777,-0.9374444790136903,2.2299673996699036,-0.6807710191294016,-1.9184189439001695,1.5812260787536618,-0.19689564792836,-0.1060308762244414,0.09092093940428453,1.4600678675451653,-2.506909205769559,-1.2599594750637522,-1.2737199706134812,-0.5108627000562483,5.0,1.1434948793413156,-1.6173829534070008,1.4683536063051104,-0.012827853573508274,1.5052868779061925,-1.7753983954709698,-1.6006644209165994,5.0,5.0,5.0,-2.0187033619656853,5.0,-1.429491762845347,5.0,1.9398976522571751,-0.7783732678156458,-1.0
2.8719664690234947,0.8236928456167449,-0.8050930679662675,3.4473324952871707,-1.8238476036336562,-0.023177104767253043,-2.951404356381512,1.0466800836587624,2.57240973455968,0.919793448162272,4.529465325038869,-0.7759861316567122,-0.7220812557210562,0.011850608462116441,-0.7301160342822038,1.869663801558786,0.8103211933138272,4.629596033336281,-4.997947622817433,0.3007138142157633,-1.52954126715305,-0.1736109332259216,-2.0147246413039372,0.06428980881193078,-5.0,2.076318001572009,-1.4932103706791027,-2.0193714428692586,-3.2247853054570186,4.9986638937274535,-4.198099699896643,5.0,-3.07072177024686,0.6780348867503303,2.4715989286578464,-2.4022786220698986,5.0,0.2502216492884668,2.8620216195609425,-1.276293397584069,4.39275133519035,0.7633283596143603,1.7111771094333221,1.1422705809125258,2.005391346346489,-0.5386388599325902,3.219137730428662,-4.6538430356202145,0.9371215424493191,-3.40376631038399,4.587527750130273,1.110040308008593,0.37285247101439384,-0.35370708948017704,-0.01735757218692985,2.7660547616395315,0.6872111958623661,1.9469278362726785,-1.269725787019237,-1.2770958990159025,1.2588223645310008,-1.0
5.0,4.120721026392436,4.660631773137335,-0.11653402925786596,5.0,4.677060595214859,5.0,-0.9919337082507862,-1.3896264002890026,4.999999999998907,-1.9828163650621626,4.999999999742474,5.0,4.999999996572306,2.7007153446727408,-3.0152770863679876,-1.77694825483125,-1.7320183818650654,5.0,3.5715800021577615,5.0,4.797127309204112,3.306972881453902,-4.202481334504226,5.0,-5.0,-5.0,-5.0,-4.92454822156213,-5.0,-2.7475285850798574,-5.0,4.999999999999993,2.032802892573439,-0.2405339180453358,5.0,-5.0,3.8703130408248287,2.446919756244881,5.0,-4.9998939299871745,1.1650703260489976,0.6858680124947691,1.0621651868984572,1.1016470961575733,4.999522470553257,-2.66602568269668,4.9999999999998135,-1.5212204453538196,4.999999999999991,-4.7802193863590325,1.9739173707968611,4.999999866621717,5.0,5.0,1.1046606297846246,5.0,-0.3997916422698026,5.0,4.999995991885979,2.4147200089919862,1.0
5.0,3.062247349697593,3.710407169477737,-0.14121695716652607,5.0,4.663298294451422,4.986160021326489,-3.062855629016737,-2.801691176016324,4.009605432870448,-3.8299472148711198,4.749503532430306,4.99999999999998,4.9999999498813334,3.3419090321241525,-2.790559226326635,-0.7241097348244757,-1.531945694514299,5.0,3.5748809828213814,5.0,3.8209383144140707,2.8141525930606086,-3.9420327213370223,5.0,-4.9999999999936025,-5.0,-5.0,-4.9210356107568085,-5.0,-2.732997978327204,-5.0,4.19371244312648,-1.754216396038565,-2.4396854769660856,4.999999999997002,-5.0,0.9448456843567675,2.29144261225698,4.99999999210045,-4.999999999799953,0.555698553717446,0.44459479758247866,0.641289290816194,0.8115317392654372,4.7228404922238525,-2.9628413262071414,4.999999999965855,-1.0207080160966027,4.999999999941766,-4.972467522132608,1.820377959005742,4.999223368263833,5.0,5.0,1.0453402238057996,5.0,-0.43063032446319766,5.0,4.9997151788390655,2.38022232992312,1.0
5.0,4.071798369444453,4.9949178099313105,0.005473076551067959,5.0,4.69679593051628,4.999999999998041,-4.999999994847859,-4.855572948140493,4.999999999995947,-4.999972348831164,4.9999999999999565,5.0,5.0,4.999946559980715,-2.676195826418221,0.36747632997020174,-1.3253227589794356,5.0,3.641312344068103,5.0,4.99999999999998,4.999201099741247,-4.999999820361102,5.0,-5.0,-5.0,-5.0,-4.999999999944443,-5.0,-2.9841856293974813,-5.0,5.0,0.1439805333462184,-3.4962321572363146,5.0,-5.0,3.182648675305441,2.237918467378816,5.0,-5.0,0.39898095139160483,0.5206221464686751,0.737041091206136,0.8490715148269757,4.999999999996476,-2.833577288367325,5.0,-1.2808234930127111,5.0,-4.782227306104852,1.9290426491578114,4.999999999999874,5.0,5.0,1.1578038218844595,5.0,-0.2863138477277932,5.0,4.999999999999696,2.4759488732313746,1.0
5.0,-0.7165422480251626,0.22676469306930153,0.16641671271557615,5.0,5.0,-0.028748134626627356,-0.5783921479335575,0.8086304722899944,0.8208974894732229,0.5063871117315831,1.4732365353278005,5.0,2.229434862288418,0.8289081247689666,0.058026990113175636,-0.19110966606641072,-0.8789012589993164,-0.05838104209395237,-0.3498815257293682,5.0,0.9111096893977528,0.805300618274922,-0.12432748865382301,0.5967835991800744,0.07887450492898007,-5.0,1.4017929077098237,-5.0,0.3328373434588971,-2.4691349255572668,-2.830627508146414,1.177775938427016,0.39173330880534474,-0.6246044457089471,-0.9914603476920596,-0.2124757830491787,-0.11465245968453078,1.977290304769896,1.7873305170791407,0.7442405007701035,-0.14657730060426316,1.04352880443056,1.6462066213379898,5.0,2.3211328972947207,0.3004050790209244,0.5905479290695093,1.5104683565450305,1.5552074229413098,-0.771351550334222,1.1183032725165811,5.0,5.0,5.0,0.8875579468683468,5.0,0.42482862275963734,5.0,0.5715116008198174,-0.9674619737166786,-1.0
3.9517064363282186,-0.27211694981902024,-1.7866777792019404,2.2124372579340825,-0.21586143317085793,2.619096858940739,-1.8482083907048736,0.7357331236739985,1.0205501918399291,-0.969966066525352,1.065640527292325,-1.2807480631392516,1.701741893307187,1.006476459514396,-1.2608511790772376,-0.2242864584242441,-0.3922683892952598,2.200599492767563,-4.00423893487531,-0.4144063077823413,0.817345068329495,-1.2828605484498767,-0.7278907098111043,1.4365244072435606,-2.7294026245822387,3.0020686061803925,-2.819684050373287,0.2853394915290446,-3.873920380964225,4.454736180741272,-5.0,5.0,-2.043875298701361,-0.18093939504137593,0.1423274121612766,-3.1641164682064655,2.260171152340451,-1.572690018243954,2.0955749727468813,-2.6585349063918318,0.5213178458513946,-1.1023946514035923,-0.02166285090459452,-0.1584305511103828,3.511812547561384,-2.033058167219607,0.32413472331764237,-2.7303832609266183,-0.0937000959949194,-2.3912604156085355,0.8798457518334845,-0.08154452290311018,3.006275634732346,2.0883646131548037,2.310274348095308,0.7712799896814022,3.203880679288199,0.4132378948947155,1.3313778357889183,-0.7553348788009211,-0.6136150459704092,-1.0
1.3576992510817436,-1.7636080989607585,-3.1640011679841047,1.2422625958251696,-3.3109522015586004,-1.700423217874558,-1.940537461691754,3.8856397918649046,2.0320292623263274,-2.8295642819933557,2.536363112706147,-3.6505369389394917,-1.7936827932467405,-0.4144816131986352,-2.908887014231872,1.45369930303922,0.33711520092876945,4.463811055839245,-4.999999999943711,-0.16571946278679112,-2.1508411216516783,-2.904239533475875,-2.3326139174692124,2.928675462764478,-4.993662786636238,4.999999906224912,-0.06969902369398802,-0.1274958318170415,-1.855438872647119,4.999999999969003,-3.131174587740264,4.999999999998478,-4.999994291180152,-0.8947320323384826,0.34161567492599143,-4.999999999530591,4.999999999985326,-2.482158709945741,0.737153326999146,-4.996601156079866,4.840306062353366,0.23492094705975514,1.009007700821372,-1.1332841615427118,0.06456778983083197,-3.982335145170528,1.910308620625671,-4.999999999904424,-0.9147536317799273,-4.999999999990391,3.2158440372192585,0.11164616731166423,-1.957110551279672,-3.359071803122605,-2.2900460413223676,1.0472224871686846,-1.9446684759813069,0.4984530095666372,-3.110561752195438,-1.9084214370932449,0.2979962454457637,-1.0
