1.5007813039945028,1.499988449085638,1.028872020720884,1.279135215433822,-1.3073354043025058,-1.107327007981575,-1.4999872413299586,-0.306396081248857,0.9399346824887375,-1.2794035126122594,-1.5000006536829458,-1.4999879237735996,1.275932090578526,-1.4999971150096019,1.4999968686496972,-1.0937977214357328,1.4999890212517275,-1.500008169730617,1.50000141534549,-1.4999962617143705,1.2561495825799673,1.4999947983489212,1.4999952400445,1.4999937872302829,-1.4999916482860247,-1.4999914198211262,0.9521682298088686,-1.4999935441407282,-1.4999852082947225,-1.3214195751226507,-1.4999918129258858,1.313073612793852,1.2175761795374942,-1.1971839488383285,1.0988923363456589,-1.499992203481127,-1.0
1.502184264727666,1.499988449085638,-1.499993638971198,-1.4999912330580256,1.4999914931040543,1.4999920611725308,-1.4999872413299586,1.4999961210990027,-1.4999934557445262,1.4999940198701993,-1.499989632966796,-1.4999879237735996,-1.4999846527222722,-1.4999971150096019,1.4999968686496972,1.4999957164125604,1.4999890212517275,-1.4999955136024918,1.4999973851908124,-1.4999962617143705,-1.0308040542520802,1.4999947983489212,1.4999795183213904,1.4999930575523408,-1.4999966400832048,-1.4999843995120488,-1.49999056342003,-1.499990306837863,-1.4999952406056845,0.33424676551127486,-1.4999918129258858,-1.499969934918982,-1.4999943366829218,1.4999941704417505,-1.4999932541245555,-1.499992203481127,1.0
1.5021407245669818,1.499988449085638,-1.499993638971198,-1.4999912330580256,1.4999914931040543,1.4999920611725308,-1.4999969887818383,1.4999961210990027,-1.4999862423025505,1.4999940198701993,-1.499989632966796,-1.4999915419561145,-1.4999980008777112,-1.4999896935505108,1.4999861741122424,1.4999957164125604,1.49999926688045,-1.4999955136024918,1.4999870219359268,-1.4999926085932955,-1.094937313743244,1.4999925282699231,1.4999940306826725,1.5000010840048672,-1.4999912204168657,-1.499996217037328,-1.4999921445229116,-1.4999919511804092,-1.4999952406056845,0.21982442163704338,-1.4999876343524758,-1.4999922287537715,-1.499991628155957,1.4999941704417505,-1.4999907419104999,-1.499992203481127,1.0
1.501536000113032,1.4999984202662144,-1.499993638971198,-1.4999912330580256,1.4999914931040543,1.4999920611725308,-1.4999872413299586,1.4999961210990027,-1.4999934557445262,1.4999940198701993,-1.499989632966796,-1.4999951601386297,-1.499995776193201,-1.4999852406595753,1.4999861741122424,1.4999868404218348,1.49999926688045,-1.4999882815237486,1.4999904763397087,-1.4999944624172303,-1.120114979150378,1.4999902581889901,1.4999795183213904,1.4999828420805013,-1.4999966400832048,-1.4999949299805024,-1.4999892633979124,-1.4999922081108974,-1.4999952406056845,0.4304142093752862,-1.4999918129258858,-1.4999922287537715,-1.4999889196241547,1.4999894379746055,-1.499990910643136,-1.499992203481127,1.0
1.5001427149711322,1.499988449085638,-1.499976211343925,-0.39020504012217083,0.25366304075078683,1.4852700875508422,-1.4999969887818383,0.8779129196824687,-0.3323260916613073,0.6836271776634806,-1.499989632966796,-1.4999987783114692,-0.1462218828258584,-1.4999971150096019,1.4999968686496972,0.07879080256550894,1.49999926688045,-1.499994609592649,1.4999770970300579,-1.4999962617143705,-0.11305903161640285,1.4999993385282033,1.4999940306826725,1.4999930575523408,-1.4999823777972543,-1.499989664741438,-1.4999954121442418,-1.4999934927585006,-1.4999952406056845,0.06383283333134615,-1.4999926486362136,-0.724682642165072,-0.5070324502119112,1.1751629523148421,-1.1963325632464472,-1.499992203481127,1.0
1.500587792169239,1.4999984202662144,1.0690702673838404,1.2940378818077813,-1.3182061012921458,-1.1413801967462198,-1.4999969887818383,-1.4475486527618098,0.5240102528744194,-1.2657631178862958,-1.5000006536829458,-1.4999879237735996,-1.5000002255864102,-1.4999896935505108,1.4999968686496972,-1.28053352350442,1.49999926688045,-1.4999882815237486,1.499995657976827,-1.4999944624172303,1.2688036226451656,1.4999959333876944,1.4999916119590173,1.4999919630378464,-1.4999847310945615,-1.4999920048460762,0.9700161623117629,-1.4999953940315351,-1.4999872147704607,-1.3288015300908056,-1.4999959914799443,-0.03583778765975232,1.2720621473476672,-1.215575148875366,1.1338678003167217,-1.499992203481127,-1.0
1.5018794836028755,1.499988449085638,-1.499993638971198,-1.4999751234966536,1.4999574656261851,1.4999920611725308,-1.4999969887818383,1.4619240384924437,-0.9647461638395933,1.4999757764549113,-1.499989632966796,-1.4999879237735996,-0.7974240659423857,-1.4999971150096019,1.4999915213712942,1.4999868404218348,1.4999890212517275,-1.4999918975631203,1.499987597633607,-1.4999962617143705,-1.058946934363645,1.4999908257107957,1.499998868149334,1.4999901388405719,-1.4999886532067492,-1.4999925898744129,-1.4999933040022284,-1.4999920539545397,-1.4999791889158858,0.1782418295812904,-1.4999918129258858,-1.0762408520213353,-1.4999833627297297,1.4999941704417505,-1.4999932541245555,-1.499992203481127,1.0
1.5003894425483435,1.4999984202662144,-1.499993638971198,-0.8911240559000656,0.6192573751709155,1.4999883396351925,-1.4999969887818383,-0.8749546071966227,-0.46132925414942094,0.9776638638628941,-1.499989632966796,-1.4999951601386297,-1.3936748050256456,-1.4999985993130307,1.4999861741122424,1.0114302427202422,1.4999941440806022,-1.4999891855335916,1.4999847189516944,-1.4999962617143705,-0.850178304360964,1.4999857180532483,1.4999940306826725,1.4999828420805013,-1.499987155652598,-1.4999949299805024,-1.499991687762437,-1.4999897929817245,-1.4999952406056845,0.18873685061605408,-1.4999926486362136,-0.9120469011956361,-0.46316999617376997,1.4999758397377003,-1.4999932541245555,-1.499992203481127,1.0
1.5004716850740807,1.499988449085638,-1.499993638971198,-0.8262477842837915,0.5719121592233537,1.4999718958907182,-1.4999872413299586,0.9813277832081879,-0.44455613249021386,0.9394653250235034,-1.499989632966796,-1.4999879237735996,-0.8858596403111938,-1.4999971150096019,1.4999968686496972,1.4999957164125604,1.49999926688045,-1.4999955136024918,1.499991052076091,-1.4999944624172303,-0.4233373020855192,1.4999913932326012,1.4999952400445,1.4999937872302829,-1.49999029336944,-1.4999914198211262,-1.4999938310365224,-1.49999010129444,-1.4999952406056845,0.014589943248929647,-1.4999918129258858,0.2468875769936953,-1.4964473121995447,1.4999444354848868,-1.4999734549147146,-1.499992203481127,1.0
1.5010522205498724,1.499988449085638,-1.499993638971198,-1.499975478642759,1.4996580418113983,1.4999920611725308,-1.4999872413299586,1.3052364733942374,-0.7950316338258876,1.4999759910879504,-1.499989632966796,-1.4999879237735996,-0.3349433344218803,-1.4999971150096019,1.4999968686496972,1.4999957164125604,1.4999890212517275,-1.4999973216221778,1.4999968094544298,-1.499981703747189,-1.1592727126841225,1.5000027436106587,1.4999940306826725,1.4999937872302829,-1.4999966400832048,-1.4999867396021738,-1.49999056342003,-1.499990306837863,-1.4999832018673622,0.20177644148549392,-1.4999876343524758,-1.4998231151008437,-1.4999943366829218,1.4999728498860632,-1.4999932541245555,-1.499992203481127,1.0
1.5006313323299234,1.499988449085638,-1.499993638971198,-1.4999724188696124,1.2774534138498712,1.4999920611725308,-1.4999969887818383,1.2118734933976143,-0.6937748369179495,1.4968477399096687,-1.499989632966796,-1.4999879237735996,-0.9651707686239934,-1.499986724943653,1.4999968686496972,1.4999957164125604,1.49999926688045,-1.499994609592649,1.4999973851908124,-1.4999944624172303,-0.8754337786563174,1.4999908257107957,1.4999940306826725,1.4999901388405719,-1.4999935736948216,-1.5000136508079336,-1.4999921445229116,-1.4999902554507978,-1.4999952406056845,0.26392482935870193,-1.4999918129258858,0.7364250896006787,-1.499992711565969,1.4999941704417505,-1.499990835647628,-1.499992203481127,1.0
1.5024261545092459,1.4999934346662507,0.8144106455214175,-1.1213617128478386,1.5000103196953736,1.5000269865302378,-1.4999872413299586,0.5187863106539227,1.4978082375978177,-1.286409571649612,-1.4999951433272898,-1.4999915419561145,1.1032777984689563,-1.4999971150096019,1.4999915213712942,-0.6135025730777877,1.4999890212517275,-1.500008169730617,1.4999991124096355,-1.499989009999015,0.16432607218710166,1.4999959333876944,1.4999795183213904,1.499991233357969,-1.4999966400832048,-1.499999610170428,-0.9809737665126498,-1.5000114777668918,-1.4999952406056845,-1.1942353552221767,-1.4999918129258858,-1.500005738980202,-1.5000105878543855,-0.6436820774960595,0.4923141645486766,-1.499992203481127,-1.0
1.5022229670927187,1.499988449085638,0.5849066909691437,1.1150451477961092,-1.18758694049694,-0.7312604043493397,-1.4999872413299586,-1.2451599799987756,1.2872994840830843,-1.1830736954885968,-1.499989632966796,-1.4999987783114692,1.2132129148188864,-1.499986724943653,1.4999861741122424,-0.7882689682213173,1.4999890212517275,-1.499993705582806,1.4999979609175191,-1.4999962617143705,1.0898114518673183,1.4999965009095,1.499998868149334,1.4999956114227195,-1.4999966400832048,-1.4999990251841802,0.3417741350316638,-1.499990306837863,-1.4999902244550412,-1.2404248959301722,-1.5000001700485164,1.2758819763772482,1.0456108619286566,-0.9943599542070509,0.6916588701330854,-1.499992203481127,-1.0
1.5015698646824531,1.4999984202662144,0.7458554712358512,1.1745863642833918,-1.2310374237923487,-0.8675989177575564,-1.4999969887818383,-1.419148390042706,1.2351433220543677,-1.2180593199487133,-1.5000006536829458,-1.4999879237735996,-1.5000002255864102,-1.4999896935505108,1.4999968686496972,-1.0581117560237325,1.4999890212517275,-1.4999882815237486,1.499992203553694,-1.4999926085932955,1.2762338224713758,1.4999987710063978,1.499998868149334,1.4999908685204493,-1.4999892236989614,-1.4999943449507145,0.5224190497298256,-1.4999922081108974,-1.4999937357609752,-1.2698476706405861,-1.4999918129258858,1.3224390966611625,1.1468777687898544,-1.0679201892012462,0.788337711827936,-1.4999996734971728,-1.0
1.5010812473236619,1.4999984202662144,0.9298866839813542,1.2425667945927112,-1.2806558488514317,-1.023483941543215,-1.4999969887818383,1.3071609120630439,1.1888529934394056,-1.2579460473109367,-1.499989632966796,-1.4999915419561145,1.1767840601736885,-1.4999896935505108,1.4999861741122424,-1.1847505661787263,1.4999890212517275,-1.4999900895434344,1.4999973851908124,-1.4999871561847555,1.1164170748088735,1.5000004735234365,1.4999916119590173,1.5000007191866986,-1.4999966400832048,-1.4999984401495545,0.8194850918244337,-1.499990306837863,-1.4999952406056845,-1.3033829287717775,-1.4999876343524758,1.3478287047411877,1.2763298239459409,-1.2367826217460973,0.991778690255735,-1.499992203481127,-1.0
1.502029455267455,1.499988449085638,-1.499993638971198,-1.4999912330580256,1.4999914931040543,1.4999920611725308,-1.4999872413299586,1.4999961210990027,-1.4999934557445262,1.4999940198701993,-1.499989632966796,-1.4999987783114692,-1.4999891021009681,-1.499986724943653,1.4999915213712942,1.4999957164125604,1.4999890212517275,-1.499994609592649,1.4999864461898686,-1.4999962617143705,-1.0196508648467844,1.4999936633101478,1.4999843557783763,1.4999915981954888,-1.4999966400832048,-1.4999855695813002,-1.49999056342003,-1.499990306837863,-1.4999912276832348,0.24144475717150846,-1.4999918129258858,-1.4999949308077656,-1.4999943366829218,1.4999941704417505,-1.499990835647628,-1.499992203481127,1.0
1.5020681576325077,1.4999984202662144,-1.499993638971198,-1.4999912330580256,1.4999914931040543,1.4999920611725308,-1.4999969887818383,1.4995808818732488,-1.4999934557445262,1.4999940198701993,-1.499989632966796,-1.4999987783114692,-1.4999913267999916,-1.4999971150096019,1.4999861741122424,1.4999868404218348,1.4999890212517275,-1.499993705582806,1.4999870219359268,-1.4999926085932955,-1.0204714525947347,1.4999913932326012,1.4999940306826725,1.4999930575523408,-1.4999940728730883,-1.4999931749003306,-1.4999900715226457,-1.4999929275123942,-1.4999872147704607,0.19169038539846342,-1.4999876343524758,-1.4999922287537715,-1.4999889196241547,1.4999941704417505,-1.499986561135893,-1.499992203481127,1.0
1.50098449141103,1.499988449085638,-1.499993638971198,-1.500012417944095,1.2288085982774335,1.4999920611725308,-1.4999872413299586,1.1956073161391287,-0.6764811401010169,1.467917173805163,-1.499989632966796,-1.4999879237735996,-1.4485513399068524,-1.4999971150096019,1.4999968686496972,1.4999493710032612,1.4999890212517275,-1.4999900895434344,1.499991052076091,-1.4999944624172303,-0.9329537611964767,1.4999868530968594,1.4999952400445,1.4999937872302829,-1.4999966400832048,-1.4999914198211262,-1.4999910553174143,-1.4999895874383016,-1.4999751760127875,-0.039391820914745836,-1.5000001700485164,-0.6573402022885619,-1.4999916952482537,1.435042063907976,-1.4999932541245555,-1.499992203481127,1.0
1.5020342930630866,1.499988449085638,-1.499993638971198,-1.4999912330580256,1.4999914931040543,1.4999920611725308,-1.4999872413299586,1.4999961210990027,-1.4999934557445262,1.4999940198701993,-1.499989632966796,-1.4999987783114692,-1.4999891021009681,-1.4999971150096019,1.4999915213712942,1.4999957164125604,1.4999890212517275,-1.499994609592649,1.499992203553694,-1.5000071665653147,-1.0051581482126364,1.5000021760888531,1.4999916119590173,1.4999923278748823,-1.4999966400832048,-1.4999861545675481,-1.4999892633979124,-1.4999922081108974,-1.4999932341444595,0.20866169764329098,-1.4999909772160416,-1.4999976328665974,-1.4999943366829218,1.4999941704417505,-1.499990835647628,-1.499992203481127,1.0
1.5001040126060794,1.499988449085638,-1.4078871431228843,-0.1343229836346463,0.06707964824243842,0.8907491334129319,-1.4999872413299586,0.8165129071207791,-0.26600680995407217,0.5329995166277606,-1.499989632966796,-1.4999879237735996,-0.45331254620289274,-1.4999971150096019,1.4999968686496972,1.4660324009018102,1.49999926688045,-1.4999973216221778,1.4953361536705463,-1.4999962617143705,0.27646012801214664,1.4999879881114437,1.4999952400445,1.4999919630378464,-1.4999957843497245,-1.4999879096665873,-1.2893375583339646,-1.4999905637683513,-1.4999872147704607,-0.025991473363543374,-1.4999959914799443,-0.06133723515256207,-0.8080199046124122,0.861485400918939,-1.4184224167475847,-1.499992203481127,1.0
1.5024068033267195,1.499988449085638,0.3785798021837345,0.849022945788592,1.4999896325230282,-0.5565085335650427,-1.4999969887818383,-1.386923322755205,0.5791345167947027,-1.2967224962805957,-1.499989632966796,-1.4999879237735996,1.098733033296121,-1.4999971150096019,1.4999968686496972,-0.6463032361779929,1.4999890212517275,-1.499993705582806,1.4999962337180472,-1.4999908092961551,1.1067857076855974,1.4999970684264676,1.4999952400445,1.4999937872302829,-1.4999966400832048,-1.4999937599257644,-0.3143305866253073,-1.5000114777668918,-1.4999952406056845,-1.2029010742447475,-1.4999918129258858,1.162358307822834,-0.7409881971135788,-0.9001462753149714,0.5319131715107844,-1.499992203481127,-1.0
1.5017149985514011,1.4999984202662144,-1.499993638971198,-1.4999912330580256,1.4999914931040543,1.4999920611725308,-1.4999969887818383,0.9174028910972101,-1.4999934557445262,1.4999940198701993,-1.5000006536829458,-1.4999879237735996,-1.4999846527222722,-1.4999971150096019,1.4999968686496972,1.4999868404218348,1.4999890212517275,-1.4999846654940527,1.499987597633607,-1.4999962617143705,-1.0550656610255442,1.4999936633101478,1.499998868149334,1.4999908685204493,-1.4999859433977687,-1.4999873246367996,-1.4999936553568118,-1.4999934927585006,-1.4999932341444595,0.3576601419865398,-1.4999918129258858,-1.4999922287537715,-1.4999889196241547,1.4999941704417505,-1.4999932541245555,-1.499992203481127,1.0
1.5006893858775026,1.499988449085638,-1.499993638971198,-1.4995336910037378,1.1236155910176007,1.4999920611725308,-1.4999872413299586,1.1614633922079853,-0.6393889309933872,1.3833961386626101,-1.499989632966796,-1.4999879237735996,-1.358542308118116,-1.4999971150096019,1.4999968686496972,1.4999957164125604,1.49999926688045,-1.4999909935532774,1.4999979609175191,-1.4999853568634263,-1.2527483018843675,1.4999902581889901,1.4999952400445,1.4999901388405719,-1.4999905073064383,-1.4999949299805024,-1.499992320203106,-1.4999921567238323,-1.4999952406056845,0.21028839305046917,-1.4999959914799443,0.8149819959518632,-1.4999658450057216,1.4999941704417505,-1.4999895045523488,-1.499992203481127,1.0
1.5024551812830356,1.4999934346662507,0.815886898925053,-0.40971788488051575,1.5000103196953736,1.5000269865302378,-1.4999872413299586,0.34928624108896794,1.4977985268458387,-1.2867289991771262,-1.4999951433272898,-1.4999879237735996,-0.6301265061521704,-1.4999896935505108,1.4999915213712942,-0.6145083530836887,1.4999941440806022,-1.500008169730617,1.499995657976827,-1.4999908092961551,0.5163395017466157,1.4999947983489212,1.4999916119590173,1.4999974356151562,-1.4999966400832048,-1.4999925898744129,-0.37832742475298753,-1.5000114777668918,-1.4999952406056845,-1.194493346167472,-1.4999918129258858,0.37776314440929554,-1.5000105878543855,-0.8790571897333843,0.45113638078155943,-1.499992203481127,-1.0
1.5018939969897702,1.499988449085638,-1.499993638971198,-1.5000018254938037,1.4999914931040543,1.4999920611725308,-1.4999969887818383,1.4999894936984939,-1.2862216615571571,1.4999940198701993,-1.499989632966796,-1.4999879237735996,-1.4999580392014562,-1.499986724943653,1.4999968686496972,1.5000001544224366,1.4999890212517275,-1.4999918975631203,1.4999870219359268,-1.4999962617143705,-1.053428774023918,1.4999902581889901,1.499998868149334,1.4999945169053226,-1.4999816647061783,-1.4999867396021738,-1.499994498613617,-1.4999953426444699,-1.4999872147704607,0.32379153180974274,-1.4999918129258858,-1.2595300517900772,-1.499991628155957,1.4999941704417505,-1.4999944652328274,-1.499992203481127,1.0
1.5023342363922456,1.499988449085638,0.5872285916831539,1.115886222277145,-1.1881693767818775,-0.7332159050953393,-1.4999969887818383,-1.2453351316770462,1.2874852425747743,-1.183555435364187,-1.499989632966796,-1.4999879237735996,-1.5000002255864102,-1.4999896935505108,1.4999968686496972,-0.7898516464647818,1.49999926688045,-1.499993705582806,1.4999858704438107,-1.4999962617143705,1.1177091746899706,1.499989123150217,1.4999867745310582,1.4999937872302829,-1.4999966400832048,-1.4999902497712259,0.34060488295000396,-1.4999899471380822,-1.4999932341444595,-1.2408155489595238,-1.4999918129258858,1.1067113057189244,1.0950778227627491,-0.9954158195478832,0.760210733163588,-1.499992203481127,-1.0
1.5014489197916634,1.4999984202662144,-1.499993638971198,-1.4999912330580256,1.4999914931040543,1.4999920611725308,-1.4999969887818383,0.49619160393750766,-1.4999934557445262,1.4999940198701993,-1.5000006536829458,-1.4999879237735996,-1.5000002255864102,-1.4999896935505108,1.4999968686496972,1.4999868404218348,1.49999926688045,-1.4999873775139059,1.4999927792901733,-1.499989009999015,-1.1174387611895058,1.4999879881114437,1.4999916119590173,1.4999919630378464,-1.4999887245206946,-1.4999920048460762,-1.4999934796819392,-1.4999917456418241,-1.49998922122201,0.47604624322514383,-1.4999918129258858,-1.4999949308077656,-1.4999921698584475,1.4999847055026225,-1.4999932541245555,-1.499992203481127,1.0
1.5021262111800868,1.499988449085638,-1.499993638971198,-1.4999912330580256,1.4999914931040543,1.4999920611725308,-1.4999872413299586,1.4999961210990027,-1.4999797162540158,1.4999940198701993,-1.499989632966796,-1.4999879237735996,-1.5000002255864102,-1.4999896935505108,1.4999968686496972,1.4999957164125604,1.49999926688045,-1.4999918975631203,1.4999968094544298,-1.4999962617143705,-1.0389935482037722,1.499989123150217,1.4999916119590173,1.4999919630378464,-1.499989152385016,-1.4999890797164876,-1.4999927418311314,-1.4999925678121295,-1.4999852082947225,0.31368233739150025,-1.4999918129258858,-1.4999949308077656,-1.499992711565969,1.4999941704417505,-1.4999920823814268,-1.499992203481127,1.0
1.5010231937760827,1.499988449085638,-1.499993638971198,-1.4999912330580256,1.4999899941604953,1.4999920611725308,-1.4999872413299586,1.49219800195759,-0.9971315731876386,1.4999940198701993,-1.4999951433272898,-1.4999951601386297,-1.499995776193201,-1.4999985993130307,1.4999861741122424,1.5000001544224366,1.49999926688045,-1.4999909935532774,1.4999991124096355,-1.5000071665653147,-1.1943745460436173,1.4999936633101478,1.4999795183213904,1.4999828420805013,-1.4999926466459446,-1.5000136508079336,-1.499991476945817,-1.4999918484111168,-1.4999952406056845,0.07613737988842892,-1.4999918129258858,-1.1230600374142288,-1.499991628155957,1.4999941704417505,-1.4999944164920365,-1.499992203481127,1.0
1.50180207887277,1.499988449085638,-1.499993638971198,-1.4999912330580256,1.4999914931040543,1.4999920611725308,-1.4999969887818383,1.4999961210990027,-1.4999862118271226,1.4999940198701993,-1.5000006536829458,-1.4999879237735996,-1.4999846527222722,-1.499986724943653,1.4999968686496972,1.4999868404218348,1.4999890212517275,-1.4999900895434344,1.4999881733893408,-1.4999962617143705,-1.0632255084258886,1.499989123150217,1.4999940306826725,1.4999937872302829,-1.4999930032030933,-1.4999879096665873,-1.4999934445450294,-1.4999887138775443,-1.4999952406056845,0.31351424875827005,-1.4999918129258858,-1.3185549390512412,-1.499991628155957,1.4999941704417505,-1.4999944652328274,-1.499992203481127,1.0
1.5003313890007643,1.499988449085638,-1.4999677174276007,-0.48410841069736515,0.3222010698519742,1.4991278365017038,-1.4999872413299586,-0.9714854551532254,-0.3563572539285702,0.7385086801071697,-1.499989632966796,-1.4999951601386297,-1.13886899862305,-1.499986724943653,1.4999861741122424,0.25391662779892626,1.4999890212517275,-1.4999955136024918,1.4999893248621057,-1.4999908092961551,-1.0268396476674466,1.4999851505314428,1.499998868149334,1.4999828420805013,-1.4999966400832048,-1.4999961000304027,-1.4999451813743536,-1.499990666537644,-1.4999952406056845,0.03906778285727266,-1.4999909772160416,-0.19226219903327002,-0.036793065871229325,1.29060478307547,-1.238340609208344,-1.499992203481127,1.0
1.501705322960138,1.4999984202662144,0.7228887899501354,1.1660665611638947,-1.2248366419811225,-0.8481469377884759,-1.4999969887818383,-1.4170895368749323,1.3004642197377287,-1.2130405391792172,-1.5000006536829458,-1.4999879237735996,1.3344081778654435,-1.4999971150096019,1.4999968686496972,-1.0423071765180045,1.4999890212517275,-1.4999846654940527,1.4999881733893408,-1.4999962617143705,1.2146278889170103,1.4999925282699231,1.4999940306826725,1.4999937872302829,-1.499988082714537,-1.4999890797164876,0.4541161343097587,-1.4999900499073748,-1.4999952406056845,-1.2656302772841763,-1.4999959914799443,1.2949935154545493,1.1961491156081072,-1.0574073675718625,0.8116952301495679,-1.499992203481127,-1.0
1.5011102740974516,1.4999984202662144,0.9199337601378206,1.2388974016050547,-1.2779578226988144,-1.0150478047404374,-1.4999969887818383,-1.4344077014721535,1.1673458898684281,-1.255795989863955,-1.5000006536829458,-1.4999879237735996,-1.225568052419868,-1.4999896935505108,1.4999968686496972,-1.1778937043635087,1.4999890212517275,-1.4999882815237486,1.4999916278124736,-1.4999944624172303,1.2546548988009876,1.4999936633101478,1.499998868149334,1.4999937872302829,-1.4999711106196063,-1.499990834796176,0.6980255807521115,-1.49999991596749,-1.4999932341444595,-1.3015685044642726,-1.4999901415013597,1.3222641337105516,1.2725264549091195,-1.1983197590602492,0.9831262470900857,-1.499992203481127,-1.0
1.5019907529024021,1.4999984202662144,-1.499993638971198,-1.4999912330580256,1.4999914931040543,1.4999920611725308,-1.4999969887818383,1.4494146896213487,-1.4999934557445262,1.4999940198701993,-1.5000006536829458,-1.4999915419561145,-1.4999980008777112,-1.4999971150096019,1.4999861741122424,1.4999868404218348,1.4999890212517275,-1.4999918975631203,1.4999870219359268,-1.4999926085932955,-1.043917446112106,1.4999879881114437,1.4999940306826725,1.5000010840048672,-1.4999966400832048,-1.4999937599257644,-1.4999900715226457,-1.4999910262374248,-1.4999952406056845,0.21181623638093383,-1.4999876343524758,-1.4999949308077656,-1.4999900030388107,1.4999941704417505,-1.499986561135893,-1.499992203481127,1.0
1.5013134615139785,1.4999984202662144,-1.499993638971198,-1.4999912330580256,1.4999914931040543,1.4999920611725308,-1.4999969887818383,-0.12527612464267734,-1.2729970298398334,1.4999940198701993,-1.5000006536829458,-1.4999915419561145,-1.4999980008777112,-1.4999896935505108,1.4999861741122424,1.4999868404218348,1.4999890212517275,-1.499986473523414,1.4999939307676793,-1.4999908092961551,-1.1626905725660834,1.4999879881114437,1.4999940306826725,1.5000010840048672,-1.4999822351790393,-1.4999955150054527,-1.4999964662128298,-1.4999920539545397,-1.49998922122201,0.41032582131013834,-1.4999876343524758,-1.4994531174368924,-1.4999889196241547,1.4999894379746055,-1.4999890921012446,-1.499992203481127,1.0
1.5011828410319255,1.4999984202662144,-1.499993638971198,-1.4999912330580256,1.4999914931040543,1.4999920611725308,-1.4999969887818383,-0.1046438973302798,-1.2956373995255746,-1.1268223760524743,-1.499989632966796,-1.4999951601386297,-1.499995776193201,-1.4999926621341473,1.4999861741122424,1.4999868404218348,1.49999926688045,-1.4999900895434344,1.499995657976827,-1.499989009999015,-1.1929622634108568,1.4999902581889901,1.4999940306826725,1.4999828420805013,-1.4999912917308111,-1.499997270085141,-1.499992320203106,-1.4999915914806285,-1.4999952406056845,0.006929858354897291,-1.4999926486362136,-1.4999949308077656,-1.4999889196241547,1.4999941704417505,-1.4999944539849526,-1.499992203481127,1.0
1.5002297952925008,1.499988449085638,-1.499966142621425,-0.39090047619113816,0.25416911603902315,1.4854063651401717,-1.4999872413299586,0.8776542878116422,-0.3323674300782706,0.6838340680306921,-1.499989632966796,-1.4999879237735996,-1.5000002255864102,-1.4999896935505108,1.4999968686496972,1.4999778041705945,1.49999926688045,-1.499999129632188,1.4999852946977525,-1.4999944624172303,-1.0492327104964871,1.4999879881114437,1.4999916119590173,1.4999919630378464,-1.4999966400832048,-1.4999949299805024,-1.4999282500507256,-1.499990306837863,-1.4999852082947225,-0.02058149337494709,-1.4999984986385038,-0.4409943424274803,-1.0762812694316335,1.1755268050579333,-1.4891965699297876,-1.499992203481127,1.0
1.500757115016345,1.499988449085638,-1.499993638971198,-1.3288076899879466,0.9386895856231137,1.4999920611725308,-1.4999872413299586,1.1010016794705533,-0.5740630826726336,1.2345168574976793,-1.499989632966796,-1.4999879237735996,0.19305722324445984,-1.499986724943653,1.4999968686496972,1.4999957164125604,1.4999890212517275,-1.4999973216221778,1.499995657976827,-1.4999917362081225,-0.2450742518341086,1.499989123150217,1.4999940306826725,1.4999937872302829,-1.4999966400832048,-1.4999838144774231,-1.4999927418311314,-1.4999871209172255,-1.4999952406056845,0.0916083699117414,-1.4999959914799443,-0.5085578528846508,-1.4999605305528563,1.4999854477810308,-1.4999920467607375,-1.499992203481127,1.0
1.5006797102862395,1.499988449085638,-1.499993638971198,-1.4999912330580256,1.499976220136123,1.4999920611725308,-1.4999969887818383,1.344223891111867,-0.8368557612662307,1.4999908868481011,-1.5000006536829458,-1.4999879237735996,-1.4999720138048875,-1.4999971150096019,1.4999968686496972,1.4999957164125604,1.49999926688045,-1.499994609592649,1.5000037183297223,-1.499989009999015,-1.241906282620651,1.4999845830096372,1.4999940306826725,1.4999930575523408,-1.4999942154961412,-1.4999961000304027,-1.4999910201853424,-1.4999913859372054,-1.4999952406056845,0.34259182798620225,-1.4999918129258858,-0.89013691549651,-1.4999789463554478,1.4999941704417505,-1.4999906706691213,-1.499992203481127,1.0
1.5007861417901345,1.4999984202662144,1.00182104407027,1.2691839219904357,-1.30009897368831,-1.0844254668431488,-1.4999969887818383,-1.441647570000542,0.646107163271344,-1.273590544463847,-1.5000006536829458,-1.4999987783114692,1.3439753651841997,-1.499986724943653,1.4999861741122424,-1.2342701591997234,1.4999890212517275,-1.4999918975631203,1.5000008395994318,-1.4999908092961551,1.3183906531820295,1.4999925282699231,1.4999940306826725,1.4999945169053226,-1.4999942154961412,-1.4999937599257644,0.9064749705837035,-1.4999910262374248,-1.4999872147704607,-1.3165480781672918,-1.4999918129258858,1.259263165614095,1.2459617631574516,-1.184848590890294,1.0976983991237748,-1.499992203481127,-1.0
1.5018407812378227,1.499988449085638,-1.499993638971198,-1.4999912330580256,1.4999914931040543,1.4999920611725308,-1.4999969887818383,1.4999961210990027,-1.4999885182667683,1.4999940198701993,-1.499989632966796,-1.4999987783114692,-1.4999891021009681,-1.4999971150096019,1.4999968686496972,1.4999868404218348,1.4999890212517275,-1.4999828574646912,1.4999881733893408,-1.4999908092961551,-1.0415721625637462,1.4999925282699231,1.4999891932353622,1.4999930575523408,-1.4999863712524144,-1.4999887872040127,-1.4999943229339066,-1.4999922081108974,-1.4999852082947225,0.2957533193642253,-1.4999876343524758,-1.4999935797807684,-1.499992711565969,1.4999941704417505,-1.4999932541245555,-1.499992203481127,1.0
1.5021600757495082,1.4999984202662144,-1.499993638971198,-1.4999912330580256,1.4999914931040543,1.4999920611725308,-1.4999969887818383,1.3192833697281434,-1.4999934557445262,1.4999940198701993,-1.499989632966796,-1.4999915419561145,-1.4999980008777112,-1.4999971150096019,1.4999915213712942,1.4999957164125604,1.4999890212517275,-1.4999918975631203,1.4999968094544298,-1.4999962617143705,-1.0266279556443996,1.499989123150217,1.4999940306826725,1.4999828420805013,-1.4999943581191943,-1.4999964510463404,-1.499992320203106,-1.4999893818948784,-1.4999952406056845,0.1692873189302595,-1.4999876343524758,-1.4999922287537715,-1.4999921698584475,1.4999941704417505,-1.4999932541245555,-1.499992203481127,1.0
1.5003991181396068,1.499988449085638,-1.4999697243207812,-0.5527477032336678,0.37215697298833267,1.4998842626065727,-1.4999969887818383,0.9161125610112134,-0.37402793931717,0.778785749396016,-1.499989632966796,-1.4999879237735996,0.4461990043921302,-1.499986724943653,1.4999968686496972,1.499980262944019,1.4999890212517275,-1.499993705582806,1.4999881733893408,-1.4999880830870476,-0.17366848870107127,1.4999879881114437,1.4999916119590173,1.4999901388405719,-1.4999887245206946,-1.4999902497712259,-1.4999638106968733,-1.4999943663144202,-1.4999872147704607,0.004345484637565176,-1.4999976629093084,-0.5016854423704926,-0.677597133222565,1.3753932102993365,-1.4999084318007083,-1.499992203481127,1.0
1.5008441953377136,1.499988449085638,-1.499993638971198,-1.4999912330580256,1.4999913015508997,1.4999920611725308,-1.4999872413299586,1.4656937253562747,-0.9683224975214441,1.4999940198701993,-1.5000006536829458,-1.4999879237735996,-1.4999935514990153,-1.4999971150096019,1.4999968686496972,1.4999957164125604,1.4999890212517275,-1.499993705582806,1.5000002639017518,-1.4999962617143705,-1.1752509554403796,1.4999913932326012,1.4999952400445,1.499991233357969,-1.499993217137189,-1.499992180356464,-1.4999903174713378,-1.4999931330558172,-1.49998922122201,0.2553936597244738,-1.4999959914799443,-1.4999962818299248,-1.4999943366829218,1.4999941704417505,-1.499990835647628,-1.499992203481127,1.0
1.5011199496887146,1.499988449085638,0.9356316725023127,1.2446739712664199,-1.282162653889557,-1.0283392241534097,-1.4999969887818383,-1.4357483736082988,1.3206624490271508,-1.259171624538052,-1.5000006536829458,-1.4999915419561145,-1.4999980008777112,-1.4999971150096019,1.4999861741122424,-1.1886848490981057,1.4999890212517275,-1.4999846654940527,1.5000008395994318,-1.4999853568634263,1.1725711196873467,1.5000050136978809,1.4999940306826725,1.4999974356151562,-1.4999916482860247,-1.499999610170428,0.8230552691616441,-1.4999935441407282,-1.4999952406056845,-1.304399280974808,-1.4999918129258858,1.3244015011980788,1.278581654986938,-1.2394004545624102,0.9967848504273441,-1.499992203481127,-1.0
1.501032869367346,1.499988449085638,-1.499993638971198,-1.4999912330580256,1.4999787225608834,1.4999920611725308,-1.4999872413299586,1.4271682051252577,-0.9268288876354013,1.499992890062436,-1.499989632966796,-1.4999987783114692,-1.4999371886805177,-1.4999971150096019,1.4999915213712942,1.4999957164125604,1.4999890212517275,-1.4999973216221778,1.4999968094544298,-1.499989009999015,-1.0244375466043945,1.4999925282699231,1.4999916119590173,1.4999937872302829,-1.4999966400832048,-1.4999884946915376,-1.49999056342003,-1.499990306837863,-1.4999751760127875,0.14044062609638522,-1.4999918129258858,-1.0209537131162403,-1.4999943366829218,1.4999894379746055,-1.4999970036967623,-1.499992203481127,1.0
1.5017730520989803,1.499988449085638,0.6379907456892385,1.1347418286890205,-1.2020002478042648,-0.7762452487686324,-1.4999872413299586,-0.15600932551217805,0.7781242037859211,-1.1946840834259052,-1.5000006536829458,-1.4999987783114692,1.2147084571310496,-1.4999985993130307,1.4999968686496972,-0.8248246115024795,1.4999890212517275,-1.4999964176123348,1.4999881733893408,-1.4999962617143705,1.024975612010816,1.4999936633101478,1.4999940306826725,1.4999930575523408,-1.4999966400832048,-1.4999961000304027,0.43850878982935476,-1.4999922081108974,-1.4999952406056845,-1.2502121816188925,-1.5000127056961792,-1.3459617774613137,1.0662276442596932,-1.0186490849375838,0.7378324176036856,-1.499992203481127,-1.0
1.5011247874843463,1.499988449085638,-1.499993638971198,-1.4999912330580256,1.4999734057243908,1.4999920611725308,-1.4999872413299586,1.413261777476056,-0.9118514091246541,1.4999886096799302,-1.4999951433272898,-1.4999879237735996,-1.4999869343040886,-1.4999911778442643,1.4999968686496972,1.4999957164125604,1.49999926688045,-1.4999900895434344,1.4999968094544298,-1.4999908092961551,-1.0950885505624106,1.4999482617592164,1.4999964494063276,1.4999915981954888,-1.4999966400832048,-1.4999879096665873,-1.49999056342003,-1.499990306837863,-1.4999952406056845,0.13946334551894768,-1.5000026771877246,-1.4999976328665974,-1.4999943366829218,1.499996063427641,-1.4999955976059753,-1.499992203481127,1.0
1.5009699780241352,1.4999984202662144,-1.499993638971198,-1.4999912330580256,1.4999914931040543,1.4999920611725308,-1.4999969887818383,-0.21580502479043479,-1.175450748668215,1.4999940198701993,-1.499989632966796,-1.4999951601386297,-1.499995776193201,-1.4999926621341473,1.4999861741122424,1.4999868404218348,1.4999890212517275,-1.4999909935532774,1.4999945065040619,-1.4999962617143705,-1.1656452407701694,1.499987420570287,1.499998868149334,1.4999828420805013,-1.4999942868100866,-1.4999937599257644,-1.499991722894509,-1.4999903582249283,-1.4999952406056845,0.7051858462887771,-1.4999918129258858,-1.4999862349975586,-1.4999889196241547,1.4999847055026225,-1.4999920167664047,-1.499992203481127,1.0
1.5004474960959227,1.499988449085638,1.1265644331572153,-1.47848571960437,-1.333672852046739,-1.1900761760806768,-1.4999872413299586,0.0818509060191974,0.5196889452868325,-1.255839315226664,-1.499989632966796,-1.4999879237735996,1.4522411285913135,-1.4999985993130307,1.4999968686496972,-1.1610248017890532,1.49999926688045,-1.4999955136024918,1.4999887491257233,-1.4999962617143705,1.3139385821330376,1.5000050136978809,1.4999964494063276,1.4999937872302829,-1.4999966400832048,-1.4999879096665873,1.0566105862051869,-1.499987429229941,-1.4999952406056845,-1.339227828871739,-1.5000127056961792,-1.500005738980202,1.255406780481037,-1.2418088491094634,1.162883905753152,-1.499992203481127,-1.0
1.5023681009616667,1.499988449085638,-0.5533266922556767,-1.5000018254938037,1.5000103196953736,0.17020173572108382,-1.4999872413299586,0.7324084771600362,-0.18271797351187946,-1.2873497645117127,-1.499989632966796,-1.4999987783114692,0.20831191049817763,-1.4999971150096019,1.4999968686496972,0.8696066572807695,1.4999890212517275,-1.4999882815237486,1.4999927792901733,-1.499993535505263,0.5983321323153019,1.4999925282699231,1.4999891932353622,1.4999934223927631,-1.4999966400832048,-1.4999925898744129,-1.5000112232020857,-1.5000114777668918,-1.4999952406056845,-1.1950183069023117,-1.5000001700485164,0.055666178700846815,-1.5000105878543855,0.4645169624245437,-0.42640990236922166,-1.499992203481127,-1.0
1.501294110331452,1.499988449085638,-1.499993638971198,-1.4999538522197646,1.418855909790359,1.4999920611725308,-1.4999872413299586,1.257546676250963,-0.7435563381396516,1.4999577524164283,-1.499989632966796,-1.4999879237735996,-0.4374377775791982,-1.499986724943653,1.4999968686496972,1.499950633009569,1.4999890212517275,-1.499993705582806,1.4999945065040619,-1.499989009999015,-1.0706579442507056,1.4999993385282033,1.4999964494063276,1.4999828420805013,-1.4999966400832048,-1.4999867396021738,-1.4999927418311314,-1.4999871209172255,-1.4999872147704607,0.24040727434077522,-1.4999876343524758,-0.47129435407059206,-1.4999736029934216,1.4999461223251678,-1.4999890921012446,-1.499992203481127,1.0
1.5014440819960317,1.4999984202662144,0.7707055621839913,1.1837796862277357,-1.2377806330751222,-0.8886598900834732,-1.4999969887818383,-1.4213552891250991,0.9259550313719286,-1.489957256519895,-1.4999951433272898,-1.4999987783114692,1.2450615183832916,-1.4999985993130307,1.4999915213712942,-1.0752317088735406,1.49999926688045,-1.4999909935532774,1.4999916278124736,-1.4999871561847555,1.1752940688196867,1.4999959333876944,1.4999940306826725,1.4999930575523408,-1.4999950712344594,-1.4999949299805024,0.5706678046762065,-1.4999891249643902,-1.4999952406056845,-1.2744060132391655,-1.4999876343524758,1.2774460883594485,1.1564566199480182,-1.2489070011459686,0.907724133233101,-1.499992203481127,-1.0
1.5024696946699303,1.4999934346662507,0.8120684799151469,-0.3189664440336039,1.5000103196953736,1.5000269865302378,-1.4999872413299586,0.3276717845720963,1.4977943639790268,-1.2858988389275479,-1.4999951433272898,-1.4999879237735996,-0.5733801179784174,-1.4999896935505108,1.4999915213712942,-0.6118806110075999,1.49999926688045,-1.500008169730617,1.4999950822404444,-1.4999871561847555,1.063954788260397,1.4999913932326012,1.4999940306826725,1.4999937872302829,-1.4999966400832048,-1.4999931749003306,-0.3836126474160313,-1.5000114777668918,-1.4999952406056845,-1.193795107899966,-1.4999918129258858,1.2514693203265763,-1.5000087391368693,-0.8773123449397799,0.4478151048488325,-1.499992203481127,-1.0
1.5001185259929741,1.499988449085638,1.2296754278173518,1.1257452593694557,-0.8522193503581209,-1.2773729443630712,-1.0301781804302221,0.5039400433758885,0.06255525826720477,-0.21414875672841696,-1.499989632966796,-1.4999879237735996,1.4388947082013464,-0.7982248005087197,1.4999968686496972,0.015793959557362,1.49999926688045,-1.4999918975631203,1.3965446223260667,-1.4999962617143705,-0.10235600249866093,1.4999879881114437,1.499998868149334,1.4999901388405719,-1.4999909351707597,-1.4999920048460762,1.226615024100354,-1.4999937496841511,-1.4999952406056845,-0.6405420401623998,-1.4999959914799443,-0.42623840705335875,1.0831424774801766,-0.7111485020148269,1.3023046643652672,-1.499992203481127,-1.0
1.5009796536153983,1.499988449085638,-1.499993638971198,-1.500012417944095,1.059720035871563,1.4999920611725308,-1.4999872413299586,1.140376580824751,1.4822429818993228,1.3318461143985028,-1.499989632966796,-1.4999879237735996,-1.303667915669287,-1.499986724943653,1.4999968686496972,1.4999957164125604,1.4999890212517275,-1.4999900895434344,1.499991052076091,-1.499989009999015,-0.8086899670495601,1.4999879881114437,1.4999795183213904,1.4999937872302829,-1.4999966400832048,-1.4999914198211262,-1.49999056342003,-1.499990306837863,-1.4999852082947225,-0.13054729344786595,-1.4999918129258858,-0.0034173915957062713,-1.4999784144786548,1.148748701638048,-1.4999932541245555,-1.499992203481127,1.0
1.5021165355888237,1.499988449085638,-1.499993638971198,-1.4999912330580256,1.4999914931040543,1.4999920611725308,-1.4999872413299586,1.4999961210990027,-1.4999934557445262,1.4999940198701993,-1.499989632966796,-1.4999987783114692,-1.4999891021009681,-1.4999971150096019,1.4999915213712942,1.4999957164125604,1.4999890212517275,-1.499993705582806,1.4999991124096355,-1.4999962617143705,-1.0147789753146605,1.4999936633101478,1.4999891932353622,1.4999930575523408,-1.4999942154961412,-1.4999867045281554,-1.4999912661340344,-1.4999910262374248,-1.4999912276832348,0.1960867414653832,-1.4999918129258858,-1.4999976328665974,-1.499992711565969,1.4999941704417505,-1.4999932541245555,-1.499992203481127,1.0
1.5017682143033486,1.499988449085638,0.6643112463439048,1.1444488097868795,-1.2090748886461324,-0.7985355358423214,-1.4999969887818383,-0.41802473024247044,1.0614928890242485,-1.2003696872221061,-1.5000006536829458,-1.4999987783114692,1.2547509949975924,-1.499986724943653,1.4999968686496972,-1.0020112045146172,1.4999890212517275,-1.499993705582806,1.4999927792901733,-1.4999944624172303,1.1419379431071233,1.4999879881114437,1.4999843557783763,1.4999915981954888,-1.499996283527991,-1.5000136508079336,0.4560856803021285,-1.4999909234681321,-1.4999952406056845,-1.2549863351928465,-1.4999876343524758,1.2869349432875776,1.1249480484392895,-1.0306628608117476,0.7607320816498859,-1.499992203481127,-1.0
1.5005007118478704,1.499988449085638,1.1209723278677153,1.3131392574307899,-1.3321351943489215,-1.1853335979314368,-1.4999872413299586,-0.12214420886553917,0.7401543271372796,-1.2993435234030752,-1.499989632966796,-1.4999879237735996,1.4124904510505265,-1.4999971150096019,1.4999915213712942,-1.1571693678164043,1.4999890212517275,-1.4999909935532774,1.5000025668376062,-1.4999853568634263,1.2306218948012537,1.4999925282699231,1.4999940306826725,1.4999908685204493,-1.4999966400832048,-1.4999914198211262,1.1074472891352125,-1.4999922081108974,-1.4999952406056845,-1.3381745370327356,-1.4999951557701001,1.4920035374672005,1.2823402322269752,-1.2392412349916886,1.1790182861775838,-1.499992203481127,-1.0
1.5002007685187113,1.499988449085638,-1.255741898887957,-0.07825677702850864,0.026171326822723932,0.7619997636134082,-1.4999872413299586,0.8027743511870548,-0.2514397451301429,0.49985359527491396,-1.499989632966796,-1.4999879237735996,-0.4180295131729166,-1.499986724943653,1.4999968686496972,1.361002899405266,1.4999890212517275,-1.4999900895434344,1.4999881733893408,-1.4999962617143705,0.13286393113898612,1.4999947983489212,1.4999964494063276,1.4999937872302829,-1.4999966400832048,-1.499987090632625,-1.2631052951156658,-1.499988662490479,-1.499971163061311,-0.0924389618135206,-1.4999959914799443,-0.040328797858033893,-0.7489173061201643,0.7917190434468047,-0.7866284875348999,-1.499992203481127,1.0
1.502363263166035,1.499988449085638,0.40915123288047567,0.8603137892426918,0.9870380451801802,-0.5824045238936512,-1.4999872413299586,-0.16606466288827756,0.7891435202362048,-1.3033415393916423,-1.499989632966796,-1.4999879237735996,1.1032621686146762,-1.499986724943653,1.4999968686496972,-0.667342429064386,1.4999890212517275,-1.4999955136024918,1.499987597633607,-1.4999962617143705,1.0619855061901717,1.4999925282699231,1.4999904025971897,1.4999974356151562,-1.4999966400832048,-1.4999931749003306,-0.2719826490027583,-1.5000114777668918,-1.4999952406056845,-1.2084679647770125,-1.499993484345574,1.251676634519788,0.11354506821832969,-0.9141060517991821,0.5589108562039278,-1.499992203481127,-1.0
1.5002104441099744,1.499988449085638,-1.4999765574253252,-0.4465957729075994,0.29464944285661065,1.496368138338243,-1.4999969887818383,0.8911124496023076,-0.34675036117412733,0.7166619879557106,-1.499989632966796,-1.4999879237735996,0.49346421624441095,-1.4999971150096019,1.4999968686496972,0.18371975783117517,1.49999926688045,-1.499986473523414,1.4999881733893408,-1.4999926085932955,-0.2549139038726343,1.4999806103569984,1.4999940306826725,1.4999915981954888,-1.4999957843497245,-1.499996334044253,-1.4999631075946762,-1.4999905637683513,-1.4999952406056845,0.02761849321989609,-1.5000010057293338,1.4114989885193092,-0.7938885477212486,1.2445529356202867,-1.498825725216346,-1.499992203481127,1.0
1.5019617261286127,1.4999984202662144,0.6138395492714621,1.1257800964098068,-1.1954447597205544,-0.7557795684385055,-1.4999969887818383,-1.4075312624775584,1.2901130512656578,-1.18940137025474,-1.499989632966796,-1.4999987783114692,1.2081519598317074,-1.499986724943653,1.4999861741122424,-0.8081941901062714,1.49999926688045,-1.4999918975631203,1.4999979609175191,-1.4999908092961551,1.1804681165397186,1.4999982034845922,1.4999940306826725,1.49999488174768,-1.4999966400832048,-1.4999961000304027,0.3692043684034036,-1.499989279120748,-1.4999952406056845,-1.245759836263913,-1.4999884700816712,1.3041487714033144,1.1539283799525395,-1.007597806390117,0.7384631561292304,-1.499992203481127,-1.0
1.5020004284936654,1.4999984202662144,-1.499993638971198,-1.4999912330580256,1.4999914931040543,1.4999920611725308,-1.4999969887818383,1.4999872064978301,-1.4999934557445262,1.4999940198701993,-1.5000006536829458,-1.4999987783114692,-1.4999891021009681,-1.499986724943653,1.4999915213712942,1.4999868404218348,1.4999941440806022,-1.4999955136024918,1.499987597633607,-1.4999962617143705,-1.012631862438174,1.4999936633101478,1.499998868149334,1.4999923278748823,-1.4999966400832048,-1.4999925898744129,-1.4999892633979124,-1.4999922081108974,-1.49998922122201,0.22033218770399904,-1.4999918129258858,-1.4999787184886386,-1.4999889196241547,1.4999941704417505,-1.4999932541245555,-1.499992203481127,1.0
1.5018069166684014,1.4999984202662144,0.6611167367385519,1.1432618076955925,-1.2081996483010775,-0.7958262124572073,-1.4999969887818383,-1.411698089411816,1.2946199876841669,-1.1996685862664138,-1.5000006536829458,-1.4999915419561145,1.1167858690306751,-1.4999896935505108,1.4999861741122424,-0.9998068535769138,1.4999890212517275,-1.499993705582806,1.4999893248621057,-1.4999944624172303,1.0648201977427203,1.4999993385282033,1.4999940306826725,1.4999992598172684,-1.4999966400832048,-1.499997433892901,0.4705610738338302,-1.4999922081108974,-1.4999952406056845,-1.2543925318377844,-1.4999876343524758,1.2138474964221606,1.1722591302842733,-1.0292012551025802,0.7362494770252971,-1.499992203481127,-1.0
1.5011925166231888,1.499988449085638,0.9178448707336406,1.2380868120528679,-1.2773740190173648,-1.0132771707069774,-1.4999872413299586,-0.9212747375530541,1.318963032826706,-1.2552981270593198,-1.499989632966796,-1.4999879237735996,1.3648259845291464,-1.4999971150096019,1.4999968686496972,-1.0173873704709098,1.49999926688045,-1.4999918975631203,1.4999950822404444,-1.4999962617143705,1.1669758263375587,1.4999896906720225,1.4999940306826725,1.4999937872302829,-1.4999966400832048,-1.4999890797164876,0.8173200167115999,-1.499991488711336,-1.4999952406056845,-1.3011478917023975,-1.4999918129258858,1.273490046099111,1.2036829719731137,-1.1464551771902978,0.9598027704306068,-1.499992203481127,-1.0
1.5016375938212956,1.499988449085638,0.7430885281656752,1.1735364723185098,-1.2302838391823658,-0.8652564890661855,-1.4999969887818383,-1.418869928276905,1.302389232283148,-1.2174278909477245,-1.499989632966796,-1.4999987783114692,1.2868659736046668,-1.4999971150096019,1.4999968686496972,-0.7380621980406838,1.4999890212517275,-1.4999882815237486,1.499991052076091,-1.4999944624172303,1.3296923773726297,1.4999913932326012,1.4999843557783763,1.4999915981954888,-1.4999895089450674,-1.4999949299805024,0.5683537876946793,-1.4999960620440316,-1.4999952406056845,-1.2693181101598934,-1.4999876343524758,1.273582811881424,1.1554460394189077,-1.0666385285454867,0.7859266368302313,-1.4999996734971728,-1.0
1.500457171687186,1.4999984202662144,-1.499993638971198,-1.4999912330580256,1.4298871023252389,1.4999920611725308,-1.4999969887818383,-0.6114134317840009,-0.7477619821750225,1.4999854401962358,-1.5000006536829458,-1.4999879237735996,-1.4999868773825933,-1.499986724943653,1.4999968686496972,1.4999868404218348,1.4999890212517275,-1.4999918975631203,1.4999887491257233,-1.4999908092961551,-1.19208769661589,1.4999908257107957,1.500003705557942,1.4999901388405719,-1.4999865851797372,-1.4999984401495545,-1.4999934796819392,-1.4999932872150776,-1.4999952406056845,0.5802817241606707,-1.4999918129258858,0.6591271586687861,-1.499830664554973,1.4999941704417505,-1.4999895045523488,-1.499992203481127,1.0
1.501826267850928,1.499988449085638,0.6518476929716032,1.1398375131050777,-1.2057013443127256,-0.7879750957880404,-1.4999872413299586,-0.6368916298972128,1.2937401387631169,-1.1976592884265926,-1.499989632966796,-1.4999987783114692,1.2285135986634736,-1.4999971150096019,1.4999968686496972,-0.8343506572447235,1.4999890212517275,-1.4999900895434344,1.4999904763397087,-1.4999926085932955,1.1923934703349415,1.5000004735234365,1.4999940306826725,1.4999956114227195,-1.4999966400832048,-1.4999925898744129,0.4923582515416506,-1.4999950343317543,-1.4999932341444595,-1.2527035579577073,-1.4999909772160416,1.3336348597521952,1.071584283547414,-1.0249675139401486,0.7498914011763536,-1.499992203481127,-1.0
1.5023971277354564,1.4999984202662144,-1.499993638971198,-1.5000018254938037,1.5000103196953736,1.4999920611725308,-1.4999969887818383,-0.5387437397979998,-0.8071210280659196,-0.06424353334742616,-1.4999951433272898,-1.4999879237735996,-1.4999935514990153,-1.4999971150096019,1.4999968686496972,1.4999957164125604,1.49999926688045,-1.4999882815237486,1.499995657976827,-1.4999908092961551,1.3471802660044485,1.4999936633101478,1.4999964494063276,1.4999956114227195,-1.4999966400832048,-1.4999943449507145,-1.5000112232020857,-1.5000114777668918,-1.4999952406056845,-0.5528465264653158,-1.4999951557701001,-1.4999976328665974,-1.5000105878543855,1.4999941704417505,-1.4999932541245555,-1.499992203481127,-1.0
1.5016714583907167,1.499988449085638,-1.499993638971198,-1.4999912330580256,1.4999914931040543,1.4999920611725308,-1.4999872413299586,0.3200825886691441,-1.4999897128872395,1.4999940198701993,-1.499989632966796,-1.4999987783114692,-1.4999891021009681,-1.4999971150096019,1.4999915213712942,1.4999868404218348,1.49999926688045,-1.499993705582806,1.499992203553694,-1.4999908092961551,-1.1026504221652031,1.4999902581889901,1.4999843557783763,1.4999919630378464,-1.4999966400832048,-1.4999843995120488,-1.49999056342003,-1.499990306837863,-1.4999912276832348,0.30949233274331434,-1.4999918129258858,-1.4999989838694054,-1.4999943366829218,1.4999941704417505,-1.4999878959804636,-1.499992203481127,1.0
1.5021939403189293,1.499988449085638,0.5892824492072372,1.1166657924455536,-1.1887710668471745,-0.7349677019759961,-1.4999872413299586,-1.245549314268381,1.2877205369781783,-1.1840271564273457,-1.499989632966796,-1.4999987783114692,1.251875058362838,-1.4999971150096019,1.4999915213712942,-0.7912812156960053,1.49999926688045,-1.499992801572963,1.4999904763397087,-1.4999962617143705,1.1836029918182334,1.4999925282699231,1.4999940306826725,1.4999937872302829,-1.4999966400832048,-1.4999890797164876,0.3314587215985302,-1.4999889708080325,-1.4999952406056845,-1.2412275612933994,-1.4999918129258858,1.3249162334043,1.0764331391928161,-0.9963607072333908,0.7626630955299186,-1.499992203481127,-1.0
1.5004039559352385,1.499988449085638,-1.4999929710390931,-0.7140416768282797,0.4900318135710045,1.4999645476128256,-1.4999872413299586,0.9546328943264805,-0.4156556236490907,0.8735491170468913,-1.499989632966796,-1.4999879237735996,-0.8157449637185301,-1.499986724943653,1.4999968686496972,1.4999957164125604,1.4999890212517275,-1.499993705582806,1.4999881733893408,-1.4999926085932955,-0.34463448499945964,1.4999936633101478,1.4999904025971897,1.4999937872302829,-1.4999926466459446,-1.4999914198211262,-1.499991687762437,-1.499991488711336,-1.4999952406056845,0.007041855215457984,-1.4999943200602561,0.5725443375513499,-1.4149602224257274,1.499046872050868,-1.4999659083157006,-1.499992203481127,1.0
1.5017488631208222,1.4999984202662144,0.7316178585082047,1.1692831259861376,-1.2271499018016576,-0.8555295568962373,-1.4999969887818383,-1.4178332088922505,1.3012671630167307,-1.2149209619714738,-1.499989632966796,-1.4999879237735996,-0.5964644994008858,-1.4999896935505108,1.4999968686496972,-1.048295089088235,1.4999890212517275,-1.4999900895434344,1.4999881733893408,-1.4999926085932955,1.2717231882475362,1.499989123150217,1.4999916119590173,1.4999937872302829,-1.499986442561522,-1.4999949299805024,0.4744090990602808,-1.4999918997981818,-1.4999952406056845,-1.2671968475494864,-1.4999918129258858,1.2962023509809737,1.1413252603180057,-1.0613949964266578,0.7975940587322428,-1.499992203481127,-1.0
1.5008683843158717,1.499988449085638,-1.499993638971198,-1.4999729434207387,1.4234024894301534,1.4999920611725308,-1.4999872413299586,1.2592824009674837,-0.745238981565894,1.4999719242200233,-1.5000006536829458,-1.4999879237735996,-0.4408764012166543,-1.4999971150096019,1.4999915213712942,1.4999957164125604,1.4999890212517275,-1.499993705582806,1.4999870219359268,-1.4999944624172303,-1.2263611445395701,1.49999309578931,1.4999940306826725,1.4999901388405719,-1.4999966400832048,-1.499995749014465,-1.499989544483514,-1.4999917970240515,-1.4999852082947225,0.1296948114082335,-1.4999867986716584,1.2362939416095324,-1.499992711565969,1.4999478136510274,-1.4999944164920365,-1.499992203481127,1.0
1.5008587087246084,1.4999984202662144,1.0094555315063316,1.2719540011864212,-1.302092690351595,-1.0908789269327217,-1.4999969887818383,-1.4422369965078654,1.1031330360465954,-1.275184777538327,-1.499989632966796,-1.4999951601386297,1.2330858690556186,-1.4999985993130307,1.4999861741122424,-1.2394973680406816,1.4999890212517275,-1.4999900895434344,1.499991052076091,-1.4999944624172303,1.1413380686427912,1.4999936633101478,1.499998868149334,1.4999828420805013,-1.499983162245816,-1.4999937599257644,0.8566529791912937,-1.4999940066146393,-1.4999952406056845,-1.3178710063750965,-1.4999901415013597,0.8059969444983709,1.3071280824304847,-1.3070430391513024,1.0610025917518262,-1.499992203481127,-1.0
1.5014779465654529,1.4999984202662144,-1.499993638971198,-1.4999912330580256,1.4999914931040543,1.4999920611725308,-1.4999969887818383,0.4528876840948789,-1.4999934557445262,1.4999940198701993,-1.5000006536829458,-1.4999915419561145,-1.4999980008777112,-1.4999896935505108,1.4999861741122424,1.4999957164125604,1.4999890212517275,-1.4999891855335916,1.4999950822404444,-1.499989009999015,-1.126432989586604,1.4999879881114437,1.4999916119590173,1.500002908192466,-1.499991006484705,-1.4999949299805024,-1.4999910201853424,-1.4999937805154226,-1.4999872147704607,0.4441301000024341,-1.4999876343524758,-1.4999949308077656,-1.4999889196241547,1.4999989029330847,-1.4999955976059753,-1.499992203481127,1.0
1.5020633198368762,1.499988449085638,-1.499993638971198,-1.4999912330580256,1.4999914931040543,1.4999920611725308,-1.4999872413299586,1.4999961210990027,-1.4999934557445262,1.4999940198701993,-1.499989632966796,-1.4999879237735996,-1.4999935514990153,-1.4999971150096019,1.4999968686496972,1.4999957164125604,1.4999890212517275,-1.4999973216221778,1.4999870219359268,-1.499989009999015,-1.0352209468326712,1.4999902581889901,1.4999952400445,1.4999937872302829,-1.4999948572974608,-1.4999914198211262,-1.4999908445056318,-1.4999911803937824,-1.4999862115567806,0.22820984252486293,-1.4999968271946265,-1.4999645045812668,-1.4999943366829218,1.4999941704417505,-1.4999878997539442,-1.499992203481127,1.0
1.5019955906980338,1.4999984202662144,-1.499993638971198,-1.4999912330580256,1.4999914931040543,1.4999920611725308,-1.4999969887818383,1.4999774295470512,-1.4999934557445262,1.4999940198701993,-1.5000006536829458,-1.4999915419561145,-1.4999980008777112,-1.4999896935505108,1.4999861741122424,1.4999868404218348,1.4999890212517275,-1.4999918975631203,1.4999870219359268,-1.4999926085932955,-1.0421874906401267,1.4999879881114437,1.4999940306826725,1.5000010840048672,-1.4999966400832048,-1.4999937599257644,-1.499988771500528,-1.4999929275123942,-1.4999952406056845,0.2126583208794764,-1.4999876343524758,-1.4999962818299248,-1.4999900030388107,1.4999941704417505,-1.499986561135893,-1.499992203481127,1.0
1.5016472694125589,1.4999984202662144,-1.499993638971198,-1.4999912330580256,1.4999914931040543,1.4999920611725308,-1.4999969887818383,0.8724657722987973,-1.4999934557445262,1.4999940198701993,-1.5000006536829458,-1.4999915419561145,-1.4999980008777112,-1.4999971150096019,1.4999861741122424,1.4999868404218348,1.4999890212517275,-1.499992801572963,1.499993355026459,-1.4999944624172303,-1.0902637842341307,1.4999879881114437,1.4999916119590173,1.4999992598172684,-1.4999966400832048,-1.4999937599257644,-1.49999056342003,-1.499990306837863,-1.4999952406056845,0.36364773710674414,-1.4999876343524758,-1.4999962818299248,-1.4999921698584475,1.4999941704417505,-1.4999920823814268,-1.499992203481127,1.0
1.5007135748556606,1.4999984202662144,1.0269500528949396,1.2784775495055338,-1.3068537002448233,-1.1057033692476315,-1.4999969887818383,-1.4438571896854164,0.6085127272372748,-1.2790480870086756,-1.5000006536829458,-1.4999915419561145,0.013182031069092097,-1.4999896935505108,1.4999861741122424,-1.2515511311072598,1.4999890212517275,-1.4999900895434344,1.5000031425836644,-1.4999871561847555,1.3643356830630369,1.4999947983489212,1.4999940306826725,1.5000010840048672,-1.4999966400832048,-1.4999937599257644,0.9771681212191352,-1.4999922081108974,-1.4999952406056845,-1.321126903324885,-1.4999876343524758,1.204670765670195,1.3140036314523447,-1.1963364023019867,1.1195677713805603,-1.499992203481127,-1.0
1.5020826710194024,1.499988449085638,0.6355158206428068,1.133747163953503,-1.2012338178569728,-0.7741288127100984,-1.4999872413299586,-1.2496054752352155,1.292110846049577,-1.1940508586645273,-1.5000006536829458,-1.4999879237735996,1.186637090784359,-1.4999971150096019,1.4999968686496972,-0.8230963584425569,1.4999941440806022,-1.499993705582806,1.4999968094544298,-1.4999962617143705,1.2415766273141313,1.4999908257107957,1.4999806067770296,1.4999937872302829,-1.4999966400832048,-1.4999914198211262,0.4118605570271079,-1.499990306837863,-1.4999952406056845,-1.249653624785908,-1.4999909772160416,1.3797254615486498,1.06521099776579,-1.0174789478171034,0.7573583660540812,-1.499992203481127,-1.0
1.500732926038187,1.4999984202662144,1.0541740696389204,1.2884638668642796,-1.3141334326067946,-1.1287542635026708,-1.4999969887818383,-1.4461401238574338,1.020655430295577,-1.2848658680286296,-1.499989632966796,-1.4999951601386297,1.2431961190592555,-1.4999985993130307,1.4999861741122424,-1.2702628718901636,1.4999890212517275,-1.4999900895434344,1.5000025668376062,-1.4999871561847555,1.177082063434163,1.4999879881114437,1.4999795183213904,1.4999828420805013,-1.499982092560824,-1.4999937599257644,0.9129316940755121,-1.4999943663144202,-1.4999952406056845,-1.3260055708375198,-1.4999918129258858,1.3407537689344087,1.3244310588967527,-1.208731435178265,1.1432471074412083,-1.499992203481127,-1.0
1.5023390741878773,1.4999984202662144,0.5043483152581214,1.0853053613701653,-1.1658742142746075,-0.6630227123598232,-1.4999969887818383,-1.3978866546778266,1.2796706606594674,-1.1656344594074532,-1.499989632966796,-1.4999879237735996,-0.11836891908852777,-1.4999971150096019,1.4999968686496972,-0.7328293095583913,1.4999890212517275,-1.499993705582806,1.4999973851908124,-1.499993535505263,1.091785447404111,1.4999936633101478,1.4999940306826725,1.4999974356151562,-1.499987155652598,-1.4999931749003306,0.18107314737288177,-1.4999931330558172,-1.4999952406056845,-1.22576272944587,-1.4999943200602561,1.1921585158349328,1.0533152366574918,-0.9575785138612033,0.6215800928927536,-1.499992203481127,-1.0
1.5008732221115033,1.499988449085638,-1.499993638971198,-1.4999912330580256,1.4999914931040543,1.4999920611725308,-1.4999872413299586,1.4999915206688632,-1.114076958266303,1.4999940198701993,-1.499989632966796,-1.4999987783114692,-1.4999913267999916,-1.499986724943653,1.4999968686496972,1.4999957164125604,1.4999890212517275,-1.4999918975631203,1.499987597633607,-1.4999944624172303,-1.1935155558622053,1.4999913932326012,1.4999940306826725,1.4999937872302829,-1.4999966400832048,-1.4999876756672506,-1.49999056342003,-1.499990306837863,-1.4999952406056845,0.35717294762919394,-1.4999918129258858,-1.2928285002301376,-1.4999943366829218,1.4999894379746055,-1.4999932541245555,-1.499992203481127,1.0
1.5008393575420822,1.499988449085638,-1.499993638971198,-1.4999912330580256,1.4999777280851994,1.4999920611725308,-1.4999872413299586,1.3838676607787883,-0.8798776485756524,1.4999920942925948,-1.5000006536829458,-1.4999879237735996,-1.4999906443213091,-1.499986724943653,1.4999968686496972,1.4999957164125604,1.4999890212517275,-1.499993705582806,1.5000002639017518,-1.4999944624172303,-1.1970637273772755,1.4999982034845922,1.4999904025971897,1.4999915981954888,-1.4999935023808761,-1.499992180356464,-1.499991722894509,-1.4999909234681321,-1.4999912276832348,0.26655224859307614,-1.4999959914799443,-0.10140415591775896,-1.4999943366829218,1.4999941704417505,-1.499990835647628,-1.499992203481127,1.0
1.5013715150615579,1.4999984202662144,-1.499993638971198,-1.4999912330580256,1.4999914931040543,1.4999920611725308,-1.4999969887818383,0.3963706734044431,-1.4999934557445262,1.4999940198701993,-1.5000006536829458,-1.4999915419561145,-1.4999980008777112,-1.4999896935505108,1.4999861741122424,1.500004592374259,1.4999890212517275,-1.4999918975631203,1.4999945065040619,-1.499989009999015,-1.148732282828447,1.4999879881114437,1.4999940306826725,1.5000010840048672,-1.4999873695799208,-1.4999970360712906,-1.4999921445229116,-1.4999947260142008,-1.4999952406056845,0.5053654165962774,-1.4999876343524758,-1.4999935797807684,-1.499995420097578,1.4999894379746055,-1.4999906669198297,-1.499992203481127,1.0
1.500481360665344,1.499988449085638,-1.499993638971198,-1.1113043364007489,0.7799157511734327,1.4999920611725308,-1.4999969887818383,1.0493524465590842,-0.518048891720744,1.1069316510173985,-1.499989632966796,-1.4999879237735996,-0.05379701613165848,-1.4999971150096019,1.4999915213712942,1.4999957164125604,1.49999926688045,-1.4999955136024918,1.4999881733893408,-1.4999944624172303,-1.3122011306688992,1.4999908257107957,1.500003705557942,1.4999901388405719,-1.4999912204168657,-1.5000136508079336,-1.4999921445229116,-1.4999919511804092,-1.4999952406056845,0.20216482989647866,-1.4999918129258858,1.4036752391101912,-1.4902238372782024,1.4999859749898399,-1.4999907569076663,-1.499992203481127,1.0
1.5000507968541317,1.4999984202662144,0.5256958771620928,0.5749676583508962,-0.4502018169820148,-0.7431302173623924,-1.4999969887818383,-1.2070769549150353,-0.0795495763550789,0.10956562317628109,-1.499989632966796,-1.4999879237735996,-1.5000002255864102,-1.4999971150096019,1.4999968686496972,-1.399494881734821,1.49999926688045,-1.496247482463961,1.4905523544193031,-0.40915868772395025,-0.5701928745116605,1.4999936633101478,1.4999940306826725,1.4999974356151562,-1.499989152385016,-1.4999937599257644,0.9846115396226196,-1.4999925678121295,-1.4999952406056845,-0.2868275496337311,-1.4999918129258858,0.20477133035194106,0.8418701128243616,-0.029779340060047177,0.9003464605169317,-1.4870362839960518,-1.0
1.5002491464750272,1.499988449085638,-1.499993638971198,-1.500012417944095,0.5219995714140347,1.499985813091259,-1.4999872413299586,0.9655048646322193,-0.42707860417820254,0.8995872279962578,-1.5000006536829458,-1.4999879237735996,-0.8433864761369121,-1.4999971150096019,1.4999968686496972,1.4999957164125604,1.4999890212517275,-1.499993705582806,1.4999899006033262,-1.4999962617143705,-0.8039565214660577,1.4999868530968594,1.4999940306826725,1.4999930575523408,-1.4999966400832048,-1.4999937599257644,-1.49999056342003,-1.499990306837863,-1.4999952406056845,0.050126530358423224,-1.5000043485977372,-0.2947882251252113,-1.1199061308919198,1.4996749284826192,-1.4999877547805252,-1.499992203481127,1.0
1.5003942803439752,1.499988449085638,-1.4999734265294367,-0.5737434870225262,0.387512378928431,1.4999155349157909,-1.4999969887818383,0.9211487950299182,-0.3794639942914766,0.791040398361045,-1.499989632966796,-1.4999879237735996,0.44413547896806527,-1.4999971150096019,1.4999968686496972,1.4999828118777576,1.4999890212517275,-1.499993705582806,1.4999881733893408,-1.4999880830870476,0.032613069139119495,1.499989123150217,1.4999916119590173,1.4999901388405719,-1.499990150746387,-1.4999902497712259,-1.4999640601878244,-1.499993955227574,-1.4999872147704607,-0.007652452586919073,-1.4999918129258858,-1.4999947768700195,-0.6996493163815067,1.4013569283217693,-1.4999405530028007,-1.499992203481127,1.0
1.5009990047979247,1.4999984202662144,-1.499993638971198,-1.4999912330580256,1.4999914931040543,1.4999920611725308,-1.4999969887818383,-0.2947054812484251,-1.089805667864454,1.4999940198701993,-1.5000006536829458,-1.4999879237735996,-1.5000002255864102,-1.4999896935505108,1.4999968686496972,1.4999868404218348,1.49999926688045,-1.499993705582806,1.4999945065040619,-1.499989009999015,-1.2067287158349875,1.4999936633101478,1.4999795183213904,1.4999901388405719,-1.499978954863333,-1.4999920048460762,-1.4999967121615219,-1.4999940580017044,-1.49998922122201,0.4712175656663024,-1.4999918129258858,-1.4999945321355637,-1.4999889196241547,1.4999941704417505,-1.4999920167664047,-1.499992203481127,1.0
1.5006506835124498,1.4999984202662144,1.0329509094550964,1.2807264663225977,-1.3085080231658412,-1.1107934316217234,-1.4999969887818383,-1.4444327595101663,0.3769453784776417,-0.9307143532746398,-1.5000006536829458,-1.4999879237735996,-1.5000002255864102,-1.4999896935505108,1.4999968686496972,-1.2556949405597186,1.4999890212517275,-1.4999893663365278,1.5000002639017518,-1.4999853568634263,1.28470515972907,1.4999947983489212,1.4999916119590173,1.4999937872302829,-1.4999966400832048,-1.4999925898744129,1.041492900876925,-1.499996781448431,-1.4999872147704607,-1.3222620251682016,-1.4999918129258858,0.5887681359587823,1.2581071410235385,-1.1990935878761988,1.1024432166029317,-1.499992203481127,-1.0
1.5016134048431375,1.4999984202662144,-1.499993638971198,-1.4999912330580256,1.4999914931040543,1.4999920611725308,-1.4999969887818383,0.12495109096678413,-1.4999653746632846,1.4999940198701993,-1.499989632966796,-1.4999951601386297,-1.499995776193201,-1.4999926621341473,1.4999861741122424,1.4999868404218348,1.49999926688045,-1.499986473523414,1.499991052076091,-1.4999853568634263,-1.1368289376912701,1.499989123150217,1.499998868149334,1.4999828420805013,-1.4999858007311755,-1.4999949299805024,-1.4999955526870428,-1.4999908206940016,-1.4999952406056845,0.13952888575637534,-1.4999951557701001,-1.4999962818299248,-1.4999889196241547,1.4999941704417505,-1.4999943902421573,-1.4999996734971728,1.0
1.501429568609137,1.4999984202662144,-1.499993638971198,-1.4999912330580256,1.4999914931040543,1.4999920611725308,-1.4999969887818383,0.30552964767214963,-1.4999914155422214,1.4999940198701993,-1.5000006536829458,-1.4999879237735996,-1.4999846527222722,-1.4999852406595753,1.4999968686496972,1.4999957164125604,1.4999890212517275,-1.4999973216221778,1.499995657976827,-1.4999871561847555,-1.1265384834252927,1.4999953658658889,1.499998868149334,1.4999937872302829,-1.4999889384528553,-1.4999949299805024,-1.499992320203106,-1.4999932358280126,-1.4999952406056845,0.2813028539112091,-1.4999909772160416,-1.4999763006917468,-1.4999889196241547,1.4999894379746055,-1.4999932541245555,-1.499992203481127,1.0
1.5017633765077172,1.499988449085638,-1.499993638971198,-1.4999912330580256,1.4999914931040543,1.4999920611725308,-1.4999969887818383,1.4999961210990027,-1.4999934557445262,1.4999940198701993,-1.499989632966796,-1.4999987783114692,-1.4999891021009681,-1.499986724943653,1.4999968686496972,1.4999868404218348,1.4999890212517275,-1.499993705582806,1.4999881733893408,-1.4999926085932955,-1.0511208404239865,1.49999309578931,1.4999855651305283,1.4999956114227195,-1.499996283527991,-1.4999855695813002,-1.4999903174713378,-1.4999909234681321,-1.4999942373726531,0.30543070287183766,-1.4999909772160416,-1.4999908777316122,-1.499991628155957,1.4999941704417505,-1.4999944652328274,-1.499992203481127,1.0
1.500239470883764,1.4999984202662144,1.1767666853663332,1.3338143614493216,-1.1652850910403414,-1.2326082678082317,-1.4999969887818383,-1.4405848660088953,0.17286375194508063,-0.4656248423727642,-1.499989632966796,-1.4999879237735996,1.424998788156085,-1.4999971150096019,1.4999968686496972,-1.3546453839721855,1.49999926688045,-1.4999918975631203,1.4999870219359268,-1.499989009999015,1.4112439860103512,1.4999925282699231,1.4999940306826725,1.4999886794856552,-1.4999865851797372,-1.5000007802396795,1.1090910514296874,-1.4999932872150776,-1.4999952406056845,-1.1218790282501652,-1.4999918129258858,0.5715183445297254,1.466899326050033,-1.2403892286150986,1.186192305645648,-1.499992203481127,-1.0
1.501129625279978,1.4999984202662144,0.8918301154529205,1.2285300063555467,-1.2704304564503068,-0.9912559908670381,-1.4999969887818383,-1.4319763698711037,0.9405831190168279,-1.2497237825308374,-1.5000006536829458,-1.4999987783114692,1.2802761462080154,-1.499986724943653,1.4999861741122424,-0.9995032708185494,1.4999890212517275,-1.4999846654940527,1.4999968094544298,-1.4999853568634263,1.2132412525151681,1.4999902581889901,1.4999916119590173,1.4999945169053226,-1.4999966400832048,-1.4999925898744129,0.758568750474712,-1.499989638820529,-1.4999932341444595,-1.2964804604080404,-1.4999918129258858,1.3183889546678904,1.2421905208343604,-1.1854878022633768,0.9801706014634569,-1.499992203481127,-1.0
1.5021891025232976,1.499988449085638,-1.499993638971198,-1.4999912330580256,1.4999914931040543,1.4999920611725308,-1.4999872413299586,1.4999961210990027,-1.4999859154325061,1.4999940198701993,-1.499989632966796,-1.4999879237735996,-1.4999846527222722,-1.499986724943653,1.4999968686496972,1.4999957164125604,1.4999890212517275,-1.4999955136024918,1.4999973851908124,-1.4999962617143705,-1.0392865607974844,1.4999959333876944,1.4999795183213904,1.4999937872302829,-1.4999966400832048,-1.4999843995120488,-1.4999918985742196,-1.4999883541777634,-1.4999952406056845,0.33867588451698677,-1.4999918129258858,-1.4999839710993357,-1.4999943366829218,1.4999941704417505,-1.4999932541245555,-1.499992203481127,1.0
1.5006700346949762,1.499988449085638,-1.499993638971198,-1.3324188011908071,0.9413023726348992,1.4999920611725308,-1.4999969887818383,1.1019251145545526,-0.5750050841769676,1.2367193933558678,-1.499989632966796,-1.4999879237735996,0.2442922915202517,-1.499986724943653,1.4999968686496972,1.5000001544224366,1.4999890212517275,-1.4999909935532774,1.5000025668376062,-1.4999880830870476,-0.652395139645661,1.4999936633101478,1.4999940306826725,1.4999937872302829,-1.4999966400832048,-1.4999873246367996,-1.499992917509284,-1.4999868639818994,-1.4999952406056845,0.15746212607579463,-1.5000001700485164,-1.2190358518913476,-1.4931641719661586,1.4999905306178507,-1.499990835647628,-1.499992203481127,1.0
1.5003507401832907,1.499988449085638,-1.499993638971198,-0.6955572376110049,0.47652484790239963,1.499967951843304,-1.4999969887818383,0.9502612519714996,-0.4108939440523152,0.8627574566070035,-1.499989632966796,-1.4999879237735996,-1.5000002255864102,-1.4999971150096019,1.4999968686496972,1.4999957164125604,1.49999926688045,-1.499992801572963,1.4999870219359268,-1.4999962617143705,-1.1636767467866564,1.4999936633101478,1.4999916119590173,1.4999901388405719,-1.4999913630399186,-1.4999931749003306,-1.4999925310173075,-1.4999912317808477,-1.4999952406056845,0.03499818344670463,-1.4999951557701001,-0.5550829718635163,-0.8269492033306245,1.497110581106579,-1.4999943902421573,-1.499992203481127,1.0
1.502460019078667,1.4999934346662507,0.7857613333567504,-1.5000001302735984,1.5000103196953736,1.5000269865302378,-1.4999872413299586,0.703442033713013,1.4977965144733816,-1.2802139903997134,-1.4999951433272898,-1.4999915419561145,0.7453762768756116,-1.4999971150096019,1.4999915213712942,0.6432662149072786,1.49999926688045,-1.500008169730617,1.499995657976827,-1.4999871561847555,-0.11583228335969568,1.4999925282699231,1.4999891932353622,1.4999934223927631,-1.4999966400832048,-1.4999982061453798,-1.5000112232020857,-1.5000114777668918,-1.4999952406056845,-1.1890175486790273,-1.4999918129258858,-1.500005738980202,-1.5000105878543855,0.31425174389111166,-0.3812017506834344,-1.499992203481127,-1.0
