2.0181803138142675,-1.9998686577493043,-1.999858434707119,-0.5277607682313177,-1.999882474899682,0.3745114519402879,-1.9999166084108986,-1.999797921057103,-1.8953315143218132,-0.33814670532081137,-1.9996080048740545,1.999361211858282,-1.2391085663618835,-1.9954047652401745,-1.9997848322970029,0.6044559984423059,-1.9999908197982517,-0.1870330126611089,-1.9997281419322297,1.1179770675246434,-1.999957116275775,1.9997952409991497,1.9976102075495308,-1.1859237301429164,-0.7033879507088565,-1.0928021737384856,1.9906802149053748,-1.8198700943112072,1.7367095019056737,0.5457588583398292,-1.4916639907037252,-0.6418596043136535,1.9987939682025886,1.999941694726688,1.0
2.011635400841131,-1.9998686577493043,-1.9998478101317259,-0.7842965165883534,-1.9998451942362956,-0.06706544987329535,-1.9998576808673991,-1.9998325845943916,-1.4770042239613121,-1.0399983820405767,-0.33758639499362697,0.8960443616103749,1.2034241463732283,-1.9993602634768644,-1.9979718741391397,0.7893826105840622,0.5573311966497863,-0.6087917458145805,0.5662133251493011,1.3043876206848752,-1.999835615504432,1.9998381538678163,1.999188172115514,0.2828229219682443,-0.9028357300288198,-1.2329814087107702,1.9999377920566155,-0.3434578875402759,1.8304346217793508,1.6337720560014233,-1.1342202909694417,0.5991514794968961,1.9990521547308162,1.9997296934332098,1.0
2.0020697588034704,-1.9998686577493043,-1.9998576546877473,-1.4839442717460565,-1.9998514450197609,-0.012525227872728641,-1.9998430480642346,-1.9998952012871702,-1.6453583230569908,-1.4890576788459526,-0.1810375045653522,0.7422155875605277,1.264903285412544,-0.8120219787400407,-0.3403824418932247,0.24007505687947495,0.4843398276000323,-0.22408960370821743,0.41611288776868655,1.7062139907804883,-1.0261076245794112,1.9999000173362087,1.9999259165078136,0.40765002089461405,-1.4841179749519098,-1.5968879283303334,1.9999091290297952,-0.11103384750626737,1.5146333673096826,1.0119849618124854,-1.5712895022498714,-0.29619219932205504,1.99865664660157,1.9491093759364326,1.0
2.0130898259462726,-1.9998686577493043,-1.999874452011105,-0.8110051747363315,-1.9998451942362956,-0.03692655933406583,-1.999837035750547,-1.9999930467292089,-1.5391116172855965,-0.7994586303026285,-1.9994752976294807,1.3603973447962705,1.999306488370202,-1.999638518141903,-1.4176258266137907,-1.3084315580271966,-0.799905640995001,-0.43676910544676023,-0.25839612789519073,1.9997004516439298,-1.999828913737305,1.9998657011827625,1.9999471881462496,0.013885178107386209,-0.8638229524765898,-1.2004486492410034,1.9999292831103561,-1.6744138966308413,1.5633093691365116,1.8618276032271206,-1.1435043392961164,-1.9593006945585274,1.9999577573416096,1.9997077824545737,1.0
2.013201704800514,-1.9998686577493043,-1.999895532616397,-0.7711709967764715,-1.9998718823216413,-0.09830664638726162,-1.9998807422878058,-1.9999022212377584,-1.567295660984725,-0.8031795843486227,-1.9998354271268375,1.9998522645033827,1.7518680643642555,-1.999901371853497,-1.9995866525099972,0.8139912285689286,-0.7579517254565658,-0.4305878130049673,-0.9430435416028113,1.9998924204879025,-1.9998751437021212,1.9998842265141816,1.9999093191119686,-0.35021374771888186,-0.8880050445941168,-1.1433793702594321,1.9998958443668244,-1.6732055089654883,1.5091311421584708,1.9984765129180522,-1.1840069317584487,-1.9046523111562765,1.9999176218654997,1.99988259929778,1.0
2.012866068237789,-1.9998686577493043,-1.9998538242914146,-0.7978609799028081,-1.9998481135471786,-0.1094144650644572,-1.999838259761152,-1.999900543334642,-1.4712688546779056,-0.9663707891328409,-1.1575627843488658,1.6417145913434779,1.74204484014925,-1.8290605000062323,-1.998345973169494,0.4098385202108177,0.2051218833992723,-0.45048930278820326,0.2761868154213222,1.999155004859937,-1.999829322095123,1.9998926017875858,1.9999438138240662,0.2883223293217371,-0.842457131061764,-1.1512926827931063,1.9999326370146486,-0.7807333179070317,1.7069725624229943,1.3856072756475792,-1.1124494724205762,-0.9016992578723843,1.9999577573416096,1.999886081051633,1.0
2.0026850925017996,-1.9998686577493043,-1.999960204132152,-1.6831055553238488,-1.9998451942362956,0.5788347150697094,-1.9999505831100814,-1.9999009429659094,-1.9999324629311515,-2.000024700054045,-0.5080864155448879,-0.6398809034655555,-0.7852740295887378,0.10636765142361347,-1.7678342216364904,-0.7396620288017295,-1.4077078627025015,-1.7476626851005488,0.7884886249137604,0.7953362712513026,-1.999632952532169,1.9998872255499363,-0.6735877656819171,0.45983672545256404,-2.000013756623918,-1.3401451072723212,1.9999377920566155,-1.5344099114080112,-1.6364734932743759,1.4485768350422046,-1.9999226268219836,0.18773751370740369,-1.255002795411276,1.9998863916049567,-1.0
2.018627829231234,-1.9998686577493043,-1.9998478101317259,-0.5757800235275559,-1.9998451942362956,-0.7399893039535496,-1.999837035750547,-1.9998984507525521,-1.3910416035122193,-1.048824618994784,-0.04744687981171755,0.48320132758004886,1.3016424858878488,-1.9981725994851727,-1.9919309076879153,0.08651117251749524,0.672554227787579,-0.14936227580160266,0.6934849720995444,1.2717944647308421,-1.999829101134386,1.9998879413010595,1.9975818959296037,0.35828273254793713,-0.5402967107275366,-0.9445069462588787,1.999935660484745,-0.2644922856322007,1.7401697621943628,0.6482739475072221,-1.0143103262721607,-0.39937497626403096,1.99827051359139,1.6127014117698317,1.0
2.0092300054749357,-1.9998686577493043,-1.999960204132152,-1.5091206254512775,-2.000060403393405,-1.83276787370123,-2.00006413007804,-1.9997935219805543,-1.9999445880816769,-1.9999090870192855,-2.000034664544198,1.8291579458635066,1.0171806225693614,1.3018579865122215,0.05339050827226562,-1.923948948976854,-0.6648239920804334,-1.4238403380392295,-0.620656670663952,0.20305597235366757,-2.000010735894853,1.9997792691739182,-0.7226385360618813,1.3566182712548165,-1.9998297237402098,-1.541872215121988,1.9999377920566155,-1.7625764439278866,-0.4633862199989663,0.1291388293117273,-2.0000205113097422,-1.9985847285783382,-1.2697895133462282,2.000005834482249,-1.0
2.004419214742545,-1.9998686577493043,-1.9998478101317259,-1.3533636769267416,-1.9998451942362956,0.4426634676242238,-1.999837035750547,-1.9998906767272984,-1.610998047095293,-1.4015717332271909,-0.29335391144725836,-1.2145364887719599,1.4855632587750691,-1.9988965315619112,-1.0714568972560394,-0.1850529670756131,0.5737138260581345,-1.0934630594599535,0.5834012136368368,0.5675109346083349,-1.9998272763902734,1.9998585382509986,1.9999471881462496,-1.426479754297944,-1.3169641938402568,-1.6211710727346833,1.9999377920566155,-1.9938408110440273,1.8687920094084194,-1.1428197721741218,-1.429349874715151,-1.9998594973302208,1.9999577573416096,1.996186341594237,1.0
2.017397161834576,-1.9998686577493043,-1.9998478101317259,-0.5916206694019,-1.9998451942362956,-0.6523207199155594,-1.999837035750547,-1.9998994680669737,-1.3998235537638062,-1.097151245968934,-0.07194043800383615,0.6139554333503077,1.3954988653005052,-1.9983698641140122,-1.9922246620322455,-0.031548050599324376,0.6529323216132503,-0.22007230017170046,0.6656243130090621,1.5876470815715065,-1.9998272763902734,1.9998763132836634,1.9978345222144007,0.3234226744795128,-0.5905815992089994,-1.0277657434765415,1.9999377920566155,-0.5036827534883948,1.754254844841055,0.8936670136112345,-1.0257117516548249,-0.8113550278640125,1.9985694803537672,1.6309682207755103,1.0
2.002573213647558,-1.9998686577493043,-1.9998538816293274,-1.6881182834885404,-2.000060403393405,0.2535776875714328,-1.99999190612429,-1.9998626591967157,-1.999868182823568,-1.9999824171192673,0.9009436098750395,-0.3491473631660063,-1.1043875100965805,-0.23481740436221443,-1.4148566775848035,0.1934923516372906,0.8630477675622852,-1.682071144600732,1.0184226469770477,-0.880663088741483,-1.9999462819275302,1.9998532688688426,-1.3474653127865852,0.6049533461635205,-1.9965170615310137,-1.8058678791768805,1.9998860014050768,-0.9570645477366142,1.1551911598227658,-1.1393838075396565,-1.9999320570346681,0.39018747435214524,-0.7285393699356665,1.9999364535939428,-1.0
2.0043073358883032,-1.9998686577493043,-1.9998478101317259,-1.3082374897321847,-1.9998451942362956,0.24910414918674334,-1.999837035750547,-1.99982255454323,-1.5794049945023967,-1.1250161021247733,-0.43281842652415026,1.9999836444302985,1.5422590323910157,-0.1712765116025929,-0.8222440069533764,1.9297704771213362,0.5236858565762444,0.14456565809771538,0.5320728126894263,1.9999984773287938,-1.9998506968299232,1.999995181937142,1.9999375960448629,0.9208077796677805,-1.384735174456385,-1.3569174125377736,1.9998708810058956,1.3057412497903167,1.323290091702678,2.000001316814114,-1.6212038746225916,1.274288650436999,0.06946515057145386,2.000005834482249,1.0
2.0118032191224935,-1.9998686577493043,-2.0000725981885172,-1.5498749931299383,-1.9999527988707897,-1.1208279345073422,-2.00006413007804,-1.9998316391061945,-2.0000406735574594,-1.999793473872647,-0.4603629322721562,-0.6861677932975572,-0.8056473969115617,0.14836313614606458,-0.6069885034505611,-0.25988875310583376,-0.48236952884208906,-1.3481039283582001,-0.4318436134976676,-0.49908542131478095,-2.000010735894853,1.9997792691739182,-0.28109851611227343,-0.035625199188454165,-1.999897573622335,-1.5283908546034086,1.9999377920566155,1.2690033762215447,-0.8717945760782699,-0.20200749303530774,-1.9999226268219836,0.2133840471219725,-0.9231118108476314,1.9998863916049567,-1.0
2.014823948187018,-1.9998686577493043,-1.999874079957975,-0.6783386514595119,-1.9998840018166906,-0.21481217231594055,-1.9998956158542647,-1.9998445469611843,-1.5747351917575532,-0.6801727689741954,-1.9999217399023665,1.9999379323526987,0.4474998349494637,-1.9409813643684342,-1.9998382678047735,1.7397211569646518,-1.9997124736274308,-0.3087746695797832,-1.9999703644103,1.9999303879699812,-1.9999525711973214,1.9999075904717918,1.9998169835356832,-0.5998515321467793,-0.9342445479290798,-1.0900631034169557,1.9997926431721542,-1.6303599170860141,1.6760543000890198,1.6814484435762584,-1.1867290793100667,-1.9991535917844607,1.9996169709379377,1.999853881685267,1.0
2.018683768658355,-1.9998686577493043,-1.9998478101317259,-0.5652441282591387,-1.9998451942362956,-0.7512385924426178,-1.999837035750547,-1.9999011835613854,-1.3721504270652403,-1.0594108518156868,-0.08197675427089346,0.7089532102674665,1.3172444685667053,-1.998235320468824,-1.9920930869945412,0.24747248458085871,0.6449920571725488,-0.1425667390102495,0.676803763600549,1.4995682619013455,-1.9998274816879709,1.9998973691637287,1.997579697118542,0.4493186208432359,-0.5302867901034711,-0.9222860704662149,1.9999377801415175,-0.19893129288878947,1.7416698397571837,0.8778204766615956,-1.0128592439002733,-0.31228469640198286,1.998424751696976,1.62539362664595,1.0
2.0105725517258355,-2.000048437949944,-2.0000725981885172,-1.6492578022671844,-1.9999527988707897,0.6282538244088375,-1.9999505831100814,-1.9999009429659094,-1.9999445880816769,-1.9999090870192855,-1.9999353927586467,1.8021065736231507,0.24727101536483276,-1.999767640491128,-1.0037778691681476,-1.7707816148198712,-1.4371431634059015,-1.3166695540594031,-2.000009544385055,1.2252317380488698,-1.9999190061425631,1.9998872255499363,1.9999471881462496,-0.20469218043407456,-1.9998297237402098,-1.7525415460799352,1.9999377920566155,-1.9999827521964357,1.9998513603834076,1.5291592186640428,-1.9999226268219836,-1.170423620300576,1.999850729554488,1.9998863916049567,-1.0
2.018292192668509,-1.9998686577493043,-1.9998478101317259,-0.5120341180117302,-1.999903887113898,-0.09560407485433514,-1.999943700770484,-1.9998618804080115,-1.6472988785154903,-0.4992939823560106,-1.999980516856928,1.9999002655438944,-0.2930690103817732,-1.9995279309180871,-1.999966947070697,0.43443562085348114,-1.9997475668026377,-0.2293111321897074,-1.9610657105484564,1.998803322365332,-1.9998745309416366,1.9998250684610848,1.9999078820840253,-0.10442571728527555,-0.6175178408951466,-1.0113282791679596,1.999908490760932,-1.2661249179028164,1.5958286484766684,1.9999545984421603,-1.131584367554963,-0.9880979888168325,1.9997553276235156,1.9999262054349547,1.0
1.9527761397993628,-2.0,-2.0,-0.6425186437946468,-2.0,0.05608412936583193,-2.0,-2.0,-1.617376863502441,-0.7695286861225621,-2.0,2.0,2.0,-2.0,-2.0,0.9106331091538009,-0.9229297863729773,-0.22447178813260854,-0.9214939591915756,2.0,-2.0,2.0,2.0,-0.16285105769788877,-0.5331677379661268,-0.8917911984522385,2.0,-1.9371611052281832,1.7277217626611667,1.994026590726353,-1.1060048193125078,-1.7995011353385493,2.0,2.0,1.0
1.9560983445082332,-2.0000000313310005,-1.9999999015594,-1.7131167313907156,-1.9999998998673667,0.4168405848405842,-1.9999998945902333,-2.0000000054101066,-1.999999892800144,-1.9999998664132106,1.2414655244343293,-1.4036213502079766,0.18521662250731144,1.030515296241687,-0.48846392178533243,-1.882283761083791,1.6937709562755001,-1.3643918370476087,1.690597707636963,-0.7079870319981001,-1.5663991925308651,1.9999999968835442,0.19859192113101556,-1.7922369275977772,-1.9999998898606237,-1.7026010898467645,1.9999999597621883,-0.7319617962767409,-0.5127448620519137,0.7499747499032332,-1.9999998866385131,-0.9281285311480412,-0.5593775896825443,2.000000003773904,-1.0
1.9548033182181639,-2.0,-2.0,-0.5855027688069944,-2.0,-0.060255878564968245,-2.0,-2.0,-1.6359352110358494,-0.6957003128720648,-1.9817144997628264,2.0,0.33208692412807445,-2.0,-2.0,2.0,-1.7485584736783706,-0.14579940590392268,-2.0,2.0,-2.0,2.0,2.0,0.5281666176321776,-0.8329287712696294,-0.8558447199867757,2.0,-0.4977228843374488,1.2983250188314073,1.1958858709193174,-1.4302826968707834,-1.3420226310691155,1.597702479576807,1.9750087154422338,1.0
1.9544364116769035,-2.0,-2.0,-0.5715437519218337,-2.0,-0.08719487239958358,-2.0,-2.0,-1.6193642082444266,-0.7191905900680046,-2.0,2.0,0.9503159101761682,-1.8972545973460353,-2.0,2.0,-1.420388859944391,-0.16680841168454058,-1.6833418741420931,2.0,-2.0,2.0,2.0,0.3651566824971696,-0.7226538767514334,-0.8092269972259053,2.0,-0.15362470681399587,1.487046511181953,2.0,-1.5491019993360768,-0.8517902560228415,2.0,2.0,1.0
0.9373269968066008,-1.9999976006840827,-1.9999959300257901,-0.62008715710244,-1.9999984404235442,-0.33387515942566387,-1.9999559196391943,-1.9999989658114998,0.009946842690878366,-0.6166078569519127,0.4031181546784113,-0.42147247851054864,0.45133034067342265,-1.401867784183686,0.14497550199469517,-0.9532229247065481,0.6670859364569928,-0.5867326964275771,0.26428762077745516,-0.18701532546446561,-0.22542616940415727,1.9855842937914947,0.8333081537108047,-0.7288196985739137,-0.1301106675186416,-0.9041829687525185,0.7979692311308719,-0.8880153755070855,0.22247681819935006,-0.45042751783031393,-0.385421485386956,-1.2549148957402283,0.1754931433966862,-0.17063783148479,1.0
1.9472590759057642,-1.9999999150442134,-1.9999999015594,-1.3304906517780857,-1.9999999191372528,0.31538349628407064,-1.9999999067505623,-1.9999999764968648,-1.584038829385473,-1.3763158479633861,-0.4156325980261709,-0.07158700364654098,1.2343758840594714,-1.6705591475051766,-0.7570566050400758,0.5392132656956387,0.5465171358693434,-0.02074709678675868,0.5595422821070819,1.999990244559389,-0.8791793349819372,1.9999999257339065,1.9999999614045059,-1.2523186441933558,-1.2845092025980436,-1.4195238458566724,1.9999999597621883,-0.775812779085658,1.7994316692294317,0.7398868331149981,-1.337695244050648,0.36693338506667694,1.9999999726762847,1.9782411091320242,1.0
1.9571249257710428,-2.0,-2.0,-0.5838197496066436,-2.0,0.3628372505774542,-2.0,-2.0,-1.8918701104166782,-0.595678038393462,-2.0,2.0,-0.8119106533674763,-2.0,-2.0,1.764566555758519,-2.0,-0.17990583287351516,-2.0,2.0,-2.0,2.0,2.0,-0.4317224643641056,-0.8235219582559772,-1.0041719368200532,2.0,-2.0,1.476165775325407,-0.5834324221741833,-1.4823988355086066,-2.0,2.0,2.0,1.0
1.9569694432133349,-2.0,-2.0,-0.5847804027870164,-2.0,0.3232839931585497,-2.0,-2.0,-1.8879424150632942,-0.6021593948754744,-2.0,2.0,-0.4155802028890637,-2.0,-2.0,2.0,-2.0,-0.1556294627200583,-2.0,2.0,-2.0,2.0,2.0,0.16024052253887242,-0.9072564750796074,-0.96086255159339,2.0,-1.9911793525053223,1.3371341923008437,-0.589352835548232,-1.4606979810895981,-2.0,2.0,2.0,1.0
1.9429098368860542,-2.0,-2.0,-0.98342934022409,-2.0,0.2961318208888774,-2.0,-2.0,-1.6031714883501658,-1.1129383719773156,-2.0,2.0,1.4353455438266707,-2.0,-2.0,0.7708115462767356,-1.5961020072109724,-0.12295006329014205,-1.5221011588274997,2.0,-2.0,2.0,2.0,0.10520040830558047,-1.0970717927865181,-1.3115208598568404,2.0,-1.8718104853195037,1.6020501548106827,2.0,-1.3429712789513468,-2.0,2.0,2.0,1.0
1.9614722661527888,-1.9999999150442134,-1.9999999087224722,-0.49937033722785856,-1.9999999248327613,0.3167296104288681,-1.999999945678869,-1.9999998698155133,-1.8577883598395113,-0.49458022581107475,-1.9999997287767146,1.999999529861708,-1.1087697721230527,-1.9999972231965382,-1.9999998255329503,0.585701877082575,-1.9999999684683967,-0.17492392050380692,-1.9999997971557844,1.4328692374448055,-1.9999999668077375,1.9999998649069055,1.9999983936370196,-1.1262237060023437,-0.604466736284032,-0.9317337782502471,1.9999922202092366,-1.8804840697412193,1.7830221638851673,0.9453303399134683,-1.370808521652762,-0.5968763510796032,1.99999910959234,1.9999999688929733,1.0
1.934807090330735,-2.0,-2.0,-0.7972747054235154,-2.0,-0.01457803848670141,-2.0,-2.0,-1.4854329558216424,-1.3370474495896634,-0.31781410886152334,0.759967154842038,1.1731926556816648,-1.2800979051111774,-0.5937296699637881,0.35038379808193476,0.25622281725629414,-0.15407251630205102,0.2542783479459947,1.4675985331296064,-0.8534567488726308,2.0,2.0,0.23399543707057052,-1.051753240534387,-1.0171330366507867,2.0,-0.44978216817197536,1.4534741749842435,0.74777431971636,-1.23128460664723,-0.5674865062597931,2.0,1.9411704264308955,1.0
1.9477085610964349,-1.9999999150442134,-1.999999945698191,-1.3951840429797933,-2.0000000243317295,0.18664230807351678,-1.9999999802479733,-1.9999999889967002,-1.9999999165859057,-1.9999999403050905,0.21649282389172642,0.9010898661349933,-1.5927188385710846,0.08507006138977642,-1.451604137016269,-1.4666633667300073,-0.013666838101330691,-1.355419996326722,0.15515261915981293,0.7338044389110673,-1.9999999783635543,1.9999999584503314,-0.27389617548306266,-0.6773825626513756,-1.9999999323065853,-1.4851900776550768,1.9999999260964438,0.6465597015503293,1.0696353215452123,1.112743850391991,-1.9999999847068244,-0.8008711706268385,0.5087049426594623,1.9999998833758772,-1.0
1.9462579221467233,-2.0000000313310005,-1.9999999742589363,-1.4076602829515537,-1.9999999694690092,0.2392415711392881,-1.999999968035794,-1.9999999359271812,-1.9999999641580446,-1.9999999411949791,-1.9629011687773392,0.7208700056967328,-0.21384657830799272,-1.1482714725984011,-1.5317913837120372,0.13215868130740033,-1.0304989415077386,-1.3039481595046973,-0.9964754789513258,1.5824492284914733,-1.9999999476109414,1.9999999270543785,1.9999945081168988,0.1721112542361353,-1.999999952412628,-1.5568201327061055,1.9999999597621883,-0.4170313422535797,1.293764845591949,0.7794769443593669,-1.9999999499528966,-0.5709961231438633,1.1865710160992904,1.99999992651496,-1.0
1.946919099537429,-2.0,-2.0,-0.7807545312980447,-2.0,0.12572720890128347,-2.0,-2.0,-1.5810357434373434,-1.0464072331904375,-1.6730117741968145,2.0,1.8273901838536029,-2.0,-2.0,0.8637823546196575,-0.27340067087643216,-0.44584125776291583,-0.2720347155531594,2.0,-2.0,2.0,2.0,0.1714376235363794,-0.899628012238364,-1.0845754820512141,2.0,-0.5934614561389412,1.7079807164657985,2.0,-1.1838408635673927,-0.7012485519348601,2.0,2.0,1.0
1.930716862672624,-2.0000000313310005,-2.0000000469585086,0.23765472706217278,-1.9999999694690092,-0.11317315924280946,-1.999999968035794,-1.9999999359271812,-2.0000000355159453,-1.1003552711275337,0.1823333678899164,1.999999989420767,-0.3486210231266024,-0.8599230846365467,-1.2329001448641064,0.04382993867165015,0.7426375092001757,-1.747436206274956,-2.0000000061735714,1.9999999990150943,-1.9969728716626944,1.9999999968835442,1.5344869789164803,0.35186811598615564,-2.0000000149646326,-1.5167060134745005,1.9999999597621883,-1.9999994778695853,1.9999998494166247,2.0000000008517516,-2.00000001326728,1.5941507854751544,0.6192849327165754,1.99999992651496,-1.0
1.9346577387327966,-1.9999999150442134,-1.999999904209274,-0.8300509554852707,-1.9999998998673667,-0.6053148981461102,-1.9999998945902333,-1.999999950736045,-0.9654154397652439,-1.5014212276754229,0.022944606190288597,-0.48129318138784244,1.2496397711188494,-1.7704575365900685,0.15505858187843508,-1.0098666111274157,0.7204630020034148,-0.3826665245476066,0.5127721384148777,-0.14876818643258988,-0.5418662067209238,1.99999988474541,1.9998941969993866,-0.9006948879546228,-0.29866593469488656,-1.3611726891865215,1.9999997583761935,-1.6006572300385982,1.2026063387684602,-0.7292170428030545,-0.8159355360366516,-1.9094013750811614,1.462906611007635,0.9261653315166944,1.0
1.9456511788650597,-2.0,-2.0,-1.110377146802395,-2.0,0.10668605345313528,-2.0,-2.0,-1.5840294174763176,-1.1738248656999941,-1.2882123452051555,1.5942908965586804,1.9221539773426262,-2.0,-1.4860640067262711,0.08928993546436624,0.2318797610978865,-0.6955846902816438,0.23033980190504585,2.0,-2.0,2.0,2.0,0.08559273415994569,-1.036770430615206,-1.3844001339781409,2.0,-1.6233872832931595,1.7489612233666154,0.7785934334271098,-1.2350106498325626,-2.0,2.0,2.0,1.0
1.9588641769468365,-2.0,-2.0,-0.5338294254615615,-2.0,-0.11061776153073799,-2.0,-2.0,-1.6224975846158638,-0.6845937273991403,-2.0,2.0,2.0,-2.0,-2.0,0.8262044170862042,-1.519662925291044,-0.16882713449479414,-1.2649391280710145,2.0,-2.0,2.0,2.0,-0.4808049663809946,-0.5278403312001801,-0.7639829508357239,2.0,-2.0,1.6803096461172178,2.0,-1.1149593367362323,-2.0,2.0,2.0,1.0
2.011523521986889,-1.9998686577493043,-1.9999069653486936,-0.8941565229363759,-1.9998626466103446,-0.019479623408975508,-1.9998561627272866,-1.999898133911637,-1.557543989268772,-0.902094189124789,-1.999671704954536,1.9996407074460363,1.9765920919850009,-1.999805922199024,-1.9993539152647466,0.8392680967786749,-0.4307507435428743,-0.4811800295825792,-0.18468065312056958,1.9998963820006583,-1.9998524561808455,1.9998954636990227,1.9999196718776853,-0.21363435402057657,-0.9965669228590867,-1.1843113683348516,1.9999003177309325,-1.3386099211239137,1.5501539559830457,1.7894827315523043,-1.2023960690420723,-1.5339699780145397,1.9999121827071824,1.9998980002164062,1.0
2.011076006569923,-1.9998686577493043,-1.999870460900798,-0.8267503201734417,-1.999865850037578,-0.08899501939282164,-1.999837035750547,-1.9999091638800583,-1.5382572308568803,-0.9329338400763401,-1.998672897934069,1.9995088093075573,1.9959407660353492,-1.9994751315773194,-1.326381396724997,0.5779922217102695,0.08897588022357379,-0.5844767780579172,0.011046964656802591,1.9998990266489545,-1.9998272763902734,1.9998874317482584,1.99993820662371,0.06251317237887818,-0.9330860448594782,-1.2646828217689488,1.9999377920566155,-1.1588319539888345,1.5707210375959988,1.8813982445625357,-1.1739711841129898,-1.7230548386382005,1.9999577573416096,1.9998795356184234,1.0
2.003468244481491,-1.9998686577493043,-1.9998884787670754,-1.0669181217545778,-1.9999303814810077,-1.9353152760975103,-1.999837035750547,-1.9997935219805543,-1.999847816676639,-1.9474013767789804,-0.9855140881766816,0.7180133057595193,-1.1675375481445651,1.5804145391695417,0.281056119997851,-0.32464337707618274,-1.0781152913970389,-1.7570256713070584,0.04817628258105536,-1.4913419923739255,-1.9957352824189227,1.999839875795262,-1.330605354383399,1.3246448937599005,-1.9986254448997214,-1.887676640596774,1.9999377920566155,0.5406983128079502,-0.8044835526992823,1.340731923132303,-1.9999024488552875,-1.395625528647585,-0.542453573391829,2.000005834482249,-1.0
2.004642972451028,-1.9998686577493043,-1.999876074981704,-1.3243855585227928,-1.9998821241035345,0.1980236942963527,-1.99985904002766,-1.9998979233556333,-1.5890925063315544,-1.276317708116003,-1.675649792747383,1.7144174913493924,1.3074997872337935,-1.7326770797645301,-1.1616477521615065,0.4745924679046466,-0.0406622195134698,-0.3602856425416358,-0.24033785756078632,1.9997687032097018,-1.9998468166475003,1.9998947317875584,1.9998866085772127,0.0735132166571309,-1.3509167683131538,-1.5025237460679304,1.999895538769734,-0.966995247592063,1.685244513458099,0.9180447921747719,-1.4790763118727224,-1.3043927142258047,1.9999110514441478,1.9998899259083076,1.0
2.0110200671428022,-1.9998686577493043,-1.9999187577155673,-1.6624780758110678,-2.000060403393405,-1.8042246619748479,-1.9999592816909988,-1.9997935219805543,-1.9998342682592691,-1.9997992071045325,1.354349218068153,-1.4375744987022734,-1.827920242909013,-0.38383977543861814,-0.18379381917774312,1.6095155104889394,0.7647675086395107,-1.2891422489736244,0.54774391778183,-1.1454822958180795,-1.999932162983943,1.9998654312750268,-0.4265031686794592,-0.2918348001191947,-1.9999235080917184,-1.5777331764812215,1.9998331563512763,0.9207736245630318,-0.9537322487024348,-1.0564778845129195,-1.9999233717113951,0.8719460532676062,-1.0002485047058967,1.9998867797910171,-1.0
2.0090062477664525,-1.9998686577493043,-1.9998478101317259,-1.7586485783283317,-1.9998451942362956,0.8390299745227163,-2.00006413007804,-1.9997935219805543,-1.9998342682592691,-2.000024700054045,1.4717576852665677,-1.6191244099930484,-1.858377755489953,-0.46155696751938047,-0.38687682175932286,1.503997192416121,1.7439533304977475,-0.5647273311496998,1.764429145815342,-0.8509849226854957,-2.000010735894853,1.999995181937142,-0.48217077036176825,-1.853401393920047,-1.9998297237402098,-1.7962291179683942,1.9999377920566155,1.7890760380097326,-0.9407124773135183,0.7000128172789621,-2.0000205113097422,1.7762789819552545,-1.299504762660023,2.000005834482249,-1.0
2.005649882139203,-2.000048437949944,-1.999960204132152,-1.5921875034097754,-1.9999527988707897,0.17008648621410305,-1.9999505831100814,-1.9999009429659094,-1.9999445880816769,-1.9999090870192855,-1.785586926638915,0.5636326896591842,-0.27680684497801405,-0.9988051728908116,-1.3726441034347088,0.08894815674930459,-0.9625231581766261,-1.500781504380704,-0.9281207701677633,1.3454751746503895,-1.9999190061425631,1.9998872255499363,1.9876371898672625,0.22678882989202084,-1.9999264295842392,-1.669171456177953,1.9999377920566155,-1.9999827521964357,0.9983008424691081,0.6676988825573479,-1.9999226268219836,-0.4819910633206881,0.9050600563512757,1.9998863916049567,-1.0
2.019522860065167,-1.9998686577493043,-1.9998649951712528,-0.522187852950972,-1.9998735609519702,-0.24876465419465235,-1.9998508055761695,-1.9998920699770462,-1.3975365030926064,-0.8271156104494505,-1.325499951856503,1.6029090385186828,1.4253857414974596,-1.9987000756072093,-1.9981240204038238,0.3159745620464779,0.10312955226439699,-0.0822925252155596,0.13143840179412875,1.9984786721909336,-1.9998440427231883,1.9998769804732106,1.998649110803868,0.577993283463326,-0.4902368684857952,-0.9079637019006627,1.9999173616352846,-0.8970778229092794,1.8071908870567275,1.2828479373070776,-1.0124750918184982,-1.117975436771051,1.9990750968522428,1.721929461571069,1.0
2.014600190478535,-1.9998686577493043,-1.9998478101317259,-0.6630963640297185,-1.9998451942362956,-0.3326852710507195,-1.9998388638510254,-1.9998654467702481,-1.5002740562612833,-0.643190344185467,-1.4088512203349035,1.9994307813476278,1.0409108710865096,-1.4678634445054126,-1.9986314991302194,1.9956224247177445,-0.8339183618258901,-0.23735420367291138,-0.9532972708646865,1.9999353102576654,-1.9999101000823107,1.9999759247893558,1.9987108037139358,0.40286263640899567,-0.9095203280133606,-0.9616029996928601,1.9998046751835337,0.47258624478457445,1.5845322655791443,1.9996146161187829,-1.5551065410163776,0.09416836072451072,1.7089898243084196,1.9880793925503613,1.0
2.003188547345887,-1.9998686577493043,-1.9998478101317259,-1.408348754466548,-1.9998510856089415,0.05132166756336761,-1.9998370902355491,-1.9998867300832424,-1.6051089299599268,-1.4016128696179313,-0.3503268228253865,0.9663925501070022,1.4019245596921468,-0.9452538048520724,-0.5761911369106789,0.41074682667484574,0.4367044642091684,-0.3691411487411694,0.5452014827693547,1.989205730922376,-1.645412204314447,1.999902618016115,1.9999386494961544,0.3653163570915169,-1.3976444395714995,-1.5319057827917666,1.9999252464094162,-0.029810630798754414,1.7615279287835799,1.3033279160848708,-1.5136652741887244,-0.037473783789543025,1.9999281779953826,1.9998657986969997,1.0
2.002181637657712,-1.9998686577493043,-1.9998478101317259,-1.474555461757504,-1.9998451942362956,0.17687493206696214,-1.999837035750547,-1.9998727116795876,-1.6440007213206902,-1.365226243917533,-0.28475013165829377,1.4287800789499412,0.9839716724306377,-0.26265098048795427,-0.48756746331094064,1.2739449475884246,0.10014353271078542,0.35580805301723756,-0.015429964515277762,1.9999259477836857,-1.5697357139519403,1.9999597023554907,1.999562849518903,1.0077813038059444,-1.5433904272863133,-0.8375580768576676,1.9998594558813612,0.9850465110730537,1.0569650043026775,1.999585154055614,-1.6828671209252144,0.9344033370603277,1.1425348453891773,1.9998590280915334,1.0
2.0184040715227507,-1.9998686577493043,-1.9998673397045224,-0.567160270505775,-1.999867707282498,-0.21404025508330707,-1.9998479067391166,-1.9999028475355844,-1.3809640762889663,-0.8783220280221894,-1.5617999767130446,1.8952334167433946,1.7605756948940747,-1.9974992002273115,-1.9981807177943747,0.408454428962283,0.13285222621281628,-0.11590863904098597,0.16207841166032114,1.9988327771889969,-1.9998350834645406,1.9998879909612859,1.9993920074119456,0.6457439614157207,-0.52430837317956,-0.9000187063290338,1.999926442785944,-0.7852484904538045,1.8273078510858136,1.6045673895714272,-1.015344907610478,-0.7618664625183534,1.9995476103942516,1.8519716937983253,1.0
2.0067686706816197,-1.9998686577493043,-1.99987724612955,-1.4970755398665354,-2.0000347825763893,-1.1152120997131254,-1.9999127342139944,-1.9999162891086484,-1.9998946816658316,-1.9999256034707795,-1.3382397854511292,-0.7324424260066869,-0.3963112391460153,0.43044655348127936,0.27123103122774544,-0.5028379361460457,-0.9878669871260868,-1.463615135082175,0.0738863582836088,-0.9065708359803035,-1.1139299672073946,1.999892366444822,-0.8013322594588094,-0.6243394585793058,-1.9999817984292034,-1.6747583815872493,1.9998563966659708,-0.45256654361422466,-0.19267750628473618,-0.416267165597386,-1.9999878835200857,0.29038752911082677,-1.2087272897427062,1.9998892355318678,-1.0
2.0134814019361182,-1.9998686577493043,-1.9999122029013157,-1.5184147446824983,-1.9999527988707897,-1.5854357588212544,-1.9999505831100814,-1.9999009429659094,-1.9998933357576212,-1.9998500758463427,1.2684540394220898,-1.307356094170163,-1.6623841402022759,1.0498341943221137,-0.25519152489467406,-1.2663688691863677,1.1693977372702185,-1.3672224669690622,1.6550055514177653,-1.0443665673416511,-1.9999190061425631,1.9998872255499363,-0.2366851601621312,-1.257069087489108,-1.99983093259123,-1.6307330304061054,1.9997210586060563,0.3867859633971016,-0.8854312841999102,-1.5793947960455648,-1.9999226268219836,1.5332631256925153,-0.8960161558967797,1.9998863916049567,-1.0
2.0177887378244215,-1.9998686577493043,-1.9998646546120207,-0.5769581379138067,-1.9998535755847215,-0.29840343616548376,-1.9998460672829346,-1.9998986011736717,-1.3798482456429744,-0.9051327957582364,-1.1674223333860851,1.7022320868554233,1.5988011414169088,-1.9984598613333386,-1.9981044415530245,0.45208193056502577,0.12886959955672928,-0.17217141018058182,0.2726967601009501,1.998668313646162,-1.9998372776326299,1.999894833261679,1.9991288252795478,0.6161773916316362,-0.5725932897007358,-0.937482104353552,1.999923620921543,-0.6419349945871703,1.808094839068449,1.4754412142811926,-1.023787688686886,-0.7841672116943936,1.9992339919591817,1.8145919123311138,1.0
2.0092859449020564,-1.9998686577493043,-1.9999102517340976,-0.9194391681660381,-1.9998950204909418,0.17714192157971903,-1.9999758151480787,-1.9997935219805543,-1.6766146047297479,-0.8839195157194794,-2.000034664544198,1.999908276904502,-0.869545305984743,-1.999911240071896,-2.0000032993074117,0.2903884987966428,-1.9999830358093313,-0.11935328926554568,-1.020819340968353,1.9995975873081744,-1.9999393903579272,1.999803258797239,1.9999265993604005,-0.04392378086550944,-1.1342229671616624,-1.3125569966396395,1.9999292527352472,-0.8111179809793575,1.567400461289039,1.9999840857923783,-1.3426605887371093,0.11906282259296161,1.999791269299824,2.000005834482249,1.0
2.0175090406888176,-1.9998686577493043,-1.9998709880180199,-0.5697734693583341,-1.9998838630085962,0.32469216596413586,-1.9999036663209793,-1.999827727262056,-1.7743177461640052,-0.4055940689053056,-1.9997411255596216,1.9998119362990439,-0.3979512589828358,-1.994185934978752,-1.9998790181634947,1.402951324761161,-1.9999909730546455,-0.16456047473874913,-1.9999108142562105,1.9990241003204297,-1.9999719295954708,1.9998618524942373,1.9987074751694216,0.11468745023906703,-0.7419839488641032,-1.0585395400787803,1.9995765050517424,-1.97234991613642,1.7927050497387624,0.8729706719905389,-1.2195135947375781,-1.7207839455774323,1.9992016093010663,1.9998767931880086,1.0
1.5771144422814236,-2.0,-2.0,-0.4908352112590095,-2.0,0.04456912452849903,-2.0,-2.0,-1.661493413938249,-0.9877771621869124,-2.0,2.0,0.2208408286040113,-2.0,-2.0,1.9996193942614864,-2.0,-0.2521790964092365,-2.0,2.0,-2.0,2.0,2.0,0.23351665197278695,-0.3255274155833118,-0.2937077568605746,2.0,-2.0,1.8825397167557176,2.0,-1.0731652848210302,-2.0,2.0,2.0,1.0
1.5691711508294377,-2.0,-2.0,-0.6162263880458204,-2.0,0.011131117657564625,-2.0,-2.0,-1.5793068025501251,-1.0889463245801627,-2.0,2.0,2.0,-2.0,-2.0,0.33272946777177637,-0.23337317089546136,-0.26960610263644297,-0.33009084577559045,2.0,-2.0,2.0,2.0,0.1253032306477099,-0.21115825601432162,-0.7687800495597951,2.0,-2.0,1.9651095629722353,1.4945885050562135,-0.954605344530798,-2.0,2.0,2.0,1.0
1.6029374621667865,-2.0,-2.0,-1.2726348143253423,-2.0,-0.5518270684110611,-2.0,-2.0,-2.0,-2.0,0.45822864699285937,-0.8296607070194231,-1.5429108140737884,0.4825117348896121,-1.7727363207995914,0.390237443466392,0.6218649447221257,-0.4857239676218217,-0.44743501229254634,0.02003738212145932,-1.9999108908295535,2.0,1.996181901991959,0.1456174299611612,-2.0,-1.509740821384382,2.0,-1.612438292733346,0.6724058680622127,1.8982883059597386,-2.0,0.2458087581337949,0.3891791044943716,2.0,-1.0
1.605817563136251,-2.0,-2.0,-1.2065079717674068,-2.0,-1.2247126180340528,-2.0,-2.0,-2.0,-2.0,0.23609180978880784,-0.4348069726229865,0.2031638860418382,0.025744630926303053,-0.6239392449320456,-0.7291533934599476,0.08965049629306643,-1.0601529418577416,-1.5572209969057738,0.5308963634084208,-2.0,2.0,2.0,-1.6200704816812959,-2.0,-1.2135281801404827,2.0,-0.7830156222689779,0.9328869292660597,-0.8851220128557096,-2.0,1.110283745368392,0.9742726983138579,2.0,-1.0
1.5844281545210461,-2.0,-2.0,-0.4977071586764982,-2.0,0.06522406761395609,-2.0,-2.0,-1.6712262343018098,-0.9886396185870661,-2.0,2.0,0.07130187523188466,-2.0,-2.0,1.8974748650249873,-2.0,-0.24932304815334091,-2.0,2.0,-2.0,2.0,2.0,0.18844874813867746,-0.32447133401386796,-0.2468604587046577,2.0,-2.0,1.8923535763431394,2.0,-1.0673687140850148,-2.0,2.0,2.0,1.0
1.6066041894734464,-2.0,-2.0,-0.42366039382299964,-2.0,-0.17911008107149254,-2.0,-2.0,-1.5772767971269714,-1.0073190200784936,-2.0,2.0,2.0,-2.0,-2.0,0.8760132767972277,-0.3507935767602857,-0.2730752470345838,-0.3980364920277596,2.0,-2.0,2.0,2.0,0.41758275742883855,-0.23805192054921193,0.1248456162820096,2.0,-1.8049854517686366,1.9070633882447456,2.0,-1.0293166555722877,-1.999993254251775,2.0,2.0,1.0
1.6100134303505096,-2.0,-2.0,-1.1369554558645978,-2.0,-1.2121002379329004,-2.0,-2.0,-2.0,-2.0,0.24327500965662574,-0.4303357640697161,-1.3502971463044597,0.18594424564430143,-1.2324547883394752,-0.7541918809196133,0.15948191276209803,-0.9936296176714323,-0.006991275649191685,0.31849497113892344,-2.0,2.0,1.9999999777333501,-0.5459682732352316,-2.0,-1.181474108237888,2.0,1.1432922786128552,0.9305667037840739,-0.8998112499521028,-2.0,1.118598445465081,0.8135410759669258,2.0,-1.0
1.573906934045894,-2.0,-2.0,-0.6399974077665174,-2.0,0.10598005325967054,-2.0,-2.0,-1.6238603377169278,-1.0566944506959581,-2.0,2.0,2.0,-2.0,-2.0,-0.14845657324031075,-0.5566240962706253,-0.22066558290844518,-0.6558376219005723,2.0,-2.0,2.0,2.0,0.1176409944512907,-0.3713392991713629,-0.7975832114374546,2.0,-2.0,1.8420918320587905,1.1445235208160975,-1.0671217930650096,-2.0,2.0,2.0,1.0
1.6067175166222092,-2.0,-2.0,-1.1637936922285954,-2.0,-0.5233389815751464,-2.0,-2.0,-2.0,-2.0,-0.42730034344288054,-0.6071670295933865,-0.8845878381825701,0.16448717652522749,-0.9791525893216677,-0.3689483639916548,-0.5135440852627166,-1.0333326653973112,-0.5572113540026188,0.13048160688608917,-2.0,2.0,1.9995699151506299,-0.04786902014231149,-2.0,-1.2896350418322842,2.0,0.3492364969151295,0.6390861394778689,-0.24758632909656056,-2.0,0.24821147666242876,0.518275964731817,2.0,-1.0
1.5676813501276576,-2.0,-2.0,-0.460796556497032,-2.0,-0.03558994510859073,-2.0,-2.0,-1.6403255297422756,-1.0181217967351155,-2.0,2.0,2.0,-2.0,-2.0,1.5320234955138439,-1.7354022066084138,-0.2706076928779726,-1.8276850379235414,2.0,-2.0,2.0,2.0,0.30540690288424155,-0.3278226053214559,-0.33506765203660804,2.0,-2.0,1.8501202018576928,2.0,-1.0922510754122663,-2.0,2.0,2.0,1.0
1.5995621882169178,-2.0,-2.0,-0.4285372409323743,-2.0,-0.16501563179019388,-2.0,-2.0,-1.581399098290036,-1.0106496057703076,-2.0,2.0,2.0,-2.0,-2.0,1.120913525690588,-0.44826680415003384,-0.27419970732213356,-0.658297001622444,2.0,-2.0,2.0,2.0,0.40870587919210893,-0.24435767562977084,0.08363962727230702,2.0,-1.9995066774113313,1.9024863045262492,2.0,-1.0350483384518605,-1.9999999948355724,2.0,2.0,1.0
1.581795098605255,-2.0,-2.0,-0.5969557882388443,-2.0,-0.13062005703438628,-2.0,-2.0,-1.5111645987322364,-1.0245775067041527,-2.0,2.0,2.0,-2.0,-2.0,0.6182326959967718,-0.20868144442523962,-0.20941551346367304,-0.3475993712777561,2.0,-2.0,2.0,2.0,0.3338044727687911,-0.22947012365695144,0.3632321187190294,2.0,-1.842814061648086,1.9215126040449202,1.6348744226192113,-0.9639079796965845,-2.0,2.0,2.0,1.0
1.5658002275632854,-2.0,-2.0,-0.5116529495767115,-2.0,0.0012698269841103496,-2.0,-2.0,-1.6182474605258634,-1.0257101058711808,-2.0,2.0,2.0,-2.0,-2.0,1.224407155028829,-1.756976081866878,-0.2158918692619684,-1.9286471742822282,2.0,-2.0,2.0,2.0,0.30496237027051787,-0.36099592032259037,-0.5450766500450706,2.0,-2.0,1.822565388679779,2.0,-1.1180884953835446,-2.0,2.0,2.0,1.0
1.595851452633648,-2.0,-2.0,-1.1248745038384256,-2.0,0.2884845043633225,-2.0,-2.0,-2.0,-2.0,-1.5490249595506225,0.39533327205054614,-0.4180351508602567,-0.775105893271045,-1.338097929002746,0.016278327483433132,-0.9406498168060562,-1.0474732388126708,-0.8790822373193461,1.0505023076923328,-2.0,2.0,1.99922418204365,0.11450197671064899,-2.0,-1.300284770191536,2.0,-0.21796426686521467,0.6042534115454397,0.5298201843500252,-2.0,-0.3690199420822046,0.49479907038032284,2.0,-1.0
1.570737104793228,-2.0,-2.0,-0.5174450519429855,-2.0,0.013175576481717924,-2.0,-2.0,-1.6126072157226587,-1.015756303737137,-2.0,2.0,2.0,-2.0,-2.0,1.800265651900808,-1.1715298550272384,-0.20565846963094353,-1.1431439198709543,2.0,-2.0,2.0,2.0,0.3052918673876249,-0.3532887346607249,-0.434090334923887,2.0,-1.0816379617448386,1.83848272102895,2.0,-1.1121359895272338,-0.8620273646562966,2.0,2.0,1.0
1.6103624161837549,-2.0,-2.0,-0.4385590930387559,-2.0,-0.1348450645518362,-2.0,-2.0,-1.5893041409538213,-0.9922286618311785,-2.0,2.0,2.0,-2.0,-2.0,1.1854463887777453,-0.9837410293602411,-0.26041856151549614,-1.1165666949301774,2.0,-2.0,2.0,2.0,0.3969920493138412,-0.25834299613282624,0.11264060675704543,2.0,-1.9999999883889703,1.898732421235686,2.0,-1.0426689883877864,-1.999999999999061,2.0,2.0,1.0
1.5671344132108709,-2.0,-2.0,-0.4876297815633272,-2.0,-0.009557976825485943,-2.0,-2.0,-1.634009299909813,-1.0202810415340837,-2.0,2.0,2.0,-2.0,-2.0,1.256198608307121,-2.0,-0.2575410193832994,-1.5418010167937237,2.0,-2.0,2.0,2.0,0.28913059763365867,-0.33338058263986686,-0.46356949315367896,2.0,-2.0,1.849719652471877,2.0,-1.0912898751877589,-2.0,2.0,2.0,1.0
