1.5002102389058718,0.14823979533881987,0.20796660203704964,0.7989308345093928,1.2377646630510786,-1.3128745323415099,0.38496653550868465,-1.3347108568393748,1.4999997148913589,1.2742139776934174,0.1656151052401943,1.118569244516669,1.499999143564099,-1.247137281143782,-0.26372362306949165,1.4999991041906402,0.8074796034154332,-1.499999688392889,1.0394646503575449,-1.4999996126144197,0.7307167764984925,1.499999407483587,-0.8752614431904479,-0.8366088751202764,-1.4999995828249264,-0.2714261943753737,-1.0
1.5003570923505705,-0.5106537669738979,-0.46574860201162666,0.3876133896341243,1.2884871947626626,-1.0803398580855401,0.28145892000706907,-1.1072076363937657,1.4999993631255626,1.1852498673622884,0.48038096222714405,0.9004529962995612,1.4999993119179758,-1.1995465400301997,0.14612989452927724,1.4999990624374027,0.46625670357689813,-1.49999958593186,0.9413666716005831,-1.4999995947928546,0.5488780450170792,1.4999987647784403,-0.6694487368446062,-0.6444576769909148,-1.4999995958714534,0.15361202135049823,-1.0
1.5003244582517485,-1.50000022221311,-1.5000000223878285,-1.5000002948951052,-1.4999993507397507,1.4999998933325194,-1.4999985910688058,1.5000004122648969,1.4999993857478129,-1.257312692529636,1.4999987871788205,-1.4999994764084772,1.4999990145251068,1.4999993972053103,1.499999100627666,1.499998922007855,-0.6455327414916217,-1.4998463944036493,-1.4999993368737312,-1.4999996196646401,-1.4999998463477848,1.4999994388411906,-0.9477278953588653,1.4999995291836725,-1.4051791811320855,1.4999988433429412,1.0
1.5002654658423398,-0.0994198282145475,-0.0995143435558152,0.7430333064826352,1.303989286438292,-1.261558331082385,0.26816663284582404,-1.2245426908708978,1.4999991224180396,1.1483602176441605,0.40777707516602746,0.9788420394368506,1.500000805200366,-1.1595746944523497,0.3405338126146878,1.500000349080261,0.4962988724458523,-1.49999810290871,1.1628455794246064,-1.4999979774891739,0.8676629840131745,1.4999986380409889,-0.34394257719281807,-0.6184227365391655,-1.499997737996727,0.2706746062519383,-1.0
1.5003575107364528,-1.500000277833329,-1.5000003400640451,-1.4999998248050956,-0.7925018928722729,1.5000005312287386,-1.4999987664938224,1.499999024126226,1.4999983839636102,-1.2678675171048575,1.499998383587063,-1.4999986930922031,1.4999992241176063,1.4999992667281166,1.4999991641122847,1.499999494087791,-0.5204956279939468,-1.4998458509216435,-1.499999456186214,-1.4999993557702551,-1.4999988931936192,1.4999997502336695,-0.9406618950726086,1.4999994018677607,-1.4035338475090922,1.4999996388660417,1.0
1.500078028967055,-1.4999991454836532,-1.4999990468989695,-1.4999994935317562,-1.499999698018693,1.4999990887061787,-1.499999656236587,0.9856080408619023,1.4999995939606852,-1.2272437421678406,1.499999762038427,-1.4999989780284693,1.499999096345905,1.499999538922859,1.4999991637859438,1.4999988654253482,-1.4109246932255657,-1.4998905132874616,-1.499999241676425,-1.499999601892863,-1.4999998587780292,1.499999902080968,-1.2317306468915672,1.4999995476872066,-1.3146889730133031,1.4999988959633337,1.0
1.5002265559552828,-1.4999991370745154,-1.499999242838701,-1.4999987770204113,-1.499999342573151,1.4999991681476166,-1.4999994890366184,1.4999996462300518,1.4999993479046425,-1.25600775604163,1.4999993628412693,-1.4999992003792282,1.4999996091225711,1.4999991468551221,1.4999994325603816,1.4999998790279059,-1.0288691393210336,-1.4998458726157882,-1.4999993940064573,-1.4999993727223362,-1.4999988994819589,1.4999990708758275,-0.8575306893428603,1.499999204732115,-1.4079083244023325,1.4999999223350287,1.0
1.5003022837999849,-0.1706538940752771,-0.1513641595643062,0.6774985585790743,1.3190247493419975,-1.258784453372625,0.1838025500925006,-1.397823453784371,1.4999993616996616,1.204890659295195,0.498608993169634,1.117762948592132,1.4999999034992963,-1.4647708139233877,0.22212330405044017,1.4999999331168328,0.6469103770469675,-1.4999984755357283,0.6812638637875462,-1.4999984771088593,0.8124570256123455,1.4999991644177064,-0.5147497799759619,-0.9412200974911494,-1.499998692238696,0.24154139030488037,-1.0
1.5000930908588188,-1.4999992276471097,-1.499999178429868,-1.4999993841922958,-1.4999994397444856,1.4999992117112098,-1.4999994596153048,1.4999985089029733,1.4999994483833172,-1.2248146744209052,1.4999995057461137,-1.4999991617287403,1.4999990505033638,1.499999328690229,1.4999991476621886,1.4999990675643033,-1.3243988935169972,-1.4998698791347913,-1.4999997523163944,-1.4999994029257748,-1.4999994231851908,1.4999999761478209,-0.9888987778193886,1.4999990410742012,-1.3961498583045164,1.4999992963251523,1.0
1.5,-1.5,-1.5,-1.5,-1.5,1.5,-1.5,1.5,1.5,-1.2425266237260064,1.5,-1.5,1.5,1.5,1.5,1.5,-1.0983175942568497,-1.5,-1.5,-1.5,-1.5,1.5,-0.9622525926528872,1.5,-1.3459640026565403,1.5,1.0
1.5001282352729348,0.5727774074467269,0.6118466239473636,1.0444021534722796,1.347545920042761,-1.305233575992198,0.8102959202219254,-1.3361178730332923,1.499999340365287,1.2316425344190918,-0.4510123497254249,1.1974177123255052,1.4999990989051715,-1.3029598239178777,-0.6909031289043691,1.4999992686681718,1.0669519583546745,-1.4999996080690754,1.1756019607809307,-1.4999996016548014,1.0076562080636315,1.4999997247138042,-1.066354887828425,-1.0089251010117657,-1.4999995869146483,-0.6405591850566414,-1.0
1.500042884552939,-1.4999991264868424,-1.499999123371541,-1.4999995118553844,-1.4999997655009887,1.1662272640531297,-1.499999698721163,0.6416934955561729,1.4999995404909694,-1.082381263565896,1.499999716639375,-1.4999990231810922,1.4999991115416802,1.4999995867012716,1.4999991920868199,1.4999988279839955,-1.483171946573505,-1.4999346629557992,-1.4999992065847276,-1.4999995921122562,-1.4999999516596951,1.500000037847187,-1.2169749896758084,1.4999995414607878,-1.34863098382451,1.499998781769091,1.0
1.500047905183527,0.9414892000874142,0.9632847246981396,1.1230376880130837,0.15392191755703202,-1.39149601756592,0.9321243286637191,-1.4053072357841383,1.499999825060311,1.3992171778636553,-0.720814824976771,1.2790950278237512,1.4999994444776852,-1.4841712211239115,-0.8264849748737134,1.4999993738094186,1.161144454038357,-1.4999994548691353,1.1186714810136869,-1.4999992736360859,1.0966270858434353,1.4999993934836842,-1.1582209870268751,-1.3088694307112105,-1.4999990626549633,-0.9464099267907318,-1.0
1.500064222232938,-1.4999993777568934,-1.4999992166996245,-1.4999990125850513,-1.4999989452427396,1.4999982431474486,-1.4999995817249898,0.8835640520349297,1.4999988873069299,-0.36273539988482456,1.4999994234947962,-1.4999983653454385,1.4999995100990005,1.4999985902780542,1.4999992224076633,1.4999991741397392,-1.4407780882864616,-1.4999043382524697,-1.4999994017005318,-1.49999953083546,-1.4999993052484863,1.500000178257489,-1.2049339020088958,1.4999994484042365,-1.3423015288437374,1.499999014483268,1.0
1.5001822070517556,0.049104712859558294,0.10203242753843977,0.8044285702119858,1.258743031758063,-1.2997561075553203,0.34900255632087607,-1.2767733508217214,1.4999995423682668,1.2419857863234536,0.2450361237832518,1.1090298984519678,1.4999998141613589,-1.170059634972705,-0.08244019306909955,1.4999998940270398,0.7143589813809343,-1.4999993256460533,1.0548223856978962,-1.4999994547227002,0.8317751787816656,1.4999994780556625,-0.7557926175371583,-0.7710369848286925,-1.4999994638677787,-0.03199946719854412,-1.0
1.5003771748729224,-1.5000003329431175,-1.5000003306001566,-1.4999999507350623,-0.4194473133827716,1.5000005906646372,-1.4999982766978377,1.499997356848728,1.4999981583615747,-1.2714225180509322,1.4999983243896444,-1.4999994872718667,1.4999992675096614,1.499997869553169,1.499999193638195,1.4999995332064526,-0.4617027852968768,-1.4998459132021473,-1.4999995141427,-1.499999381470152,-1.499998974821123,1.4999990668576495,-0.9367497228281356,1.499999376448036,-1.402755424439044,1.4999995955116416,1.0
1.5003089779741023,-0.36279467784971875,-0.2873199495518973,0.5543338721762664,1.1695956648399106,-1.2918878606718474,-0.041275837240463596,-1.371624427092211,1.499999925908044,1.261053449803364,0.8262424708498846,1.0387789596110955,1.499999057239795,-1.2305941299967649,0.22197287985482092,1.4999989163094392,0.5815124838267759,-1.4999996997792608,0.8905078909412113,-1.4999996139649692,0.49054237374804444,1.4999994941547328,-0.6425591499452015,-0.6247703293516622,-1.4999995927770713,0.19656398693537197,-1.0
1.500303538957632,-1.4999993309693442,-1.4999994713694376,-1.499998822691414,-1.4999989767072068,1.4999993620383032,-1.499999385463436,1.4999990746479948,1.4999992206721986,-1.2598682366286966,1.4999993094260693,-1.4999995889885873,1.4999993165051584,1.4999992888736997,1.499999252059089,1.4999996109919191,-0.7355834880401708,-1.4998459318977206,-1.4999995439321931,-1.4999994064382918,-1.4999989990573805,1.4999989443622126,-0.9512368382582737,1.4999992976840695,-1.4054889198474596,1.4999997991162024,1.0
1.5002453833199878,-1.499999043938471,-1.4999991619211979,-1.4999993690926825,-1.4999997049559493,1.4999990925323177,-1.4999996293573858,1.499999252209708,1.4999995034085918,-1.254663265747787,1.49999973785656,-1.4999993089742125,1.4999990054846244,1.499999402586966,1.4999991056332347,1.499998887921957,-0.9554244050703612,-1.4998462575830982,-1.4999994831532761,-1.4999995607672043,-1.499999597280577,1.4999992290897042,-0.9019237047295969,1.499999397209494,-1.4075805562189383,1.4999991928645993,1.0
1.5001370213764638,0.48942755067703986,0.5173040627937606,1.0066278242677493,1.32797892304492,-1.3213773640348117,0.6930962532262085,-1.3260100502993994,1.4999994508965613,1.2712642147649162,-0.3046222313863244,1.2385126418768093,1.4999991010627873,-1.3042986953227493,-0.5967307917607518,1.4999992700814793,1.0898322806954255,-1.4999996191876803,1.136800872535557,-1.4999995948054061,0.9550877678760654,1.5000000788992096,-1.0303973573037062,-0.9822058968036396,-1.4999995884283686,-0.5841450844494027,-1.0
1.500328642110572,-1.500000265620645,-1.5000002252045688,-1.4999997913718799,-1.4982048016732479,1.5000003424655801,-1.499998587771925,1.4999997958193216,1.4999984806609554,-1.26539558608987,1.4999985234283602,-1.499999199998497,1.4999990779971737,1.4999993911378362,1.49999911323949,1.4999992168544274,-0.6351985703096275,-1.499846131370721,-1.4999994159889536,-1.499999512286322,-1.4999991842717901,1.4999995415319134,-0.9467772499757598,1.4999994483833172,-1.4045871297542454,1.4999994210568617,1.0
1.5000186181717639,-1.4999994583270946,-1.499999331040428,-1.4999986867954958,0.2246092817429521,0.8207413758986047,-1.4999993732783572,0.603639855033844,1.4999992534682127,-1.2218909297530214,1.4999992242226212,-0.33477247749779043,1.4999995546914044,-0.14129789319701253,1.4999995068042116,1.4999997666046907,-1.4812036972943925,-1.49996013100109,-1.4999995705980174,-1.4999993613401008,-1.4999989755403285,1.4999990329365958,-0.9042422777616587,1.4999991855386625,-1.4235613289181672,1.4999997264781375,1.0
1.5000909989294073,-1.4999992856579858,-1.4999993763894912,-1.4999994428095806,-1.499999339666959,1.4999993685741058,-1.4999993457636782,1.3004543196934044,1.4999992511474263,-1.2246410017996658,1.4999994259829372,-1.4999993203605844,1.4999992086544824,1.499999368444498,1.4999992286378474,1.499999385643258,-1.3305488509342112,-1.4998721585952335,-1.499999406149731,-1.4999994999715518,-1.4999993324913903,1.499999964466487,-0.9824381930725823,1.4999993599475872,-1.3958836988113341,1.49999929731589,1.0
1.5001202859411704,-1.4999992433487135,-1.4999993662952122,-1.499999007609188,-1.499999309810566,1.4999992738072057,-1.4999993706774237,1.4999996509720372,1.499999329359228,-1.2315426476601905,1.4999993784886922,-1.499999116651427,1.499999176063059,1.4999993112657122,1.499999152817958,1.4999994278267637,-1.2457985509497003,-1.4998460416888704,-1.499999386082396,-1.4999994837888042,-1.4999990343959257,1.4999997666381615,-1.0187751886375855,1.4999993749134009,-1.3951866057768454,1.4999996693161664,1.0
1.5,-1.5,-1.5,-1.5,-0.3117494050742051,1.5,-1.5,1.5,1.5,-1.2341420014618876,1.5,-1.5,1.5,1.5,1.5,1.5,-1.4140772927083076,-1.5,-1.5,-1.5,-1.5,1.5,-0.902142842361607,1.5,-1.4019226404399832,1.5,1.0
1.5001596142141096,-1.4999993166432257,-1.4999993363886546,-1.499998936320836,-1.499999270420372,1.4999993000634302,-1.499999334235097,1.4999994616306696,1.4999989523952215,-1.2426913524281693,1.4999992019640738,-1.4999986886949677,1.4999996897769095,1.4999990676103259,1.4999995127754149,1.4999997189346401,-1.2047367207883866,-1.4998456846166022,-1.4999990273252044,-1.4999991633470569,-1.4999989421029287,1.4999997839706336,-1.2188768827366179,1.4999991896116491,-1.2681778624425692,1.499999642224007,1.0
1.5001575222846981,-1.4999991691136696,-1.499999095179445,-1.4999996212243827,-1.4999997707278836,1.499999130454814,-1.4999996817731875,1.4999989943827552,1.4999997966268064,-1.2410394573225163,1.4999997394957958,-1.4999999102478605,1.499999135422728,1.499999588787762,1.4999992227461374,1.4999991418704728,-1.2148778042128245,-1.499846360796385,-1.4999992288470403,-1.4999995866343299,-1.4999997815414852,1.4999992309879209,-1.2511015460347519,1.499999610707835,-1.278493096971589,1.4999990105111125,1.0
1.5000077401388232,-1.49999931967485,-1.4999992453059225,-1.4987175087373124,-0.4119369578116832,0.15528150446576902,-1.4999993740812145,0.8149096900345103,1.4999994008014623,-0.6894189734559335,1.499999387633771,-0.5409582643161478,1.4999991214436188,0.49811834058901944,1.4999991408044255,1.499999290658952,-1.4999944773219978,-1.4999996042554882,-1.393904910342367,-1.4999995824153267,-1.4999977910252302,1.499998831728549,-0.9847350604668512,1.4999981851562079,-1.4603364392384373,1.499999245377048,1.0
1.5000023011223529,-1.499891474499875,-1.4997358907185117,-1.4997962889562053,-1.4578413092835032,-0.5160565745217256,-1.4999998377039323,-0.4245075750753187,1.4999999035746057,0.6152030826544117,1.4999998476238616,-0.5395662156946683,1.4999989856723794,0.09593007738392406,1.4998691818637482,1.4999987465368159,-1.4407459720849072,-1.4999997068792692,-1.1177702555468703,-1.499999574729578,-1.5000000017865076,1.4999988366780541,-0.965751300795332,1.4952528704955104,-1.4564544426080603,1.4950213307835205,1.0
1.5002056366611662,0.14545135612966648,0.18560436898684726,0.9828268542585669,1.3756883012782752,-1.278714961906575,0.46746428420762803,-1.3617232312010528,1.4999992909476385,1.1935491892275858,0.03889873284905232,1.1195277937442734,1.4999994438212376,-1.2719101352634457,-0.27626141232887397,1.499999728251257,0.7986344864652117,-1.4999993481137934,1.0296986450757566,-1.499999462847754,0.9032517713172681,1.4999991738133982,-0.8257228719164909,-0.8931743737578187,-1.4999994279564635,-0.17577062859005982,-1.0
1.5003704806988052,-1.500000265118582,-1.5000002967025323,-1.4999997758083434,-1.4999400044008457,1.5000004569987153,-1.4999984833511766,1.4999992957984043,1.4999983406397521,-1.2687846686959503,1.4999983958917917,-1.499999227488123,1.4999993152884923,1.499999163439102,1.4999992668615816,1.4999995858858375,-0.47825146727600537,-1.4998458679532958,-1.499999590719868,-1.4999993127752485,-1.4999989325260759,1.499999337802004,-0.937926205753562,1.4999992408442555,-1.4032746097471327,1.499999650106397,1.0
1.500365460068217,-1.5000002585290044,-1.5000002897322235,-1.499999881136571,-0.10347930076825634,1.5000007067416163,-1.4999862398097952,0.4184722529842929,1.4999980230555803,-1.341441298712811,1.4999877726945614,-1.4999960061535011,1.4999991556152859,1.4999930716897656,1.499995662203859,1.4999993625233798,-1.4927161971612894,-1.4999993688543574,-1.4999946717841826,-1.4999995077075068,-1.4999920594455916,1.4999992356755163,-0.9266299130694,1.499996461772914,-1.4040376959793954,1.4999995777942545,1.0
1.5003353362846892,-1.5000001757011512,-1.5000000597287686,-1.4999996111843767,-1.499994993418153,1.5000002922132518,-1.4999984437049303,1.4999995375095514,1.4999983567392408,-1.2664933443644737,1.4999984820834673,-1.4999991937595267,1.4999991136700093,1.4999993384417578,1.4999991209085033,1.4999992991141124,-0.6125790769404973,-1.4998463058803093,-1.4999992974204865,-1.4999996059072755,-1.4999994231684552,1.4999995037725875,-0.9455177348883004,1.4999995342101604,-1.4043722230031022,1.49999927000617,1.0
1.5000089952964701,1.124424184427582,1.1125183057960695,1.3556814033585898,0.8788143649590976,-0.4579535583139326,1.168953573886373,-0.06624564074465766,1.4999992711395773,0.03645364428901016,-1.073032858047531,1.4023881948626993,1.5000009285865465,-1.4900940117640245,1.487479267104472,1.500000155710674,0.8415711130080473,-1.499998230754884,-0.7395901208966761,-1.4999982814339659,1.4141393546527639,1.4999987738867009,-0.055963334200347326,-1.4207756431629988,-1.4999983973435906,-0.6483595262170758,-1.0
1.50019015638352,-1.4999990653983197,-1.4999990381174682,-1.4999996648298144,-1.499999822365906,1.4999990891534332,-1.4999996952878885,1.4999991006155329,1.4999997921458936,-1.2417564071773213,1.4999997291629197,-1.5000001612542868,1.4999990479608327,1.4999994572777828,1.499999131362293,1.4999989923920751,-1.1207707013531882,-1.499846345977157,-1.4999992247577367,-1.4999995955329792,-1.4999996955807584,1.4999989325469953,-1.1340925838045055,1.4999996052006217,-1.2678899010528821,1.4999990516033004,1.0
1.5003629497529232,-1.5000003084800948,-1.500000361497954,-1.5000001561960015,-1.4999989083182688,1.5000002670598926,-1.499998454566228,1.5000000831625617,1.4999988995237976,-1.2639496966290957,1.4999985188470348,-1.499999852150797,1.4999990814178967,1.4999994322758792,1.4999991299322502,1.4999991065616332,-0.5100061445117778,-1.4998462350735193,-1.4999993433217271,-1.4999995351050879,-1.4999994738868656,1.499998958283166,-0.9398196578727951,1.499999456098353,-1.40382870457647,1.4999991520778333,1.0
1.500098111489407,-1.4999991885451835,-1.4999992076382231,-1.4999994577459566,-1.4999995143267897,1.4999992302896348,-1.499999416958772,1.4999854219291289,1.499999565333468,-1.223913578844693,1.4999995159200032,-1.499999379638584,1.4999989845184711,1.4999993283768578,1.4999991016941316,1.4999988963775357,-1.3074353669553875,-1.4998655675701476,-1.4999993440744033,-1.4999996124721684,-1.4999996164029037,1.4999999571531017,-0.9984195515402949,1.4999995083890574,-1.3994775203862622,1.4999990903705178,1.0
1.5002629555270457,-1.4999988224696696,-1.4999992695338122,-1.4999993074270217,-1.499999427505025,1.4999992277014997,-1.4999993321735843,1.499999643679153,1.499999261107939,-0.08171300677169395,1.4999993437440877,-1.4999998195418012,1.500000801669189,1.500000047298524,1.5000009910390073,1.5000003307298562,-1.4379719544564404,-1.4995335139893626,-1.4999973796408512,-1.4999974724555754,-1.4999985476696382,1.4999985651665357,-0.8275521700588779,1.5000006405236828,-1.4729439206868378,1.5000003803211348,1.0
1.500006066595294,-1.499999382519673,-1.4999993922334216,-0.7427279282795463,0.5772157896425396,0.35379511475688113,-1.4999992299218736,1.1198592967608147,1.4999991299782724,-1.1552735786016295,1.4999991589606994,-0.545250118671558,1.500000185047892,-0.35306293856428556,1.4999999349744662,1.5000001246873607,-1.4981205002567626,-1.4999719925558745,-1.411411246569417,-1.499999141168003,-1.069713879718857,1.499998695054433,-0.9621513446200556,1.4999934161653967,-1.4444472695224786,1.5000000751002658,1.0
1.5003755013293931,-1.5000003522683614,-1.5000003378884386,-1.50000008736734,-1.4970286446366443,1.50000065440991,-1.4999983264941255,1.4999964809623392,1.4999982231904672,-1.2698135288380326,1.4999983224901725,-1.499999531186904,1.4999994827934642,1.4999995044039318,1.4999992653269423,1.49999973615875,-0.46167054249505335,-1.4998456689861241,-1.4999993210341858,-1.499999186814321,-1.499998852149964,1.4999991398927628,-0.9367270416679041,1.4999993187464518,-1.4030641957737238,1.4999997828497778,1.0
1.5002985183270439,-1.4999991993504174,-1.4999992554501067,-1.4999992341450608,-1.499999367670907,1.4999992408731242,-1.4999994653647635,1.4999990846415598,1.4999993888254595,-1.257245692365826,1.4999995200888,-1.499999127774634,1.499999395574442,1.4999994332335644,1.4999993210295834,1.4999995903391368,-0.7447600549408777,-1.4998458400662034,-1.4999996200449528,-1.4999991976735267,-1.4999990415256395,1.4999994761951005,-0.9521860496045942,1.4999989818253212,-1.4056376750639108,1.4999997153051425,1.0
1.5000709164070554,-1.4999991457217148,-1.499999097345429,-1.49999959281891,-1.4999998290851833,1.4999991248978126,-1.4999996133587281,1.3510536532982031,1.4999996983826887,-1.2247121998118013,1.4999997540685945,-1.4999990616349386,1.4999989980080688,1.4999994059113346,1.4999991060051798,1.4999988732575318,-1.430045006756243,-1.4999001628941515,-1.4999993199300654,-1.499999623670685,-1.499999975993018,1.4999997256463864,-1.2348653232400304,1.4999995292924528,-1.3309055352436947,1.4999988853405162,1.0
1.5002047998894015,0.16905698419036166,0.22158059971778196,0.8678274971363871,1.2787107795515025,-1.3105426857345326,0.438018305141344,-1.3090402189023556,1.4999995584798886,1.2522146452732732,0.09816937602250059,1.0887518091815342,1.49999924374618,-1.2630810012580798,-0.2875185783570939,1.4999994670918604,0.776070165097675,-1.4999996195014695,1.0457818010532416,-1.499999609833827,0.8170557189587756,1.49999907932262,-0.8637421876575488,-0.8604162582695122,-1.4999995696738029,-0.22208089866439387,-1.0
1.5003717358564521,-1.5000003386247978,-1.5000004018805593,-1.4999999629770333,-1.499995474062955,1.5000002684865885,-1.4999979364204157,1.5000002583072598,1.4999982898351545,-1.2693709954391998,1.4999983810474606,-1.5000001345654512,1.4999992252677492,1.499999306477704,1.4999992156540782,1.4999994260331435,-0.4807587957786199,-1.499846347524348,-1.4999993196957693,-1.4999996011443706,-1.4999996128487156,1.4999988367198929,-0.9380711995001263,1.4999994391256928,-1.4032786853702417,1.4999992306243435,1.0
1.5001190307835235,-1.4999993898959834,-1.4999993555151234,-1.4999989315386852,-1.49999924402608,1.4999992998667888,-1.4999992946147906,1.4999997046212405,1.4999992053299882,-1.2322665307941467,1.499999340164671,-1.4999990346051186,1.499999106122328,1.499999380332686,1.4999991171409384,1.4999993011503967,-1.2452641737394272,-1.4998461954197422,-1.499999268229285,-1.4999995644008857,-1.4999992297252323,1.5000000699332003,-1.0338431100823422,1.4999994781686266,-1.402501279626831,1.4999992253974488,1.0
1.500316090534102,-1.499999467192273,-1.4999995242245445,-1.49999885843412,-1.4999987447963306,1.4999993951479396,-1.499999342577293,1.4999990714197293,1.4999990820241378,-1.260198506169099,1.4999992437001575,-1.4999991584883416,1.4999997407291974,1.4999988904239046,1.499999650160787,1.4999999455512614,-0.6816908654522629,-1.4998455121361856,-1.4999995949430551,-1.4999989916816558,-1.4999987197475677,1.499999192237439,-0.9480472206921989,1.499999157572495,-1.4049285135681322,1.5000000528421369,1.0
1.5002043815035193,-1.4999990477520582,-1.4999991040316536,-1.4999996539074327,-1.4999997716809665,1.4999991235426609,-1.4999996237079214,1.499999155523241,1.4999997115626809,-1.2452369320495007,1.4999997294599736,-1.499999971871917,1.499999043909184,1.49999943762829,1.499999129355296,1.499998906029698,-1.08515200288782,-1.4998463012261847,-1.4999994310341098,-1.4999995806087365,-1.4999997047969627,1.4999986545253925,-0.9871874916111738,1.4999994444864713,-1.336684360130101,1.499999100075815,1.0
1.500002719508235,-1.49999927925508,-1.4999989168129755,-0.011936503831975198,1.2789736829252245,0.4331074176865787,-1.499758833268303,0.4050518532848969,1.4999989400695735,-1.1598316096715298,1.499987367513381,-0.24438787193693828,1.5000000738032697,-0.5287532293403786,1.4999998410677549,1.5000001113952413,-1.4995034926543964,-1.4999732826472416,-1.1564579567177198,-1.4999988375106421,0.12490415528352786,1.4999986349323817,-1.003056059485477,1.3466304655313543,-1.4445789876404798,1.5000001235870057,1.0
1.5002123308352835,0.2341782574251431,0.27363744325809325,0.8019872593352575,1.2178317829229377,-1.3337473187339202,0.41762026792246076,-1.3721285312091558,1.4999997448482065,1.3270369621565488,0.11287634354563264,1.0976266447014107,1.499999077139901,-1.258854559773132,-0.32341849902715414,1.4999989559289086,0.7995107072410487,-1.4999997189727132,1.0594983746831863,-1.499999623223012,0.7305965556848955,1.4999992028251121,-0.9119369123486688,-0.854922159073034,-1.4999996042638557,-0.36197343783696473,-1.0
1.5000031378941174,-1.4997706009078642,-1.499701728866268,-1.499998587379403,-1.499999946801914,-0.569357078878615,-1.499999911565776,-1.1156092082013656,1.4999999700937772,1.1900051456204244,1.4999999006333529,1.1026012575161337,1.4999991253325156,-0.6931261293122647,1.499993322587206,1.499998017047559,0.2130892714701582,-1.499999428441791,-1.499997018270593,-1.4999993095934236,-1.4987832357124369,1.499999538078138,-1.0216252468392097,1.0645182226576662,-1.4413915295743815,1.499866272853213,1.0
1.5000441397105861,-1.4999992027460372,-1.4999993135697631,-1.499999116739288,-0.9418615351670887,0.8863079466293871,-1.499999474543313,0.08385411533694273,1.4999989074982325,0.797870281338012,1.4999993126124962,-0.7414382539761739,1.4999995232250207,0.4994041451478525,1.4999993553394433,1.499999447517677,-1.484416681237996,-1.4999242901667835,-1.4999994234362224,-1.4999990760822215,-1.499998969991695,1.4999998789274933,-1.230742962043147,1.4999991911421047,-1.3557537621738263,1.499999502764696,1.0
1.5002135859929306,-1.4999994198904019,-1.4999994985164056,-1.4999985413854824,-1.4999987815975528,1.4999993766277955,-1.4999992665774977,1.4999995496862542,1.499999051260224,-1.2586843276514759,1.4999991134737862,-1.4999993053530827,1.5000001553885167,1.4999991535036923,1.4999999622950644,1.5000001501294062,-1.0759555663189522,-1.4998453953939728,-1.499999421194929,-1.499998942717956,-1.4999986670853367,1.4999991283766914,-0.8148611709333116,1.4999990098211942,-1.413906970805789,1.5000001788892516,1.0
1.5001027137341125,-1.4999990744178824,-1.4999993456759009,-1.499999311625524,-1.4999994605725715,1.4999992624835918,-1.4999993034837347,1.4999997696153955,1.4999991861281683,-1.229870479055668,1.4999994122548177,-1.499999504278416,1.4999993132601577,1.4999995879514085,1.499999262182354,1.4999994980645488,-1.2980528135988871,-1.4998569303483174,-1.4999994759105981,-1.4999994371559322,-1.4999991442163625,1.4999992978221368,-1.0200265477346497,1.4999992189702047,-1.403489236970591,1.499999708259106,1.0
1.5001905747694022,0.31131571053586216,0.3576296164383126,0.8525026252834709,1.2473844774722551,-1.3330010960133696,0.5099234946781354,-1.3462134117230065,1.4999996912948135,1.2991847299896455,-0.014641738708563043,0.9952367113244228,1.4999992064466603,-1.2297470989019572,-0.37929152027676877,1.4999992586072466,0.7315146421400712,-1.4999995678299765,1.1162652830068536,-1.499999530547192,0.8549262826006336,1.4999989589103264,-0.9196113422545908,-0.8642335069243146,-1.499999529581139,-0.36207581537683464,-1.0
1.5001579406705803,0.1544493823042533,0.20942611316539336,0.8688974371760373,1.292082046193811,-1.3037882118922635,0.4323985110905524,-1.289378695879456,1.4999994195724287,1.2553374790317497,0.09972177586345624,1.1316916849186875,1.500000012359119,-1.161246368026583,-0.1854356190119406,1.4999997670854162,0.816164271443812,-1.4999993299240488,1.0968506106307914,-1.499999470687887,0.8622673815483162,1.4999995598764608,-0.82466220274415,-0.8234036937275899,-1.4999995088321278,-0.17906198361562348,-1.0
1.5003696439270404,0.013674313534101028,0.06804130098090744,0.6801008327790993,1.398958528334498,-1.0492810279130809,0.7810919216278868,-1.1979514031395888,1.4999983740980711,1.0507484895543993,-0.21574110380055112,0.9794735589079693,1.4999992130031854,-1.2519807446481324,-0.3529074613184753,1.4999993613023626,0.6478097919062267,-1.4999996327990281,1.0798706658249408,-1.4999995927770713,0.8309570921975465,1.499998695623438,-0.9073614052713987,-0.8619118040994089,-1.4999995803074986,-0.31395969028379545,-1.0
1.5001583590564627,0.3387391396804626,0.38567515871776503,0.8659780188442929,1.2472700226017674,-1.3409502507492137,0.5207480417840062,-1.3595745716698706,1.4999997346492138,1.3297518796432184,-0.04429068111689553,1.0779316556973997,1.499999339637672,-1.2019211886392869,-0.3880849099532152,1.4999993846605952,0.7961511741016295,-1.4999996411161212,1.1079211148391712,-1.4999995883154043,0.8369494970947238,1.4999992480404927,-0.9448075110718488,-0.886548751863063,-1.499999577869564,-0.40375305026250086,-1.0
1.5002261375694006,0.1967439840349608,0.2488436664323944,0.9888531435793279,1.3291099589144768,-1.3098809109359864,0.4760235317955831,-1.2843793686908123,1.4999994470327678,1.2343604250650302,0.015963057923389118,1.1517217888177755,1.4999990725610859,-1.2825694987050102,-0.3475759578028448,1.4999992210190405,0.8210165628542019,-1.4999996113893859,1.0547885983936585,-1.4999996084121519,0.8417437826112143,1.4999991751267114,-0.8988919275594611,-0.8768141962851191,-1.499999587387006,-0.2959283603729403,-1.0
1.5002968447835145,-0.33809953015115296,-0.2829166555161719,0.5677029842028686,1.195449659838082,-1.2790014331579027,0.01540722893512142,-1.3234901422739629,1.4999996642900968,1.21465527185477,0.773699194043075,1.0935804656047874,1.4999991823187648,-1.2190391377369922,0.2053547162405357,1.4999991931616532,0.6293056523338353,-1.4999996372899822,0.9088160359231003,-1.499999599246154,0.5441622138871741,1.4999996812589913,-0.6437948930606568,-0.6280323569850105,-1.4999995833767774,0.21834252283997993,-1.0
1.5000583648305854,0.8485896257071289,0.884915793902829,1.0897351360395902,0.648003316028723,-1.3658691778509309,0.9099000424412632,-1.3832768444564303,1.4999995972345546,1.3560852989361993,-0.6610653346837945,1.3847073270742112,1.4999992364281924,-1.2760426888627028,-0.9017991082073827,1.4999992914492832,1.2554718607640594,-1.4999996566671059,1.2338118902210762,-1.4999996116776537,1.071519995715291,1.50000009827466,-1.1884896407839094,-1.1162137354241084,-1.4999995966032103,-0.9200574417854922,-1.0
1.5000223836447049,-1.499999052803231,-1.499998959341264,-1.4999996122675778,-1.4999999373592656,-0.009912074717036666,-1.499999851966707,-0.33271669231999035,1.499999927062789,-0.0767137201524318,1.499999894047959,-1.1954074530622163,1.4999989235558826,0.7746451920133954,1.49999908744349,1.4999985188428508,-1.495148310415596,-1.4999616714335382,-1.499999323271295,-1.4999996284248038,-1.5000001525769635,1.4999990865736659,-1.2443470128429508,1.4999995297317579,-1.380750106885407,1.4999986194144492,1.0
1.5003215295505723,-0.20431159796305384,-0.16611740285833132,0.564884377819209,1.3509723921997379,-1.0760091560814302,0.4910081184272861,-1.2032683575528658,1.49999911342358,1.148257601632785,0.11933105788560747,1.0313719000849264,1.4999991522577392,-1.22968179362579,-0.13692785966532975,1.4999989672357872,0.6912753879526766,-1.4999996441393775,1.020914232396715,-1.499999604230385,0.6653928144337424,1.499999218058542,-0.8149317326132449,-0.7667935816294367,-1.4999995985976557,-0.16117684023139084,-1.0
1.5002441281623409,-1.4999995820304115,-1.4999996127692223,-1.4999986183308298,-1.4999984939949134,1.4999994198192763,-1.4999994284079017,1.4999988898381644,1.499999029955178,-1.2592238095160246,1.4999992085917246,-1.4999991185333266,1.4999995259679586,1.4999991416533305,1.4999993678423196,1.4999998132953,-0.9614822257796186,-1.4998458380089998,-1.4999996538237554,-1.4999993084349132,-1.4999988970092983,1.4999991902388095,-0.9065631211725459,1.499999075429958,-1.4071874450228137,1.4999999075827424,1.0
1.5000571096729383,-1.499999379642768,-1.4999993236306886,-1.49999907932262,-1.3749960877206648,1.4999993359788037,-1.4999992591549136,1.4999995652029507,1.4999991575934142,-1.2254519679688718,1.499999286586384,-1.4999988796755712,1.4999992380674285,1.4999995627700176,1.4999992004039129,1.4999993062772972,-1.454627768054878,-1.4999151505306092,-1.4999991591364215,-1.499999540055848,-1.4999993646727119,1.4999998807851267,-1.2285754415456158,1.4999995461902218,-1.337119726799365,1.4999992698095286,1.0
1.5003495614046884,-1.5000002918367046,-1.5000003091160414,-1.4999996658665746,-1.1941897533697658,1.5000005467634066,-1.4999983600277538,1.4999994642150392,1.4999982448712237,-1.2682982944376715,1.4999983285651355,-1.4999990220435009,1.4999991672903439,1.4999992807277265,1.4999991479337211,1.4999993958253481,-0.557870096391285,-1.4998460744389037,-1.4999995823651204,-1.4999994439551212,-1.4999991203980725,1.4999995604408634,-0.9425020581746579,1.499999375377558,-1.403839138463261,1.4999994150856584,1.0
1.5001558487411688,0.22702215710237672,0.2688110049317742,0.8288212657589603,1.2547093697355791,-1.3181866301847867,0.44925479377597927,-1.3147276523754936,1.4999996484253224,1.2923702088921718,0.06756655989632965,1.0689111414955026,1.499999734088995,-1.172296820628155,-0.23278399336070235,1.4999998445570932,0.7286456484734486,-1.4999995241952575,1.0741296274967835,-1.4999995696114634,0.8548567117104029,1.4999991712461824,-0.8537078454755024,-0.8345332305435625,-1.4999995296564486,-0.2078312544191144,-1.0
1.5000240571882342,-1.4999988512588023,-1.499998903423154,-1.499999480117468,-1.4999999036080767,-0.07949769370431757,-1.4999997856015017,-0.2039164181680755,1.4999999425765376,0.12143643068493233,1.4999997073102067,0.672150174098219,1.4999994533219443,-0.17798438618062926,1.4999993235009887,1.49999946009603,-1.4630449866261501,-1.4999402693339576,-1.4999975637519956,-1.4999986766161673,-1.499999064185419,1.4999988539113687,-0.7917228246742535,1.499999421780251,-1.4639395555270351,1.4999997580240145,1.0
1.5002499855646934,0.06527682495243586,0.11634101879443906,0.9542714870586497,1.3582133862033614,-1.2931206674035374,0.39755527786105904,-1.2855013903893675,1.4999992962540267,1.211900463279268,0.14438126517208166,1.1517065596806912,1.4999992134964624,-1.2843336772374594,-0.22368138533429477,1.4999994960031617,0.7586207433856073,-1.4999994974415722,1.0149364490761554,-1.4999995673659865,0.8320045277237187,1.4999990728372206,-0.8144688510992637,-0.8422449139875833,-1.4999995340846446,-0.12645375076545373,-1.0
1.5000424661670566,0.9893905081350041,0.9903342688387627,1.2838780348367982,1.4071664260047536,-1.353723744493279,1.0625166294603752,-1.4263150739946102,1.4999989298065677,1.412191970398193,-0.9204754609523034,1.4350753381588826,1.500000369999555,-1.4886931653024644,-0.7818246617030516,1.499999904131059,1.2575830564832249,-1.4999980247709626,0.9975614214681365,-1.4999978489777663,1.3403505439620416,1.4999996483290936,-0.9742143838364293,-1.4108431873765221,-1.4999983477941508,-0.88546847784665,-1.0
1.500299773484691,-0.19952218181931225,-0.13755530829402818,0.6002160691685936,1.1686365338351121,-1.2956645026480567,0.09460408399510811,-1.3380881567592406,1.4999998358755862,1.2560810518704257,0.6325744216781166,1.0782309591372414,1.499999004623168,-1.2312201489960846,0.07477609653991557,1.4999987502018761,0.6579152596944798,-1.4999997208207236,0.9455928856792759,-1.499999615725537,0.5162635782252702,1.4999995454124424,-0.7172608248250061,-0.6769293643232844,-1.4999996017380601,0.02740603773060423,-1.0
1.5000056482094115,-1.4999975717455043,-1.4999971616248213,-1.4999981112837772,-1.2881691698335926,-0.34659858253816717,-1.4999997613694283,-0.823244957902807,1.4999998729194721,0.30450380242023267,1.4999998077182162,-1.2239900417522758,1.4999990126854639,0.5321782510559587,1.4999973595584466,1.499998823553289,-1.4999993611928424,-1.4999997317682086,-1.151396660935384,-1.4999996242141682,-1.5000000377593259,1.4999986477768283,-0.9534925405714209,1.499995839691262,-1.4641674544952648,1.4999722059491438,1.0
1.500198942487049,-1.499999054262561,-1.4999990340825546,-1.499999712645882,-1.4999996285126647,1.4999991953109015,-1.4999994741295293,1.4999991786139577,1.4999996707884662,-1.2469521061950102,1.499999499607556,-1.5000000800665063,1.4999994539825756,1.4999997132939615,1.4999993441453616,1.4999996520966585,-1.1023811825704526,-1.4998460694001028,-1.4999990129741503,-1.4999994642317744,-1.4999991826534735,1.499998899247663,-1.0227815553902007,1.4999997737929784,-1.3181147622252316,1.4999995947882523,1.0
1.5002855483646917,-1.499999033952855,-1.4999990534094723,-1.4999997306808237,-1.4999998950269822,1.4999990762115027,-1.49999972162779,1.499998806365997,1.4999997925224409,-1.252709552389321,1.4999998705723272,-1.4999993434680368,1.499998994578978,1.499999388779437,1.4999991135779642,1.4999987776563577,-0.7940918598561661,-1.4998463270640232,-1.4999995133314497,-1.4999995571418907,-1.4999999534085482,1.4999994723145713,-0.955461116174598,1.499999316032801,-1.4064521630246878,1.4999989317018558,1.0
1.5003219479364545,0.13947894067970795,0.1731698323079051,0.7238983661300319,1.4266105742677908,-1.0712090271807135,0.8768024125128009,-1.2462202054100848,1.4999982633429603,1.0996151351321144,-0.35319576858306856,1.0418468633393294,1.499999234379357,-1.266504467752393,-0.462686082137104,1.4999994105319048,0.7428682514849814,-1.499999690102832,1.1017288398415834,-1.4999996234740436,0.8457488197236237,1.4999988162148006,-0.9743790907814246,-0.9182240873811115,-1.499999603962618,-0.46282954046549385,-1.0
1.500259608439987,-1.4999990404675416,-1.4999991941569932,-1.4999992990890094,-1.4999996236372142,1.4999991295264157,-1.4999995188302955,1.4999996641394777,1.4999993833434329,-1.2564944297619947,1.499999593228928,-1.4999998560376018,1.4999991608547323,1.4999995132435888,1.4999991662699006,1.4999992617434672,-0.9055432562454082,-1.499846168841779,-1.49999925454723,-1.4999995413105873,-1.4999992504449564,1.499998892398686,-0.9458379628451147,1.499999570849049,-1.4069788729051935,1.4999995381948676,1.0
1.5002600268258695,-0.13356140765311975,-0.0939488540187253,0.6486764512671271,1.2260425850089858,-1.2925080509571474,0.19149441007056592,-1.2929794167694348,1.4999996057984952,1.2176924792914203,0.5133277311056622,1.0212227959713172,1.49999948467118,-1.2179590890879863,0.05217986062822715,1.49999951174242,0.6159920051188419,-1.499999372772483,0.9193442170873972,-1.499999339090005,0.7069279690848858,1.4999991647227098,-0.6769718632020373,-0.7906568002383118,-1.4999992660545152,0.10370737859962126,-1.0
1.5002035447317545,0.11130097108842965,0.14630845322778774,0.9096537236299939,1.3905757077889007,-1.2740054566173848,0.44963922530253253,-1.356731281849677,1.4999991694270405,1.1906657893279784,0.0845039122904509,1.1738380126885768,1.5000003036602896,-1.4501586469569772,-0.03323340449484291,1.5000001296243142,0.7794173502385837,-1.4999984808241258,0.916047737003949,-1.4999985565519705,0.9691315875237331,1.4999992081189486,-0.6119955869629929,-1.039127980354184,-1.4999984200410248,-0.026358608835719256,-1.0
1.5001177756258766,-1.4999992919638978,-1.499999213739126,-1.4999993046882676,-1.4999994085122306,1.499999267999173,-1.499999294782145,1.4997945588952282,1.4999992788295098,-1.232083967171489,1.4999994517956725,-1.4999992953716508,1.4999991530355186,1.4999994424288494,1.4999991748882315,1.4999992979643881,-1.2519779912777769,-1.4998460085041756,-1.4999997640249234,-1.4999993304926353,-1.4999991856014203,1.4999997512206418,-1.0342949977846743,1.499999086837249,-1.401908721470693,1.4999995232250207,1.0
1.5002914057670442,-0.4220036374794266,-0.37776929603746845,0.6293281027400998,1.2735065490879296,-1.2549617758997906,0.003399204167379946,-1.2770566007447706,1.4999993524374768,1.1728118220139314,0.7920782793811584,1.0525220788528273,1.5000001650574144,-1.47448190327874,0.5386003778203173,1.5000000932833164,0.5006153048545533,-1.4999986935984502,0.7270630279671463,-1.4999988489576799,0.6944618289078653,1.4999991530229668,-0.3886176441910474,-0.8200376088823639,-1.4999986550065363,0.49890925777397466,-1.0
1.5001483177952868,0.19485007736528115,0.24085163122363018,0.8715849660788343,1.2839096903272866,-1.3041175947903973,0.46701900465641755,-1.2016655181832983,1.4999995454752002,1.2467947702494786,0.05585634599120075,1.1672298745286735,1.4999998644889965,-1.0350596751247052,-0.219778085432436,1.4999998485819652,0.8235928251555678,-1.4999994418560791,1.0782689695284196,-1.4999994932978786,0.8743145904325573,1.4999996979475674,-0.8441268204498453,-0.8688199686288377,-1.499999428462292,-0.21487520094237456,-1.0
1.500336591442336,-1.5000001981559217,-1.5000002556463257,-1.5000000447965764,-1.4999990151773703,1.4999999702987863,-1.499998521181628,1.5000006311936775,1.4999990210109246,-1.2603182772513488,1.4999986616714234,-1.499999560896904,1.499998942098745,1.4999993723542624,1.4999990925867077,1.4999986238618912,-0.6039491395227462,-1.4998464436167072,-1.4999993208584637,-1.4999996284666424,-1.5000000846185446,1.4999994155663838,-0.9454243392621651,1.4999995267126853,-1.4046908626820818,1.4999986508728838,1.0
1.5001809518941087,0.3029869286907765,0.37105811269683237,0.9775353169692347,1.3055668285741147,-1.314692421720079,0.5676786108573757,-1.2566444450116485,1.499999453125303,1.22742647285022,-0.09975195459501504,1.1312555759797596,1.4999993591028242,-1.2527862427510603,-0.3960993727118923,1.4999996413918373,0.7898281523177493,-1.499999292273085,1.1259753879908376,-1.4999994469825613,0.9665167791059436,1.4999992245820146,-0.8757892412795191,-0.8686053823636782,-1.4999994724610064,-0.27735822781091635,-1.0
1.5001545935835217,0.3060335942296788,0.35589293582658654,0.9037976925138244,1.2484802025401,-1.3370799100631976,0.501509046002073,-1.2869168382813971,1.4999996370975246,1.2990627656040938,-0.01995261187285924,1.1296629688409148,1.499999483855746,-1.1878461103099094,-0.36258542006208017,1.4999994331708066,0.8412866976891895,-1.4999996385359353,1.0959432634288653,-1.4999996064842296,0.8311886344603899,1.4999994235240834,-0.9345913575647278,-0.8807009539716568,-1.499999591183858,-0.3809630814897988,-1.0
1.5001127549952884,0.6381913304746496,0.6831857540308887,1.0309325717731863,1.285765275062762,-1.3573286989715876,0.759070695023227,-1.3613689436658347,1.4999996294494307,1.3306692269526563,-0.4208462312638157,1.1755313622144106,1.4999990909223688,-1.3029983320227445,-0.7232945839842434,1.4999991793875533,1.0586229597715124,-1.4999996681204195,1.1782513010571154,-1.4999996187487934,0.9870336898706703,1.4999995114499685,-1.0970218619244696,-1.0276106622956447,-1.499999603816183,-0.7137243259328747,-1.0
1.5000483235694093,0.8876753192862136,0.9222091337086599,1.126210465347981,0.22379714367907888,-1.3726188971099955,0.9455030922063473,-0.7562862030699627,1.4999996421445136,1.3430121776459116,-0.7087294545832856,1.4034697539338006,1.4999992999002596,-0.9037887036260884,-0.9326774060059668,1.499999371605734,1.2654925388773186,-1.4999996387032897,1.246426534695843,-1.4999996106910998,1.0967959561500158,1.5000000906976916,-1.2053941689125958,-1.1294423315673026,-1.4999996011862093,-0.9492528029558298,-1.0
1.500336173056454,-1.500000271783469,-1.5000002531694812,-1.5000000394035824,-1.4999988525934531,1.5000003728822338,-1.4999984064225644,1.499999853895466,1.499998631455595,-1.263511549656331,1.4999984871459364,-1.4999983989794796,1.499999112043325,1.4999992057483742,1.4999991528305094,1.4999991461359168,-0.5985121376203628,-1.4998462616686363,-1.4999992335137164,-1.499999591271719,-1.499999375452788,1.4999999088086131,-0.9453690648803987,1.4999995224012188,-1.4045000786941921,1.4999990866824462,1.0
1.5002424546188116,0.06926291362082612,0.13219762722012998,0.6817275894218201,1.1585289322896066,-1.3397918074395343,0.24162435694310513,-1.4222385390289318,1.4999999976361198,1.3408485590115775,0.3735576761506267,1.1051589369993997,1.4999989941359075,-1.2610157614522433,-0.1641343691137832,1.4999987418676293,0.7605234219685855,-1.499999742619465,1.0062523384987612,-1.499999625765543,0.619116708423625,1.4999992998626048,-0.8356456601072124,-0.784684813397407,-1.4999996093526833,-0.2202659592872701,-1.0
1.5000244755741163,1.0667096970893095,1.0624322804756434,1.2351097770800321,0.3267569254333427,-1.3553715047540649,1.0825764353847953,-0.7384265357223393,1.4999995176680194,1.3240559755361794,-0.9207372709796476,1.3545655762334252,1.499999337049286,-0.6852801935780384,-1.0756625296575981,1.4999995694273738,1.1737329582642044,-1.4999994355961896,1.2579317625966224,-1.4999995069213596,1.2554849212828536,1.4999988510830802,-1.231460667480711,-1.2310052093929291,-1.4999994805730903,-1.0051943149285023,-1.0
1.5002273927270475,-1.49999940517121,-1.499999442943464,-1.4999987641215744,-1.4999988467486023,1.4999993832304686,-1.4999992904121044,1.4999993157524822,1.4999990438840807,-1.2586510571616338,1.4999991828333794,-1.4999990807028751,1.4999999174733847,1.4999990106864163,1.4999997322865888,1.5000000320525424,-1.0233554451112474,-1.4998454870581357,-1.4999994627808122,-1.4999989957082016,-1.499998699384727,1.4999992630689136,-0.8651849298473463,1.4999990364117088,-1.4075178502446737,1.5000001182107472,1.0
1.500061711917644,0.8309313925221881,0.8526307687370951,1.141848474206051,1.333400313816713,-1.3367231296629556,0.9587583053817881,-1.3781679011192218,1.4999994910436154,1.3078245492745486,-0.7162353521670873,1.3104509149393273,1.4999992779889726,-1.2990949078953415,-0.9038702686539339,1.4999994564790842,1.1848943624282777,-1.4999996135051632,1.2370084155066208,-1.4999996021313429,1.1086347509700338,1.4999995727263464,-1.178432331325106,-1.1163759046794675,-1.4999995837365891,-0.8710126155739466,-1.0
1.500123633028229,-1.499999171074644,-1.4999991478500438,-1.4999993560838354,-1.4999996985621762,1.4999990903203115,-1.4999996538823295,1.4999993492887884,1.4999997865633707,-1.2260795502054287,1.4999996507712121,-1.4999996314020376,1.499998953654563,1.4999993586805473,1.49999908860995,1.4999987678075541,-1.2402052926229599,-1.4998464009480412,-1.4999993441705903,-1.4999996218891978,-1.4999997933675804,1.499999438979258,-1.0176936732853146,1.4999995155267205,-1.3945071041198847,1.4999988634547508,1.0
1.5003428672305712,-1.500000240672295,-1.5000002646625414,-1.5000000341528397,-1.4999990792180238,1.4999997667594935,-1.4999985860063367,1.5000013415041253,1.4999992136763682,-1.259967096419309,1.499998763569305,-1.4999998581546343,1.499998988716555,1.4999993667593277,1.4999990946731983,1.4999989159496272,-0.5824305468176829,-1.4998464364326032,-1.49999932463858,-1.4999996288055348,-1.5000000275465264,1.4999991086146525,-0.9440665927757186,1.499999526252461,-1.4045389571541562,1.499998681779049,1.0
1.5003407753011595,-0.5217483220234332,-0.46668055601053066,0.47100658803133383,1.3240983262833175,-1.1322333047492312,0.2328129638061497,-1.097520653828189,1.4999993807926597,1.1972045995520497,0.5341599658318408,0.9960255609365951,1.4999992021393775,-1.2188910593349116,0.16149857516298138,1.4999990401081482,0.567848267554408,-1.499999662542499,0.9179650911516111,-1.499999623315057,0.5014302386839522,1.499999332207055,-0.671398432792925,-0.6418357445528403,-1.4999996092941092,0.14039366363201525,-1.0
1.5000608751458793,0.8663615939200275,0.8759615050923351,1.3371007939179578,1.4615543089106482,-1.3366993435483931,1.0143358836249259,-1.3974017684208235,1.4999987841204196,1.3685697018951553,-0.8474431259555905,1.3867993521425788,1.5000003028862756,-1.4882236496867134,-0.7106641351258193,1.4999999965985227,1.196032900391239,-1.4999983706965938,1.0737862687970006,-1.4999982596653485,1.2965918300653754,1.4999996458200335,-0.9594080819683362,-1.4053527629131994,-1.4999983243101511,-0.8063817229851369,-1.0
1.5001780231929323,-1.499999196966873,-1.4999990647791086,-1.499999149982975,-1.4999997108936818,1.499999129259067,-1.4999997400853016,1.4999995710415064,1.4999997210675713,-1.24315031085895,1.4999996235326176,-1.5000002130922976,1.4999992494830872,1.5000000191662572,1.499999662793112,1.4999991285273102,-1.1564864015536513,-1.4998461949724875,-1.4999987165594673,-1.4999991832931854,-1.4999996131913738,1.49999903129736,-1.1935936120413917,1.4999997377686989,-1.2587323978312808,1.4999991746246484,1.0
1.5002504039505757,0.10973628702654876,0.1595411543895758,1.0118181491436555,1.443347066782789,-1.2774934665252764,0.43964172614833025,-1.380444359998496,1.4999992642650788,1.1992899854686367,0.040070976781606205,1.117361200101,1.4999991823731549,-1.2910663029764586,-0.30416551258535957,1.49999944900211,0.7580730371549632,-1.499999510287274,1.029035116081411,-1.4999995604245462,0.8609236414474688,1.4999988090604022,-0.8573429530080944,-0.8713849732717194,-1.4999995408963853,-0.21139030169782397,-1.0
1.5003533268776295,-1.5000003642132782,-1.5000003700121067,-1.500000308743678,-1.4999945485023891,1.5000008173168211,-1.4999983740813356,1.4999957668594477,1.4999983411125282,-1.2686395034445481,1.4999983395937875,-1.4999996960200637,1.499999214295161,1.499999388842153,1.4999991979245582,1.4999994445237075,-0.5478768066438383,-1.4998460867661418,-1.4999993326001706,-1.4999994497008144,-1.4999992082611997,1.499999100778285,-0.9413583942507766,1.499999132207014,-1.4037095379393352,1.4999996314480601,1.0
1.5002006160305783,-0.08008013900900467,-0.0010089118444867526,0.7091005688545398,1.260909858309499,-1.2818407314197318,0.2603506837259466,-1.306750777474959,1.4999995994883994,1.234428343608645,0.3799084161689934,1.0318922524053027,1.4999997912296286,-1.135843728176402,0.04049323421205512,1.4999997758041594,0.6343522012538462,-1.4999994454144512,1.017764832980964,-1.4999995000677806,0.7421783079425813,1.4999993468550796,-0.7178654602749717,-0.7165718720181432,-1.4999994722769165,0.04633150099244092,-1.0
1.5000156894705874,-1.4999992900025048,-1.499999363430817,-1.4999984116571519,0.2584674427547492,0.5986246198238669,-1.4999993364304096,0.5707699179637757,1.4999991732573634,-1.1537361278007174,1.4999992617685702,-0.24475892207863237,1.5000004151099209,-1.291461156527377,1.5000002541777913,1.4999998755302,-1.4812722008398491,-1.4999527018792096,-1.4999996795569976,-1.4999983407485324,-1.4999115649453914,1.4999989721032885,-0.9333555998143255,1.499998497323907,-1.4305050265786683,1.5000001901940383,1.0
1.500060456759997,-1.499999341879049,-1.4999994080355634,-1.4999986171258786,-0.8513375574610553,1.4999993152550215,-1.4999993243875485,1.499999553424532,1.4999991087945586,-1.2316029307538126,1.4999991828040924,-1.499998875031488,1.5000000278979706,1.432410372389601,1.4999998393858436,1.4999999703238893,-1.441344652275739,-1.499901167616909,-1.49999951537652,-1.4999989299948413,-1.4999986996901487,1.4999995316927326,-1.2125878010469044,1.499999008503697,-1.3111321607954243,1.5000000157438607,1.0
1.5003169273058665,-1.499999593964869,-1.4999995979119214,-1.49999855123847,-1.4999986459401142,1.4999994254766902,-1.4999993572797077,1.4999991472856413,1.4999990786201503,-1.2597254629130032,1.4999991883489605,-1.4999992115229361,1.4999997697074403,1.4999990802552023,1.4999996695128077,1.4999999512036546,-0.675887295496367,-1.4998456539991234,-1.4999996415550079,-1.4999990943640111,-1.4999988109766094,1.4999993634182653,-0.9480632902689768,1.4999990840185833,-1.4049659357813782,1.4999999496179721,1.0
1.5002420362329292,-1.4999991277830018,-1.4999989921581973,-1.4999994087589945,-1.499999898022625,1.4999990470412206,-1.49999982829025,1.4999993339006394,1.4999998585311816,-1.2516971652589177,1.4999998162407366,-1.4999994039460087,1.4999989869769066,1.4999994245236072,1.4999991123612981,1.4999986927323914,-0.966988497670888,-1.4998464240262066,-1.4999993158696303,-1.4999996244108096,-1.4999999648346667,1.4999991998353266,-0.8907022002798595,1.4999995238187103,-1.4078867623991935,1.499998799044244,1.0
1.5001412052352872,-1.4999992190915368,-1.4999991199131633,-1.4999992654650096,-1.4999995877510017,1.4999991796427687,-1.4999995595338027,1.499999324605109,1.499999665741059,-1.230430051913558,1.4999995451241745,-1.4999995114416007,1.499999154005337,1.4999994521466984,1.4999991379606568,1.499999317776633,-1.2452444310215307,-1.4998463211095554,-1.4999992563324824,-1.4999996047864197,-1.4999995403821889,1.4999996784491119,-1.118699576122207,1.4999995485863178,-1.2550797543948569,1.4999991923629545,1.0
1.500070498021173,0.8267931267014844,0.8627124290785663,1.251020737239441,1.3741318812573042,-1.358666798128385,0.9261453844731343,-1.370738988753988,1.499999407036165,1.3094426559261667,-0.7111907776294373,1.3079162392184056,1.499999138395778,-1.3242671103207502,-0.9202027023775169,1.499999341540282,1.1427632476403145,-1.4999995797347283,1.2273199215415467,-1.4999995852963317,1.1303162410432144,1.4999994048575462,-1.1742207419054564,-1.128426509228804,-1.4999995672693394,-0.8624545288560754,-1.0
1.5000018827364705,-1.499998480235333,-1.4999992164393707,0.33784321899006187,1.3567073909123437,0.42530004215161576,-1.499512154187479,0.7632285942762871,1.4999989750177645,-1.1900162599022897,1.4999698629114258,-0.13087735120705252,1.5000003629539367,-0.6201988289555715,1.5000001861566146,1.5000001433055323,-1.4994974604144409,-1.499974076428892,-1.1209272770925198,-1.4999988376528932,0.15364925544678917,1.4999987645566957,-0.9972070252521269,0.8317086438494087,-1.2711098405684467,1.5000001942523813,1.0
1.5001516648823454,-1.4999990576707323,-1.4999990246195027,-1.4999994730044897,-1.499999742138321,1.499999100318479,-1.499999537689039,1.499999302108082,1.4999996417432815,-1.2450025710794688,1.4999996352365443,-1.4999995229032819,1.499999252493792,1.499999533641574,1.4999992751284683,1.4999993914639682,-1.2343792144994288,-1.4998460939166076,-1.4999995027144897,-1.499999403456832,-1.4999992648922393,1.4999993894234165,-1.2731892544094725,1.4999991910040373,-1.2877711627195834,1.499999498637319,1.0
1.5001520832682278,0.19949917428558983,0.23889059603499557,0.8557061629177234,1.2650771545344324,-1.3132879881776611,0.4424379233718697,-1.328531668093871,1.4999996598870038,1.270598257252592,0.08288024854472152,1.1376847412177133,1.4999997394953775,-0.9420338731233261,-0.23135669347231763,1.4999996660171937,0.8157124606573145,-1.4999995333319684,1.080222551496559,-1.499999554465476,0.8362524193259994,1.4999996250128669,-0.8639987985554253,-0.8390212203478182,-1.4999995394537906,-0.23822068404563035,-1.0
1.5003039573435142,-0.37378279094254907,-0.31096040021796123,0.5478468751901752,1.2102713420215379,-1.25740049415942,0.008994514380547394,-1.3540937685358347,1.4999995974772184,1.1961698675086603,0.7874530389461196,1.0425588975531548,1.4999995568573883,-1.313756911693977,0.30185100470918547,1.4999996424917739,0.564395219365427,-1.4999991223803848,0.7015881244759764,-1.499999074923711,0.6259987577104047,1.4999994260707983,-0.5162810892180207,-0.8225381696008713,-1.499998997305599,0.3486171362269557,-1.0
1.5002801093482214,-0.27161760651323313,-0.22776828505528035,0.5933276828066836,1.228023570550328,-1.269441023288521,0.11742956768672166,-1.2747199176928625,1.4999995611977235,1.1921543717543528,0.6436225077986074,0.971652228555636,1.4999995886580624,-1.1508396693791727,0.2034952404372955,1.4999996063210592,0.49821567446098647,-1.4999993538007454,1.0018286040044688,-1.4999993321193614,0.6548115517355673,1.4999990090768858,-0.6126603446486443,-0.6416464186246141,-1.4999992708132364,0.2373993214745505,-1.0
1.5003708990846873,-1.5000002278152968,-1.5000002634032,-1.5000003075721975,-1.4999994636627698,1.4999999765201844,-1.4999987602724243,1.5000005015317088,1.4999996031932064,-1.2584320441410206,1.4999988428157751,-1.500000520250293,1.4999989186063776,1.4999993672778333,1.4999990881585117,1.4999983433927313,-0.4825840261183204,-1.499846457604184,-1.4999993189012544,-1.4999996294075921,-1.5000003503939927,1.4999984651806777,-0.938399228713136,1.4999995338838195,-1.403960140116157,1.4999985437870174,1.0
1.5002303214282238,-1.4999994138772346,-1.4999992971322187,-1.4999987125262275,-1.4999992399702475,1.499999196874828,-1.499999518570896,1.4999995172914722,1.4999993952065136,-1.2556609631359061,1.499999411456161,-1.499999338144913,1.4999990158133167,1.4999993602193706,1.499999100021425,1.4999990572146917,-1.0151539764039736,-1.499846344580585,-1.4999993318349427,-1.49999961588034,-1.4999995202519707,1.4999991352051674,-0.8574288824529854,1.4999995026140769,-1.408120638147061,1.4999992113262948,1.0
1.500275925489398,-0.31615230983070314,-0.25359517653767105,0.5626426148351489,1.2142986024801992,-1.2644714590965036,0.07680924299028906,-1.299927923929983,1.4999995971006712,1.2024657283208477,0.6987445709746632,0.9190589316620037,1.4999996847755246,-1.1842102700606634,0.27919186897803694,1.499999589670138,0.4546912439537045,-1.4999994122673694,0.9571951302025683,-1.499999422683546,0.6261115054584387,1.4999988771485206,-0.5923621027340885,-0.6316802256794946,-1.4999992618229605,0.27739590606359876,-1.0
1.500251659108223,-0.0031105335712793072,0.05571621308625847,0.6898893066736879,1.1723382756945733,-1.3274513721049992,0.20703344413663363,-1.4087724219282458,1.4999998929183174,1.328085317707813,0.4311485055689842,1.1172568336581012,1.499999017427031,-1.2553239245361403,-0.10727208675180086,1.499998854911311,0.771530574999931,-1.4999997276282804,0.9909329204224618,-1.4999996268859805,0.6133884374030262,1.4999994426589616,-0.8058663202716196,-0.7597053843282476,-1.4999996084117335,-0.15014851291813125,-1.0
1.5000713347929375,0.7890618247949164,0.8302000113095414,1.02238141852486,0.2372939011637874,-1.3821635204749412,0.8156160975135014,-1.4224150386725816,1.4999998814001538,1.3784530929210561,-0.5224552231859453,1.3756329096276392,1.4999991329847935,-1.2995563257021436,-0.8366828784976507,1.4999990530207916,1.229073015974592,-1.4999997068792692,1.2096102963048134,-1.4999996206725317,0.9810842447279396,1.5000000778657965,-1.1621779382072537,-1.0851013479267473,-1.4999996019932755,-0.8794352452885129,-1.0
1.5000545993576444,0.8837607543571555,0.9013321780002523,1.1405203169182283,0.7259592249385926,-1.367320680177919,0.9541065752189121,-1.349372565267452,1.499999429106606,1.3378317128083244,-0.7041972130473074,1.3641176792197218,1.4999993595335526,-1.2370350559311056,-0.9252300052561124,1.4999993773303073,1.254044202818416,-1.4999995485988693,1.2530434188984942,-1.4999995866259621,1.128565194940443,1.499999920787001,-1.1861713750743081,-1.1273849455848632,-1.4999995795841095,-0.897978398822109,-1.0
1.5002529142658698,0.028891295962253143,0.06843944102505126,0.8889437636086611,1.4535357080696272,-1.2496432580342087,0.399581773213521,-1.423902217131982,1.4999991246133104,1.1752236492800123,0.13444822274274093,1.1666038911196834,1.4999995431376785,-1.320410680457165,-0.16953290397505433,1.4999998259891276,0.7585998018203345,-1.4999990092024014,0.9480566365726243,-1.4999992032476817,0.9089161705482317,1.499999132700291,-0.7198054018781401,-0.8982343705179898,-1.4999992192212364,-0.03417032401565765,-1.0
1.500257098124693,-1.499999009035047,-1.4999992307205723,-1.4999996825133122,-1.4999996705039638,1.4999992273207687,-1.4999994667153131,1.4999993730776993,1.4999994536189982,-1.2566462382683918,1.499999599881682,-1.499999833708347,1.4999993836904422,1.4999995738723053,1.4999994751495542,1.4999994760277462,-0.9132803033000114,-1.4998459846817018,-1.4999995579782441,-1.499999267752325,-1.4999991901467646,1.499998974302743,-0.945173075917793,1.4999989170039598,-1.4067644939757395,1.49999964668149,1.0
1.5002784358046921,-1.499999223235649,-1.499999169126221,-1.4999990782774923,-1.4999995490879625,1.4999992120915224,-1.4999995124992802,1.4999995691470551,1.4999995463199214,-1.255783352328743,1.4999994777715784,-1.5000000449764823,1.4999991974936207,1.4999996277892755,1.4999992915622473,1.499999191413637,-0.8308759739604656,-1.4998462777003465,-1.4999991245003461,-1.4999995151798786,-1.4999995804915884,1.4999989248486951,-0.9568798682595763,1.4999996492867789,-1.4064936635062373,1.4999992490190972,1.0
1.5002106572917542,-1.499999444983932,-1.4999995256545875,-1.4999986374343293,-1.4999987819657323,1.49999939469215,-1.4999992878323372,1.4999992430729971,1.4999990644448182,-1.2578463273987999,1.4999991682061906,-1.4999991790114244,1.5000000148903536,1.4999990345507286,1.4999998017185627,1.5000000794389274,-1.0807780003710021,-1.4998454693311258,-1.499999514903744,-1.4999989501945117,-1.4999987000876152,1.499999242019083,-0.8535776108437882,1.4999989576560055,-1.39426227387938,1.5000001280469992,1.0
1.5000596199882323,0.8586058296296676,0.8983119325808709,1.1169010128359358,1.145276611524252,-1.3472138934726898,0.9363647941452028,-1.413589894152898,1.4999994280945308,1.330701971129466,-0.7013495236737365,1.372378733161914,1.4999992586072466,-1.300729483391449,-0.9101264104652812,1.4999993565604606,1.2503849426832903,-1.499999571116816,1.2358055790459361,-1.4999995778741662,1.1207205972167837,1.500000037667281,-1.1795968520137112,-1.1324169149757404,-1.4999995701382114,-0.8980851390160836,-1.0
1.5000989482611715,0.7706566677266515,0.7822586252619775,1.0582905799173683,1.3066918582171476,-1.353084227340397,0.871586428441272,-1.3481593036603574,1.499999523333801,1.3246036837779216,-0.5835702379298238,1.1963827301859635,1.4999989854004285,-1.324303725814043,-0.8425560461463519,1.4999989067493218,1.1306610794280414,-1.4999996880790996,1.2076835219404365,-1.4999996206432447,1.0264446220527763,1.499999589294009,-1.155503051278633,-1.0820755857866646,-1.4999996003540397,-0.843712734173563,-1.0
1.5000106688399995,1.0804742026352816,1.0930285313951005,1.3565848940257288,1.0380847793534471,-0.49310122184124344,1.1609017399544104,-0.634237588611338,1.499999240358928,-0.09055856864464154,-1.044691820118154,1.389498022821595,1.499999574925801,-0.36231370220752884,-1.1085357213908629,1.4999998444817837,1.2123744449299074,-1.499999142828158,1.2844847220536049,-1.4999993560838771,1.3460401500290633,1.4999988672871654,-1.205408261684371,-1.2576514243868666,-1.4999993701588679,-0.994307021131274,-1.0
1.500062967075291,-1.499999572601249,-1.499999533319417,-1.4999983076834962,-0.1402130464581189,1.499999385271104,-1.4999993627951633,0.8414694140698278,1.4999991702215554,-1.231956795687194,1.499999188800399,-1.4999992377917122,1.4999993757914671,1.4999708335633393,1.499999301313567,1.4999996737071262,-1.4463270288403158,-1.4999052935758228,-1.4999995853256187,-1.4999993744995,-1.4999989969290517,1.4999993191146312,-1.239330010219315,1.4999992099004356,-1.3349441384691165,1.4999997767697941,1.0
1.5000537625858796,-1.499999201692123,-1.4999991088280293,-1.4999994290563998,-1.4999991650780602,1.4999984427740607,-1.4999995204067733,0.5190579104094154,1.4999994138395798,-1.2269370140274503,1.4999995583836598,-1.4999990578920586,1.499999236323596,1.4999984224499714,1.4999992978346885,1.4999993278873465,-1.4620217189119276,-1.499918388566338,-1.499999797760632,-1.4999993270179406,-1.4999994456947696,1.4999997986392426,-1.235736411400824,1.4999990126059706,-1.3394181357495238,1.4999993402523646,1.0
1.5001458074799927,0.35772678221920073,0.4060754996452881,0.9594023672737632,1.2757027878240192,-1.325423070405361,0.5740034515588903,-1.297281704642609,1.4999994705205326,1.2984887894865142,-0.12471092486110441,1.1206170709023444,1.4999996113266278,-1.1567427721102872,-0.3819947999672833,1.499999624310397,0.8595441397677385,-1.499999511495991,1.1387915216984714,-1.4999995056708042,0.9129910085263803,1.4999993583878446,-0.9380138575446364,-0.9019879428298265,-1.4999995180985384,-0.3922651746219056,-1.0
1.5003750829435107,-1.5000003085177496,-1.5000003430220334,-1.499999912164068,-1.4999960914795614,1.5000005477968197,-1.499998426827244,1.4999993317178366,1.4999983936994497,-1.2684797136636452,1.499998352823149,-1.4999992494370649,1.499999214562928,1.4999993186088028,1.4999991711248506,1.4999994539616563,-0.46215483209236274,-1.499846093490105,-1.499999309898427,-1.4999995085564117,-1.4999991647478128,1.4999993310947763,-0.9372679088243976,1.4999994152404612,-1.4032242562366986,1.4999993891389978,1.0
1.5003512349482178,-1.5000002926609246,-1.5000002777622035,-1.499999790000411,-1.0662444116132686,1.5000006699906003,-1.4999985772704394,1.4999979213073378,1.499998262108722,-1.2685431596721943,1.4999983363931353,-1.49999882743591,1.4999993603029642,1.499999204376487,1.4999992311176205,1.4999996509720372,-0.5456011226389457,-1.4998456018464863,-1.5000000071418471,-1.4999990832533556,-1.4999988338832364,1.4999997229574202,-0.9415734132169835,1.4999990144418478,-1.403620305610644,1.4999997819510849,1.0
1.5001194491694059,-1.4999992731507583,-1.499999052017084,-1.499999396038683,-1.4999995206159664,1.4999992011528236,-1.4999994934857337,1.4999994787627347,1.4999994674094153,-1.2294011203625272,1.4999995253454004,-1.4999993544697445,1.499998972207885,1.4999993665544442,1.499999092431905,1.499998861283328,-1.244583028519155,-1.499846381959598,-1.4999993045083617,-1.4999996203629262,-1.4999996640436675,1.4999999909963357,-1.0363441920178704,1.4999995365225791,-1.4039019688842977,1.4999990154284017,1.0
1.500292242538809,-0.1427851289687745,-0.12541274366728003,0.6997349476438316,1.3314568098113213,-1.2598762424531307,0.21579081508517733,-1.3874974118594365,1.4999993162419938,1.1958358612120512,0.4553435756889676,1.1088958812175334,1.4999998979766025,-1.4326308325699628,0.18068490280730892,1.499999979135096,0.6529720145495557,-1.4999985223865793,0.727252068872855,-1.4999985627106107,0.8313083937555542,1.4999991442749365,-0.532054199390288,-0.922312735183975,-1.4999987382444075,0.21676772630344848,-1.0
1.5003466327035122,-0.8022274546354112,-0.7313726641584805,0.2869505151824605,1.250013035042234,-1.092076207072166,-0.01090351715915383,-1.1398317187014315,1.4999996273001825,1.1839395127060597,0.8937642465156341,0.954755771400063,1.4999993643715994,-1.1835899541408013,0.4362638398874715,1.4999990731213046,0.4329962955895503,-1.4999995837282216,0.8453065570045357,-1.4999996123219679,0.38490116860453005,1.4999994232814196,-0.526856951869839,-0.5232148862898196,-1.4999995988737904,0.4403072057121388,-1.0
1.5,-1.5,-1.5,-1.5,-1.5,0.9974847139557412,-1.5,1.4984733766718212,1.5,-1.2234505624605667,1.5,-1.5,1.5,1.5,1.5,1.5,-1.4901805680143139,-1.5,-1.5,-1.5,-1.5,1.5,-1.2239527584143541,1.5,-1.3382692607224098,1.5,1.0
1.5002612819835164,-1.4999990876648164,-1.4999990787038275,-1.4999996326735123,-1.4999998089859254,1.4999991173748162,-1.4999996934440618,1.4999993317805527,1.4999997693020244,-1.253794875741748,1.499999718951794,-1.500000166517581,1.4999990734769326,1.499999447375844,1.4999991685321132,1.4999990844495208,-0.9000077044482742,-1.499846360127386,-1.4999992781312237,-1.4999995813990674,-1.4999997733285702,1.4999987162289425,-0.9492050656940358,1.499999559554722,-1.4070694915356015,1.499999104926581,1.0
1.5002294846564592,-1.4999991627157125,-1.4999988895118235,-1.4999997099862028,-1.4999998347417602,1.4999991629207217,-1.4999997201266215,1.4999989909871354,1.4999997455757794,-1.2523348420053255,1.4999997418626048,-1.4999993616327618,1.499999027646943,1.4999994684047553,1.499999135706812,1.4999987788780444,-1.012358049953133,-1.4998463279003766,-1.4999992585863273,-1.4999995916231632,-1.4999996775583682,1.4999993937847547,-0.8554151812930162,1.4999995374091388,-1.4082177159928064,1.4999990423829122,1.0
1.5002817828917507,-1.499999008737993,-1.4999992152402948,-1.499999477964036,-1.4999995540642441,1.4999992190957205,-1.49999941825535,1.4999996419273713,1.4999994421196623,-1.2570459838730363,1.4999994694293823,-1.5000000603228765,1.4999993374172564,1.4999997073687807,1.499999296793326,1.4999994818483304,-0.8209722996015129,-1.4998460829148998,-1.4999990620068837,-1.4999994598077622,-1.4999991400559332,1.4999987260066205,-0.9559051860738879,1.4999997538008276,-1.4063066709366459,1.4999996335554697,1.0
1.5001320007458758,-1.499999185434066,-1.499999118002395,-1.4999994564958194,-1.4999997114873713,1.4999991272809388,-1.4999996952004457,1.4999992736737406,1.4999997822941613,-1.2249280911212983,1.4999996925365828,-1.4999996240802846,1.4999989659814663,1.4999993645556475,1.4999990919344441,1.4999988225700822,-1.2229215409381986,-1.4998464082990812,-1.4999993142973362,-1.4999996243815226,-1.4999998146173994,1.4999994135635706,-0.9755146695238032,1.4999995199925713,-1.3739396106449664,1.499998945772173,1.0
1.5000897437717602,-1.4999993447601379,-1.4999993413897885,-1.4999992242012836,-1.499999358316719,1.499999315932388,-1.4999994107493397,1.4999992836463865,1.4999994004836565,-1.2233055793335217,1.4999994416761733,-1.499999289530147,1.4999991028145692,1.4999994791263118,1.4999991629081701,1.4999991626655063,-1.3351707466853466,-1.4998751274722995,-1.499999290843042,-1.499999585814712,-1.4999995517141707,1.5000000418260366,-0.9729178342701625,1.4999994885433414,-1.3934972917982267,1.499999097596042,1.0
1.5003662968399818,-1.5000003150110985,-1.5000003629748562,-1.4999999549063696,0.09878154607444328,1.5000006876925072,-1.499998568898538,1.4999984555957036,1.499998037853889,-1.2709409893611288,1.4999982441725193,-1.4999988940805973,1.4999991728477635,1.4999993159407559,1.4999991329764257,1.4999994007805013,-0.4948487895322314,-1.4998460333591839,-1.4999994360396787,-1.4999994985582443,-1.4999990567925403,1.4999996905337696,-0.9391175870353682,1.4999994402461303,-1.402980464777532,1.4999994471833866,1.0
1.5001746761058736,0.03304651125125271,0.10263928477335954,0.7438803234351514,1.0538767020122812,-1.3136413353948757,0.2942603362878943,-1.3418866847962427,1.4999996999382474,1.2824837433359126,0.3153214164511762,1.0131993558290067,1.5000000647661347,-0.021863512118706237,-0.006668049980176019,1.4999997257133282,0.658814107581046,-1.499999319005851,1.094484046590819,-1.4999994152362774,0.7896725827720307,1.4999992458368543,-0.7478819708914891,-0.7187149960478937,-1.4999994672671642,-0.040072333854029064,-1.0
1.500361694595276,-1.5000002558764378,-1.5000002102681929,-1.4999996315819435,-1.4999967229097504,1.5000004333348098,-1.499998547234517,1.4999993698035368,1.4999982496575581,-1.2685398425335113,1.4999984220158062,-1.499999028065329,1.4999993330516925,1.4999992256271426,1.4999992483082596,1.4999996114224383,-0.5060192990220508,-1.499846029374184,-1.4999995609680294,-1.4999993796303,-1.4999990713904423,1.4999997234636673,-0.9396924461690731,1.4999991166346915,-1.4034503004679655,1.4999995929193226,1.0
1.500026567503528,-1.4999990924193534,-1.4999992128985888,-1.499999194984979,-1.1485145857679273,0.681278018218378,-1.499999539621145,0.11544546239881695,1.49999967814369,-0.9682576444401029,1.4999994718129268,-1.4999992739034345,1.4999991874577985,1.3320500162129658,1.4999991497737821,1.4999993696654905,-1.493632750071277,-1.4999544749857658,-1.499999295777485,-1.4999996074000763,-1.4999994901783935,1.4999988187795061,-1.2414346700685182,1.499999541113946,-1.3733733509215778,1.499999220483925,1.0
1.5002533326517522,-1.4999990566712085,-1.4999989480816631,-1.4999996970066176,-1.4999999283263146,1.499999004652455,-1.499999908072254,1.4999989977151986,1.4999999361082919,-1.2509270143269047,1.499999934857318,-1.4999994520634394,1.4999989580112152,1.4999993825948987,1.499999096521627,1.499998658190453,-0.9222135863187406,-1.4998464397863844,-1.4999993204233422,-1.4999996272667115,-1.5000000924298091,1.4999992493324683,-0.9238520874835578,1.4999995249353821,-1.4075322429101822,1.4999986483876717,1.0
1.5001332559035228,-1.4999993579697097,-1.4999993943785697,-1.4999992735858796,-1.499999266970362,1.4999993858272225,-1.499999264315285,1.4999992868872034,1.4999993198965944,-1.2292647205995952,1.4999993195995405,-1.4999995088404956,1.4999991346449486,1.4999993139923329,1.49999916156557,1.4999993509530019,-1.2196373860085044,-1.4998462966180826,-1.499999364438625,-1.4999995692516517,-1.499999420203773,1.4999997217867767,-0.9655095336164468,1.4999994631820444,-1.3686436363470458,1.4999993379022911,1.0
1.5002650474564574,-0.023264176903594724,0.01930250003601712,0.7102685651928213,1.24414100983066,-1.2969715949890548,0.2886743852609285,-1.3280333333678436,1.499999604109053,1.227372491494188,0.3642491284006523,0.965097205510697,1.4999992217842684,-1.239237019363696,-0.099546562605556,1.4999993580198323,0.6031949204880064,-1.4999995569996394,1.0093139267230793,-1.4999995759420603,0.7432801539916921,1.4999987685313616,-0.7722603034419653,-0.746168121964868,-1.4999995520777478,-0.03484754611179951,-1.0
1.5002943344682207,-1.499999054798095,-1.4999991652205888,-1.4999995969002642,-1.499999671841962,1.4999991571708446,-1.499999491992933,1.499999154063911,1.4999994161312047,-1.2563942986230676,1.499999697838787,-1.4999993053154281,1.4999990549106408,1.499999416352531,1.499999127419006,1.4999990629143627,-0.7626715368592816,-1.4998461984346307,-1.4999995548336558,-1.499999535774087,-1.4999995407625017,1.4999994347598362,-0.9536012589720644,1.4999993725800895,-1.4060090082110688,1.4999992691488973,1.0
1.5001478994094044,0.37207629032449085,0.4156070591469531,1.0300660567778384,1.3281769825972536,-1.3201632115134998,0.6126918994381824,-1.2373332723849186,1.4999993098189337,1.2404905669459194,-0.18157789232548172,1.2129450031662097,1.4999996612417372,-1.2524707920388372,-0.42629016444857787,1.499999862907498,0.8389723966591233,-1.4999992331083005,1.1230232942052252,-1.4999994159847698,1.0085959525505497,1.499999406312734,-0.8817432216469296,-0.9330343728339039,-1.499999416929485,-0.32133970819222546,-1.0
1.500289732223515,-1.4999994130241876,-1.499999483851562,-1.4999988979548504,-1.499998816089285,1.499999425869973,-1.4999993119221595,1.4999991396249959,1.499999041487985,-1.258697996321945,1.4999992030384888,-1.499999164308926,1.5000003965210362,1.4999981760383783,1.5000006900731226,1.5000001929135465,-0.7824615006250442,-1.4998449491937969,-1.500000160886107,-1.4999982095761906,-1.499998566053514,1.499999208257016,-0.9525053252823533,1.499998482803091,-1.4053424155800829,1.50000023927907,1.0
1.5001704922470502,0.07957819132332983,0.13800777896755265,0.7853658973600786,1.267576491732888,-1.3002115879209928,0.37496032973932353,-1.2999333754530897,1.4999995723460335,1.2238512517544997,0.21372726610080367,0.9924634647322595,1.5000001619111527,-0.007886052144841352,-0.004698456898436641,1.4999998109439714,0.6580750593507446,-1.4999992511599778,1.0773286554804404,-1.4999993519274226,0.8400059843571139,1.4999991055872124,-0.7427434473688224,-0.7742559482094715,-1.499999324487961,-0.05859792355947199,-1.0
1.5003223663223368,-0.46348045248047304,-0.38758910454124357,0.4726674307639875,1.313478630591311,-1.1127684762322851,0.2621090653209661,-1.0398194757504613,1.4999992828062676,1.1574681636774402,0.4619891086121661,1.0144613940072438,1.4999992837342475,-1.2112529225593562,0.11119963078305067,1.4999990985118887,0.5918238958340242,-1.499999610737122,0.9402680425574845,-1.499999613454957,0.5522841512592999,1.4999994568008228,-0.6883284445221793,-0.6640866897792014,-1.4999996002619949,0.11433402378414603,-1.0
1.5002767622611628,-0.41934646609880505,-0.3649440721708122,0.5006571987143807,1.2129729580195123,-1.2424593838295186,-0.001991542838320322,-1.32227319632842,1.4999995062607283,1.1633171076086688,0.8307890596292197,0.9067154160986419,1.5000000140786849,-1.2395359237138124,0.47794385710528875,1.4999998585228138,0.40064728955610895,-1.4999991943285316,0.8658772737135918,-1.4999992195099225,0.6193630224995074,1.4999989351702747,-0.4827280191269455,-0.6566313532860605,-1.4999990359807716,0.43928705188097456,-1.0
1.500307304430573,-0.3013663248677108,-0.2477179302811649,0.5470587739353209,1.1904902884717292,-1.270027776018124,0.04984891540880041,-1.3643486572956351,1.4999996243480518,1.2119140515063889,0.7340995712735083,1.1028307899324845,1.4999992087507112,-1.2410975782675349,0.18218157925288117,1.4999992635877122,0.6434736780604318,-1.499999463190412,0.8264033220991728,-1.4999993954784225,0.5861461915963779,1.4999996516619556,-0.6148705969340885,-0.7339786548184126,-1.4999993551512114,0.2222123602346275,-1.0
1.500156267127051,-1.499999207153314,-1.499999057561952,-1.4999993336748365,-1.4999997645642227,1.4999990938368448,-1.4999997776814569,1.4999992506374138,1.4999997711835058,-1.2409128317162421,1.4999997547585129,-1.4999999513626412,1.4999990025408614,1.4999994125850915,1.4999991104501114,1.4999988849263142,-1.2170690706115652,-1.4998464270871177,-1.4999993178017363,-1.4999996260207584,-1.499999943865166,1.499999270909465,-1.2587269393757685,1.4999995336164709,-1.2828084642227047,1.4999988678854572,1.0
1.500297263169397,-0.39036594812430037,-0.35502421923594485,0.6413677560250745,1.2725074006772534,-1.2603708389601627,0.018381204082776013,-1.2610070515813492,1.4999993588645535,1.1747504062720673,0.7653211748495808,1.0777617584063517,1.4999999855824224,-1.4203607801455307,0.45042530805826564,1.5000000331068748,0.519928370750001,-1.4999987493525528,0.7746015363211948,-1.4999989382746979,0.7044913563691184,1.499999256704846,-0.4040633039143612,-0.803138097392703,-1.499998723923059,0.4801497157198085,-1.0
1.5002449649341054,-1.499999032526996,-1.4999989704096623,-1.4999996992813815,-1.4999999804153568,1.4999990101931393,-1.4999998831280876,1.4999990135636558,1.4999999616130952,-1.2502341708438351,1.4999999307906073,-1.4999992618396958,1.4999989400361025,1.4999993869939334,1.4999990965341785,1.499998493831743,-0.9506947828434169,-1.499846453690184,-1.499999319971904,-1.4999996289310507,-1.50000025575929,1.4999994772239114,-0.8991390049425443,1.49999952937613,-1.4078569676186676,1.4999985804041496,1.0
1.500344959159983,-1.5000001720277232,-1.5000001664966618,-1.499999823462077,-1.4999992917630727,1.4999997436143864,-1.4999987826435175,1.500001131424206,1.4999994472210414,-1.2579090839929907,1.4999989135439085,-1.499999741414932,1.4999989658810537,1.4999993763727475,1.4999991051771941,1.4999986748589464,-0.5672460247219769,-1.4998464346306153,-1.4999993321235034,-1.4999996216088793,-1.500000180274109,1.4999993901300703,-0.9435813707129053,1.4999995201180871,-1.4045796350867146,1.4999986667004217,1.0
1.5001734209482267,-1.4999991437314533,-1.4999990888400623,-1.4999996409152958,-1.4999995560545056,1.4999992639805764,-1.4999994496506082,1.4999991885200803,1.499999602415427,-1.2442307451524335,1.4999994442521751,-1.49999999033947,1.4999994940124817,1.4999998705137534,1.4999994445864655,1.4999996331500538,-1.170631025973738,-1.4998460452181226,-1.4999989812316317,-1.4999994396859115,-1.499999185960814,1.499999084817282,-1.1988785771453583,1.499999789774901,-1.2604224836105447,1.4999995944121234,1.0
1.5000278226611752,-1.4999988834117572,-1.4999988361341525,-1.4999992707086398,-1.4999997567153036,0.4661144956187795,-1.499999672569535,0.665440743906768,1.4999997716642313,-0.879621410422166,1.499999531454671,-1.4999510841057508,1.4999994828520382,0.8591194510910095,1.4999992940754914,1.499999755009126,-1.4929334254829072,-1.4999471290041713,-1.4999983463365336,-1.49999918497426,-1.499998944441706,1.4999984068744212,-1.2451825254504585,1.4999998780405153,-1.372435504682045,1.4999999241131687,1.0
1.5002140043788128,0.1900936841186776,0.25294615790510444,0.7954527502802762,1.2227816933543334,-1.3331903025390708,0.38805708017739926,-1.3758942967598566,1.4999997999571582,1.3062261265177701,0.15619527276463185,1.1122426836789299,1.499999060183558,-1.2617987898600354,-0.2959686638903335,1.4999989107281715,0.8315840648388477,-1.4999997107932692,1.0483667519264541,-1.499999619785972,0.7147942883377604,1.4999993520862,-0.8949995040440629,-0.8463954648830485,-1.499999596118301,-0.32819317150132576,-1.0
1.5,1.2216416366341976,1.2313059830719753,1.3767894663364078,-0.177116329502281,-0.5428210959451775,1.2965029410845,-0.14100442033204202,1.5,0.42822977729325384,-1.1729998046264176,0.9619529707310236,1.5,-0.4661597070872351,-1.2449854982381099,1.5,0.9847905696707295,-1.5,0.4805454955315296,-1.5,1.1141826937081185,1.5,-1.3846835014751544,-0.8604894305512026,-1.5,-1.2392214924528242,-1.0
1.5000248939599987,1.0643456747856446,1.0612933915419744,1.2394710902265669,-0.006944384863709683,-1.395691869842261,1.0455357199924253,-0.5355234718403603,1.4999995916524502,1.3654767440675275,-0.8823880063387319,1.3513802809562165,1.499999248065596,-0.5152301799050105,-1.0774139781295617,1.4999993718440843,1.205398692390631,-1.4999995637109673,1.2908848680925444,-1.4999995666007586,1.2062465976440107,1.4999989583250046,-1.2642052140513658,-1.197067051882161,-1.4999995733953453,-1.0561058193756134,-1.0
1.5002562613529284,-1.4999988973607425,-1.499999200441986,-1.4999995816208118,-1.4999997855429277,1.4999991494390734,-1.4999995918319378,1.499999409285868,1.499999557656087,-1.2554226453274124,1.4999996565503764,-1.500000299438776,1.4999994324725205,1.4999992888942006,1.49999957688301,1.4999994838097235,-0.9212750315773421,-1.4998460701527874,-1.4999994174733866,-1.4999994013577065,-1.4999992343626214,1.499998622359886,-0.9420607707367769,1.499999093188765,-1.406948211747211,1.4999996241806974,1.0
1.5003177640776313,-1.499999046096087,-1.499999088517905,-1.499999484700467,-1.4999996791473977,1.499999108606285,-1.4999997380402315,1.4999988374897228,1.4999996817104297,-1.253584566479106,1.4999997392907867,-1.4999985950811263,1.499999882822666,1.499997621953219,1.5000005838909696,1.4999994777757624,-0.6631750810021699,-1.4998451395844765,-1.5000017360294609,-1.499997867152449,-1.499999185789694,1.4999998039318239,-0.9473954563609915,1.4999974767314792,-1.4048014793082038,1.499999629118906,1.0
1.500030332976469,-1.4999990311885796,-1.4999990046440872,-1.4999997242163434,-1.4999999207075077,0.5540621050943274,-1.4999998455151968,0.15941013436311377,1.4999998198221198,-0.7248078474543432,1.4999998873956237,-1.4999981969527776,1.499998962075834,1.301683042091888,1.4999990968642851,1.4999987317803458,-1.492687747164206,-1.499951205228031,-1.4999993295391338,-1.4999996272625278,-1.5000000652430945,1.5000000265340327,-1.2245515184249232,1.4999995213770103,-1.3669830297590566,1.4999987165050772,1.0
1.5002328317435178,0.08406138705085926,0.15226611889656544,0.727655332034163,1.209365843685885,-1.3132330160548276,0.31852614661944384,-1.413618154465589,1.4999997185668787,1.2910292357597133,0.2822510914427845,1.1205024055977335,1.4999991283934269,-1.2623539735162181,-0.19583838669418546,1.4999992232482005,0.7818181886186261,-1.4999995931578025,0.9822252741189071,-1.4999995524417435,0.7279897924870814,1.4999992413333487,-0.8215266339074674,-0.8376114301051933,-1.4999995309442402,-0.17499646524288598,-1.0
1.500099366647054,-1.499999191739978,-1.4999992091854142,-1.4999994019555798,-1.4999995817254084,1.4999992174020946,-1.4999996016962216,1.4999988765231704,1.4999995645222175,-1.224602945948512,1.4999996267818023,-1.4999992747439717,1.499999039267611,1.4999993899586574,1.4999991243706465,1.4999990198691495,-1.3019432129090334,-1.4998627387277688,-1.4999994727538766,-1.4999995525045016,-1.4999995874330285,1.500000023320829,-1.0097904219046694,1.4999993758835246,-1.4027172523157942,1.4999991265491819,1.0
1.5002232088682241,-1.499999474020749,-1.4999995383998768,-1.4999985089898633,-1.4999988664127388,1.499999321711134,-1.4999993831008527,1.499999311470721,1.4999991721955,-1.2573472309621765,1.4999992621116467,-1.4999991323157944,1.4999995055745754,1.4999993753357195,1.4999993522116322,1.4999997678506438,-1.0362423045818359,-1.4998458786664848,-1.4999994735232882,-1.4999993477667424,-1.4999989600479178,1.499999415160968,-0.8448677102000216,1.4999991982253775,-1.408184590265586,1.4999997901593976,1.0
1.5002022895741076,0.09137737026242505,0.14371999513170267,0.8959581714096303,1.3044844274784928,-1.2858612523232396,0.41961813346229143,-1.2266331244356485,1.4999992790884906,1.198750817380395,0.13897333312598514,1.0799252724258863,1.49999993320051,-1.1581298774319613,-0.08449111063424365,1.499999996025334,0.6621548057595487,-1.4999990396357905,1.1302300158820333,-1.4999991170823643,0.9023832401689657,1.499999114493811,-0.7073920688517247,-0.7773892352112096,-1.4999991893438822,-0.025813391986379115,-1.0
1.5000625486894086,0.8087498805401359,0.8408715882084769,1.2537220271953962,1.3861888381568166,-1.3431124748930878,0.9588806453479358,-1.342128039244521,1.4999992708425234,1.2795697439097853,-0.7265906068306941,1.3704348306021463,1.4999994696632601,-1.3530038177238881,-0.8776167440886695,1.4999997496190607,1.1638138309704167,-1.49999931576085,1.202609788520382,-1.4999994693540728,1.1997791647344527,1.4999996735816103,-1.1136436435462769,-1.1563953745307445,-1.4999994541122752,-0.7800818549818437,-1.0
1.5000165262423522,1.0436647083801271,1.0564271020773572,1.3733520484498558,1.2821940840296597,-0.8200336875785086,1.119075897106317,-0.6868888193664323,1.4999992540577185,0.4748332359899454,-1.0016627114314196,1.376057852407203,1.4999995100111394,-0.5741165439928334,-1.0877385819706367,1.4999997773848213,1.1933701948005648,-1.4999993128840288,1.2741597527434225,-1.4999994489481383,1.3039981430420102,1.4999989024232117,-1.221439031091548,-1.240623113771698,-1.4999994316696381,-0.9975463151845743,-1.0
1.5000282410470573,1.054064945821592,1.0780781496359289,1.1263392919346935,-0.6876060925376583,-1.4103956767649592,0.9801608447699539,-1.443954571671248,1.4999999437856728,1.4169746910752385,-0.7984789069947796,1.3344166016754115,1.4999991235175576,-0.6595843188037137,-1.0642103636239773,1.499998998330226,1.2609183290055654,-1.4999997130345624,1.2773132577712458,-1.4999996258199333,1.091141585137584,1.499999492114265,-1.2734622579513932,-1.1800066188165441,-1.4999996088175678,-1.102205234089832,-1.0
1.500147481023522,0.3229619658768945,0.3718639758948405,1.0046425826733554,1.3232429676206994,-1.3142778113488083,0.5789140809751997,-1.2530909840265247,1.4999993805961438,1.2288138339480805,-0.1259875557534065,1.2280796178196907,1.4999996880121578,-1.2483723365061639,-0.3837164905309026,1.4999998518872137,0.8618589354188518,-1.4999992490358327,1.100962405439015,-1.4999994242432886,0.9878503519973516,1.4999995816375473,-0.8739026771572703,-0.9262957077406064,-1.4999994489226167,-0.2923515563650845,-1.0
1.5000763554235257,0.9149692990549526,0.9158681487615015,1.2664530796173217,1.4221391443632938,-1.3442925441214522,1.013294501983875,-1.4762260407671206,1.4999985560499074,1.4831541195487643,-0.8920478459360277,1.4537359736578643,1.5000000012384223,-1.4862982256255661,-0.8342539050360493,1.4999995479633412,1.2639651690297213,-1.4999983336694434,1.0447101357244784,-1.4999983622828539,1.2693430906791103,1.4999998674302493,-1.0175084601685176,-1.3984544880676164,-1.4999987489760056,-0.9121173603153525,-1.0
1.5003441223882181,-0.5383817713490221,-0.4658514727767675,0.4119602554124182,1.2592549477785813,-1.1197828010940563,0.1893690049303658,-1.096896278435378,1.4999992997580085,1.2360818119114552,0.5860189980283262,0.9870919435426181,1.4999993140797756,-1.2114825419502326,0.1955856226940376,1.4999990790594555,0.5507573140065022,-1.4999996042345687,0.9123701045836933,-1.4999996168045542,0.4941733883637322,1.499999321519095,-0.6472691356608189,-0.6254039435104426,-1.4999996018008181,0.19494471170920197,-1.0
1.5000148526988228,1.1383879580398106,1.1689089796291001,1.156672824313847,-0.855903211728456,-1.4279311804081936,1.0386668717007685,-1.4703225028790297,1.4999999245148192,1.4663680594907995,-0.8947076088389299,1.285355697329214,1.4999989880977624,-0.5214446860166436,-1.1525424043330934,1.49999862271133,1.1960195117278574,-1.4999997328928298,1.3039672825302033,-1.4999996245986649,1.0946316508940592,1.4999986905693363,-1.321409062828827,-1.2176066757033128,-1.499999611205296,-1.2392236332815787,-1.0
1.500285966750574,-0.23617132305529423,-0.1865421833597472,0.6359201600485791,1.1989526883047998,-1.2926419147456205,0.08396781678980675,-1.3111699561954346,1.4999996896304744,1.2305481626961774,0.6554915791847518,1.0383032288601906,1.4999991912383335,-1.227303103598531,0.11096196181639889,1.4999991990533632,0.6290568689501426,-1.4999996293029958,0.9321054514691723,-1.4999995961308525,0.5888687585010758,1.4999993837866707,-0.6907009159766663,-0.6755131649300461,-1.4999995789443974,0.11969044578458432,-1.0
1.5001566855129334,0.3473356443740562,0.39462484716996016,0.820551399759796,1.2271069876621392,-1.334835222488744,0.5126157260805975,-1.3564671386506015,1.499999704504511,1.3304557301016668,-0.03142434629999881,1.0526137960498514,1.499999563602187,-1.2925178025424504,-0.3195691615723584,1.4999997237979574,0.7950491470900471,-1.4999993805418372,1.0593229631225662,-1.499999380006638,0.9223052262217445,1.4999991852667116,-0.7903909233529081,-1.1833624889890544,-1.4999984625448466,-0.27392889667342063,-1.0
1.5001148469247,0.6018835320413458,0.6333473884586416,1.0073246542796965,1.2769231114451975,-1.3516571300158624,0.735840893231241,-1.335224488301112,1.499999548904291,1.3115395581879195,-0.36814117905493093,1.237614666402826,1.4999991896032814,-1.300739509546869,-0.6710204080481048,1.499999402436389,1.0840227036236088,-1.4999995167354372,1.1273301681647356,-1.4999995170990146,1.0222930094409721,1.4999998825423473,-1.0448036972956445,-1.0488554674789292,-1.4999995084388453,-0.6163133532909013,-1.0
1.5003637865246877,-1.5000003417166694,-1.500000392613312,-1.5000000083760854,-1.4999973747038902,1.5000006789273228,-1.4999984091671756,1.4999993697533556,1.49999835646729,-1.2686075436274482,1.4999983463381679,-1.4999996389836083,1.4999993436435914,1.4999994709179993,1.4999992218972324,1.4999996306117067,-0.5041258899743641,-1.4998459037767502,-1.4999992974204865,-1.4999993567696535,-1.49999899324098,1.4999991792871405,-0.9392145113145742,1.4999993657432358,-1.4034636437458623,1.4999997194074162,1.0
1.5003052125011613,-0.27945655910904244,-0.2058451915872587,0.7192157084215753,1.2791444940821135,-1.2685337900114517,0.1127565082194732,-1.3467459134321007,1.4999994994694887,1.1854783732886882,0.6098561367091488,1.06644884077403,1.4999991320856823,-1.239828531284065,0.10764943161502175,1.4999992967431197,0.6285618555592992,-1.499999595449302,0.9259305722168512,-1.4999995842298661,0.6281243072318915,1.499999447869121,-0.6801300771562834,-0.677186295121615,-1.499999572362769,0.15825434741300498,-1.0
1.500029077818822,1.0396533663703247,1.0589890210767035,1.1651790514796756,-0.168214120602565,-1.3913288713067908,1.024273684871347,-0.8979315837788242,1.4999996644239801,1.3764202380178447,-0.8440782622745155,1.3393589876628327,1.499999151417202,-0.7321726179631304,-1.0613405226255,1.4999992872595669,1.2470490222348953,-1.49999966023008,1.2740647636848426,-1.4999996070988386,1.143895427799122,1.4999995402985118,-1.2559078867256843,-1.1890775587690012,-1.4999995808011939,-1.0436636450014125,-1.0
1.5002893138376328,-1.4999990092772926,-1.4999989710200874,-1.499999601834289,-1.499999873689302,1.4999990798999927,-1.4999998131530488,1.499999065761897,1.4999997418709725,-1.2532251002778465,1.4999998321477679,-1.4999996973036716,1.499998980077305,1.4999994200493885,1.4999991109898292,1.4999986685622388,-0.7871656869989674,-1.4998464286715452,-1.4999992922689012,-1.4999996224870713,-1.5000001312811222,1.499999094008383,-0.954924150889013,1.499999547206481,-1.4063729411608072,1.4999987087565707,1.0
1.5003558371929235,-0.39991815464072306,-0.341084795695471,0.4906229023198233,1.3566173080261945,-1.0810825787188048,0.36784791492758934,-1.142492524923523,1.4999989896031147,1.1286253349459798,0.3427777484962502,0.9584325078827259,1.4999992734310768,-1.2114104161697181,0.055341605937669604,1.4999993352177599,0.5420851978555851,-1.4999996466107828,0.9621552974793598,-1.4999996052675635,0.5977105620950837,1.4999989228278912,-0.7205990675028221,-0.6908019216416461,-1.4999995940062891,0.06017837290387807,-1.0
1.50002154687294,0.997544574999947,1.0230375857035316,1.403927612507526,1.4851543106870366,-0.9564846571410112,1.1210737729284836,-0.49094071466215855,1.499999160102056,0.37886683446067865,-1.018194983644556,1.3711588381740905,1.4999995465207467,-1.0883125086501553,-1.0688523346112913,1.499999830302686,1.1710496202549123,-1.49999914931816,1.2627141763107976,-1.4999993339467037,1.324770191562587,1.4999988974486036,-1.1773555187014797,-1.251436476029649,-1.499999320607432,-0.952048096302113,-1.0
