1.5027690016424806,1.4998116787998093,0.46183763317326665,1.4999452328954535,1.0
1.6060891235346404,-1.49986208559383,-1.499928856795982,1.4999452328954535,-1.0
1.6034599704599615,-1.49986208559383,-1.499928856795982,1.4999452328954535,-1.0
1.5803569870590617,1.4999700961248075,1.4999033249226554,1.4999452328954535,1.0
1.5993763922801416,-1.49986208559383,-1.499928856795982,1.4999452328954535,-1.0
1.568106252519602,-1.4999148912774618,-1.499928856795982,1.4998087615586848,-1.0
1.6190111311995503,-1.49986208559383,-1.499928856795982,1.4999452328954535,-1.0
1.5243056810839974,-1.4999676969946572,-1.499928856795982,1.4999452328954535,-1.0
1.5309065334842544,1.4998644847239804,1.4999033249226554,1.4998087615586848,1.0
1.571686375855334,-1.4999148912774618,-1.499671078965501,1.4999452328954535,-1.0
1.6042990618667738,-1.49986208559383,-1.499928856795982,1.4999452328954535,-1.0
1.5964675420698586,-1.49986208559383,-1.499928856795982,1.4999452328954535,-1.0
1.6096133074432522,-1.49986208559383,-1.499928856795982,1.4999452328954535,-1.0
1.5921042667544343,-1.49986208559383,-1.499928856795982,1.4999452328954535,-1.0
1.5558555179801417,-1.4999148912774618,-1.499928856795982,1.4999452328954535,-1.0
1.6132493702061055,-1.49986208559383,-1.499928856795982,1.4999452328954535,-1.0
1.6016139693649745,-1.49986208559383,-1.499928856795982,1.4999452328954535,-1.0
1.6045787590023781,-1.49986208559383,-1.499928856795982,1.4999452328954535,-1.0
1.5753224386181877,1.4999700961248075,1.4999033249226554,1.4999452328954535,1.0
1.5,-1.5,-1.5,1.5,-1.0
1.6070400937956941,-1.49986208559383,-1.499928856795982,1.4999452328954535,-1.0
1.5,-1.5,-1.5,1.5,-1.0
1.5,-1.5,-1.3911991060676623,1.5,-1.0
1.6185076763554629,-1.49986208559383,-1.499928856795982,1.4999452328954535,-1.0
1.5211171337381106,-1.4999676969946572,-1.499928856795982,1.4999452328954535,-1.0
1.6216962237013497,-1.49986208559383,-1.499928856795982,1.4999452328954535,-1.0
1.5165301007142031,1.4998116787998093,1.4999033249226554,1.4998087615586848,1.0
1.5796857139336118,1.4999700961248075,1.4999033249226554,1.4999452328954535,1.0
1.5401924783863112,-1.4999148912774618,-1.499928856795982,1.4999452328954535,-1.0
1.562624188661761,1.4999172904411757,1.4999033249226554,1.4998087615586848,1.0
1.6018377270734576,-1.49986208559383,-1.499928856795982,1.4999452328954535,-1.0
1.528613016972301,1.4998644847239804,1.4999033249226554,1.4998087615586848,1.0
1.60676039666009,-1.49986208559383,-1.499928856795982,1.4999452328954535,-1.0
1.5123905831072622,1.4998116787998093,1.4999033249226554,1.4998087615586848,1.0
1.5,-1.5,-1.1208859159687297,1.5,-1.0
1.5897548108153599,-1.49986208559383,-1.499928856795982,1.4999452328954535,-1.0
1.6058653658261568,-1.49986208559383,-1.499928856795982,1.4999452328954535,-1.0
1.5283892592638175,1.4998644847239804,1.4999033249226554,1.4998087615586848,1.0
1.6022852424904241,-1.49986208559383,-1.499928856795982,1.4999452328954535,-1.0
1.596970996913946,-1.49986208559383,-1.499928856795982,1.4999452328954535,-1.0
1.602117424209062,-1.49986208559383,-1.499928856795982,1.4999452328954535,-1.0
1.5,-1.5,-1.0471712205371637,1.5,-1.0
1.5364445367692159,1.4999172904411757,1.4999033249226554,1.4999452328954535,1.0
1.5131737350869536,1.4998116787998093,1.4999033249226554,1.4998087615586848,1.0
1.5806366841946657,1.4999700961248075,1.4999033249226554,1.4999452328954535,1.0
1.5360529607793703,1.4999172904411757,1.4999033249226554,1.4999452328954535,1.0
1.6113474296839974,-1.49986208559383,-1.499928856795982,1.4999452328954535,-1.0
1.5575337007937662,-1.4999148912774618,-1.499928856795982,1.4999452328954535,-1.0
1.5330881711419666,1.4998644847239804,1.5001611027531365,1.4999452328954535,1.0
1.5,-1.5,-1.5,1.5,-1.0
1.5394093264066195,-1.4999148912774618,-1.499928856795982,1.4999452328954535,-1.0
1.5739239529401672,1.4999700961248075,1.4999033249226554,1.4999452328954535,1.0
1.5563589728242289,-1.4999148912774618,-1.499928856795982,1.4999452328954535,-1.0
1.5510447272477508,-1.4999148912774618,-1.499928856795982,1.4999452328954535,-1.0
1.5479680587561053,-1.4999148912774618,-1.499928856795982,1.4999452328954535,-1.0
1.5713507392926094,-1.4999148912774618,-1.499671078965501,1.4999452328954535,-1.0
1.5952928141003213,-1.49986208559383,-1.499928856795982,1.4999452328954535,-1.0
1.5,-1.5,-1.5,1.5,-1.0
1.5555758208445374,-1.4999148912774618,-1.499928856795982,1.4999452328954535,-1.0
1.613137491351864,-1.49986208559383,-1.499928856795982,1.4999452328954535,-1.0
1.5992645134259,-1.49986208559383,-1.499928856795982,1.4999452328954535,-1.0
1.5130059168055912,1.4998116787998093,1.4999033249226554,1.4998087615586848,1.0
1.5420384794812982,-1.4999148912774618,-1.499928856795982,1.4999452328954535,-1.0
1.5699522536145887,-1.4999148912774618,-1.499671078965501,1.4999452328954535,-1.0
1.5533382437597045,-1.4999148912774618,-1.499928856795982,1.4999452328954535,-1.0
1.5151316150361824,1.4998116787998093,1.4999033249226554,1.4998087615586848,1.0
1.5750986809097043,1.4999700961248075,1.4999033249226554,1.4999452328954535,1.0
1.5,-1.5,-1.5,1.5,-1.0
1.546513633650964,-1.4999148912774618,-1.499928856795982,1.4999452328954535,-1.0
1.5482477558917096,-1.4999148912774618,-1.499928856795982,1.4999452328954535,-1.0
1.5961878449342546,-1.49986208559383,-1.499928856795982,1.4999452328954535,-1.0
1.5684978285094475,-1.4999148912774618,-1.499928856795982,1.4998087615586848,-1.0
1.571126981584126,-1.4999148912774618,-1.499671078965501,1.4999452328954535,-1.0
1.5822589275811698,1.4999700961248075,1.4999033249226554,1.4999452328954535,1.0
1.5885800828458227,-1.49986208559383,-1.499928856795982,1.4999452328954535,-1.0
1.5,-1.5,-1.0366080686409629,1.5,-1.0
1.6144240981756428,-1.49986208559383,-1.499928856795982,1.4999452328954535,-1.0
1.55507236600045,-1.4999148912774618,-1.499928856795982,1.4999452328954535,-1.0
1.5820911092998073,1.4999700961248075,1.4999033249226554,1.4999452328954535,1.0
1.5413672063558483,-1.4999148912774618,-1.499928856795982,1.4999452328954535,-1.0
1.514012826493766,1.4998116787998093,1.4999033249226554,1.4998087615586848,1.0
1.5141247053480078,1.4998116787998093,1.4999033249226554,1.4998087615586848,1.0
1.5629038857973652,1.4999172904411757,1.4999033249226554,1.4998087615586848,1.0
1.5636870377770564,1.4999172904411757,1.4999033249226554,1.4998087615586848,1.0
1.5202221029041774,-1.4999676969946572,-1.499928856795982,1.4999452328954535,-1.0
1.570847284448522,-1.4999148912774618,-1.499671078965501,1.4999452328954535,-1.0
1.5519397580816836,-1.4999148912774618,-1.499928856795982,1.4999452328954535,-1.0
1.5,-1.5,-1.5,1.5,-1.0
1.5123346436801415,1.4998116787998093,1.4999033249226554,1.4998087615586848,1.0
1.5584846710548201,-1.4999148912774618,-1.499928856795982,1.4999452328954535,-1.0
1.5217324674364396,-1.4999676969946572,-1.499928856795982,1.4999452328954535,-1.0
1.5852237172185732,-1.49986208559383,-1.499928856795982,1.4999452328954535,-1.0
1.6081029429109897,-1.49986208559383,-1.499928856795982,1.4999452328954535,-1.0
1.5883563251373394,-1.49986208559383,-1.499928856795982,1.4999452328954535,-1.0
1.555296123708933,-1.4999148912774618,-1.499928856795982,1.4999452328954535,-1.0
1.5378430224472366,1.4999172904411757,1.4999033249226554,1.4999452328954535,1.0
1.5471849067764138,-1.4999148912774618,-1.499928856795982,1.4999452328954535,-1.0
1.5290605323892672,1.4998644847239804,1.4999033249226554,1.4998087615586848,1.0
1.523466589677185,-1.4999676969946572,-1.499928856795982,1.4999452328954535,-1.0
1.6034040310328408,-1.49986208559383,-1.499928856795982,1.4999452328954535,-1.0
1.5,-1.5,-1.2463281514553735,1.5,-1.0
1.6096692468703728,-1.49986208559383,-1.499928856795982,1.4999452328954535,-1.0
1.5424859948982648,-1.4999148912774618,-1.499928856795982,1.4999452328954535,-1.0
1.500475485130527,1.498752443832972,-0.04998219975905399,1.4999452328954535,1.0
1.5909854782120183,-1.49986208559383,-1.499928856795982,1.4999452328954535,-1.0
1.593223055296851,-1.49986208559383,-1.499928856795982,1.4999452328954535,-1.0
1.566372130278856,-1.4999148912774618,-1.499928856795982,1.4998087615586848,-1.0
1.513061856232712,1.4998116787998093,1.4999033249226554,1.4998087615586848,1.0
1.570176011323072,-1.4999148912774618,-1.499671078965501,1.4999452328954535,-1.0
1.611235550829756,-1.49986208559383,-1.499928856795982,1.4999452328954535,-1.0
2.5449499106378983,-1.4984052958288552,-1.4991773711873413,1.4993667280127758,-1.0
2.0151981453562895,-1.499015887907567,-1.4991773711873413,1.4993667280127758,-1.0
2.272635511146376,-1.499015887907567,-1.4991773711873413,1.497788710051996,-1.0
2.513902188130551,-1.4984052958288552,-1.4991773711873413,1.4993667280127758,-1.0
2.269401373385193,-1.499015887907567,-1.4991773711873413,1.497788710051996,-1.0
2.3968264011757636,1.4996542215144357,1.4988821461559496,1.4993667280127758,1.0
2.4692710870262395,1.4996542215144357,1.4988821461559496,1.4993667280127758,1.0
1.630335751775634,1.497822442108845,1.4772490672106118,1.497788710051996,1.0
1.782987054103423,-1.4996264803743753,-1.4991773711873413,1.4993667280127758,-1.0
2.0022615943115616,-1.499015887907567,-1.4991773711873413,1.4993667280127758,-1.0
2.47121156968295,1.4996542215144357,1.4988821461559496,1.4993667280127758,1.0
2.8334349989353314,-1.4984052958288552,-1.4991773711873413,1.4993667280127758,-1.0
2.4123502624294364,1.4996542215144357,1.4988821461559496,1.4993667280127758,1.0
1.8108006388495888,-1.4996264803743753,-1.4991773711873413,1.4993667280127758,-1.0
1.7402964356558215,-1.4996264803743753,-1.4991773711873413,1.4993667280127758,-1.0
2.182726481385516,-1.499015887907567,-1.4991773711873413,1.4993667280127758,-1.0
2.3509016449669797,1.4996542215144357,1.4988821461559496,1.4993667280127758,1.0
2.106400830221622,-1.499015887907567,-1.4991773711873413,1.4993667280127758,-1.0
2.218948824310756,1.499043629435724,1.4988821461559496,1.497788710051996,1.0
1.7545266418050218,-1.4996264803743753,-1.4991773711873413,1.4993667280127758,-1.0
2.7047163160402885,-1.4984052958288552,-1.4991773711873413,1.4993667280127758,-1.0
2.232532202907719,1.499043629435724,1.4988821461559496,1.497788710051996,1.0
1.654915198760617,1.497822442108845,1.4988821461559496,1.497788710051996,1.0
1.7635822275363315,-1.4996264803743753,-1.4991773711873413,1.4993667280127758,-1.0
1.811447466401825,-1.4996264803743753,-1.4991773711873413,1.4993667280127758,-1.0
2.364485023563944,1.4996542215144357,1.4988821461559496,1.4993667280127758,1.0
1.9421066319535774,1.499043629435724,1.4988821461559496,1.4993667280127758,1.0
2.537187980011062,-1.4984052958288552,-1.4991773711873413,1.4993667280127758,-1.0
2.1613811721617155,-1.499015887907567,-1.4991773711873413,1.4993667280127758,-1.0
2.1904884120123533,-1.499015887907567,-1.4991773711873413,1.4993667280127758,-1.0
1.8774238767299378,-1.4996264803743753,-1.4991773711873413,1.497788710051996,-1.0
2.394885918519055,1.4996542215144357,1.4988821461559496,1.4993667280127758,1.0
1.9349915288789763,1.499043629435724,1.4988821461559496,1.4993667280127758,1.0
1.599288029268287,-1.5002370752344456,-1.4991773711873413,1.4993667280127758,-1.0
2.1639684823706604,-1.499015887907567,-1.4991773711873413,1.4993667280127758,-1.0
1.5,-1.5,-0.9501560018497337,1.5,-1.0
2.003555249416035,-1.499015887907567,-1.4991773711873413,1.4993667280127758,-1.0
2.6219223893540295,-1.4984052958288552,-1.4991773711873413,1.4993667280127758,-1.0
1.9893250432668337,-1.499015887907567,-1.4991773711873413,1.4993667280127758,-1.0
1.5,-1.5,-1.4918032171058344,1.5,-1.0
2.4026478491458914,1.4996542215144357,1.4988821461559496,1.4993667280127758,1.0
2.607692183204831,-1.4984052958288552,-1.4991773711873413,1.4993667280127758,-1.0
2.822438930547314,-1.4984052958288552,-1.4991773711873413,1.4993667280127758,-1.0
1.5889387884325044,-1.5002370752344456,-1.4991773711873413,1.4993667280127758,-1.0
2.583112736219844,-1.4984052958288552,-1.4991773711873413,1.4993667280127758,-1.0
2.6781963863985947,-1.4984052958288552,-1.4991773711873413,1.4993667280127758,-1.0
2.7351172109953996,-1.4984052958288552,-1.4991773711873413,1.4993667280127758,-1.0
1.844435671565881,1.4984330369689154,1.4988821461559496,1.497788710051996,1.0
2.892296306188843,-1.4984052958288552,-1.4991773711873413,1.4993667280127758,-1.0
2.2538775121315204,-1.499015887907567,-1.4991773711873413,1.497788710051996,-1.0
2.336024611265543,1.499043629435724,1.5018628310090631,1.497788710051996,1.0
2.871597824517279,-1.4984052958288552,-1.4991773711873413,1.4993667280127758,-1.0
1.5,-1.5,-1.2549382398291902,1.5,-1.0
2.735764038547636,-1.4984052958288552,-1.4991773711873413,1.4993667280127758,-1.0
2.652323284309139,-1.4984052958288552,-1.4991773711873413,1.4993667280127758,-1.0
1.7706973306109326,-1.4996264803743753,-1.4991773711873413,1.4993667280127758,-1.0
2.717006039532782,-1.4984052958288552,-1.4991773711873413,1.4993667280127758,-1.0
1.5029107239850639,0.6670155410098111,-0.11848838539690608,1.4993667280127758,1.0
1.9104120818939938,1.499043629435724,1.4988821461559496,1.4993667280127758,1.0
2.5688825300706455,-1.4984052958288552,-1.4991773711873413,1.4993667280127758,-1.0
2.2435282712957374,-1.499015887907567,-1.4991773711873413,1.497788710051996,-1.0
1.6600898191785083,1.497822442108845,1.4988821461559496,1.497788710051996,1.0
1.692431196790328,1.497822442108845,1.4988821461559496,1.497788710051996,1.0
1.5915260986414501,-1.5002370752344456,-1.4991773711873413,1.4993667280127758,-1.0
2.7487005895923655,-1.4984052958288552,-1.4991773711873413,1.4993667280127758,-1.0
1.7092487131484746,1.497822442108845,1.5018628310090631,1.497788710051996,1.0
1.9964401463414347,-1.499015887907567,-1.4991773711873413,1.4993667280127758,-1.0
2.0358966270278547,-1.499015887907567,-1.4991773711873413,1.4993667280127758,-1.0
1.7415900907602944,-1.4996264803743753,-1.4991773711873413,1.4993667280127758,-1.0
1.8418483613569356,1.4984330369689154,1.4988821461559496,1.497788710051996,1.0
2.381302539922089,1.4996542215144357,1.4988821461559496,1.4993667280127758,1.0
2.7752205192340558,-1.4984052958288552,-1.4991773711873413,1.4993667280127758,-1.0
2.7907443804877303,-1.4984052958288552,-1.4991773711873413,1.4993667280127758,-1.0
1.5792363751489586,-1.5002370752344456,-1.4991773711873413,1.4993667280127758,-1.0
2.1807859987288074,-1.499015887907567,-1.4991773711873413,1.4993667280127758,-1.0
1.88777311756572,1.4984330369689154,1.5018628310090631,1.497788710051996,1.0
1.6956653345515096,1.497822442108845,1.4988821461559496,1.497788710051996,1.0
2.2635799254150655,-1.499015887907567,-1.4991773711873413,1.497788710051996,-1.0
2.8670700316516253,-1.4984052958288552,-1.4991773711873413,1.4993667280127758,-1.0
2.852192997950187,-1.4984052958288552,-1.4991773711873413,1.4993667280127758,-1.0
1.6866097488202005,1.497822442108845,1.4988821461559496,1.497788710051996,1.0
1.5,-1.5,-1.0560250417357278,1.5,-1.0
2.6012239076824635,-1.4984052958288552,-1.4991773711873413,1.4993667280127758,-1.0
2.156206551743823,-1.499015887907567,-1.4991773711873413,1.4993667280127758,-1.0
1.8929477379836115,1.4984330369689154,1.5018628310090631,1.497788710051996,1.0
2.4330487441010025,1.4996542215144357,1.4988821461559496,1.4993667280127758,1.0
1.8916540828791382,1.4984330369689154,1.5018628310090631,1.497788710051996,1.0
2.4537472257725668,1.4996542215144357,1.4988821461559496,1.4993667280127758,1.0
2.7493474171446,-1.4984052958288552,-1.4991773711873413,1.4993667280127758,-1.0
2.8515461703979508,-1.4984052958288552,-1.4991773711873413,1.4993667280127758,-1.0
2.9007050643679158,-1.4984052958288552,-1.4991773711873413,1.4993667280127758,-1.0
1.678200990641127,1.497822442108845,1.4988821461559496,1.497788710051996,1.0
2.199543997743663,1.499043629435724,1.4988821461559496,1.497788710051996,1.0
2.017785455565236,-1.499015887907567,-1.4991773711873413,1.4993667280127758,-1.0
2.8910026510843707,-1.4984052958288552,-1.4991773711873413,1.4993667280127758,-1.0
2.0119640075951075,-1.499015887907567,-1.4991773711873413,1.4993667280127758,-1.0
1.5216687229999193,1.497822442108845,0.24071499256813866,1.4993667280127758,1.0
2.444691640041256,1.4996542215144357,1.4988821461559496,1.4993667280127758,1.0
1.7066614029395288,1.497822442108845,1.5018628310090631,1.4993667280127758,1.0
2.574057150488537,-1.4984052958288552,-1.4991773711873413,1.4993667280127758,-1.0
1.7241257468499112,-1.4996264803743753,-1.4991773711873413,1.4993667280127758,-1.0
2.583759563772082,-1.4984052958288552,-1.4991773711873413,1.4993667280127758,-1.0
2.5488308759513156,-1.4984052958288552,-1.4991773711873413,1.4993667280127758,-1.0
2.1710835854452615,-1.499015887907567,-1.4991773711873413,1.4993667280127758,-1.0
2.0229600759831268,-1.499015887907567,-1.4991773711873413,1.4993667280127758,-1.0
2.91428844296488,1.4996542215144357,1.4988821461559496,1.497788710051996,1.0
2.3942390909668188,1.4996542215144357,1.4988821461559496,1.4993667280127758,1.0
1.516494102582028,1.497822442108845,0.14093151651034452,1.4993667280127758,1.0
2.219595651862991,1.499043629435724,1.4988821461559496,1.497788710051996,1.0
2.464096466608348,1.4996542215144357,1.4988821461559496,1.4993667280127758,1.0
1.5147959784734577,1.4998116787998093,1.4999033249226554,1.4998087615586848,1.0
1.5220681039991646,-1.4999676969946572,-1.499928856795982,1.4999452328954535,-1.0
1.5632954617872108,1.4999172904411757,1.4999033249226554,1.4998087615586848,1.0
1.5861746874796274,-1.49986208559383,-1.499928856795982,1.4999452328954535,-1.0
1.5845524440931236,-1.49986208559383,-1.499928856795982,1.4999452328954535,-1.0
1.5362207790607325,1.4999172904411757,1.4999033249226554,1.4999452328954535,1.0
1.5505972118307842,-1.4999148912774618,-1.499928856795982,1.4999452328954535,-1.0
1.597586330612275,-1.49986208559383,-1.499928856795982,1.4999452328954535,-1.0
1.5361648396336118,1.4999172904411757,1.4999033249226554,1.4999452328954535,1.0
1.5248650753552058,-1.4999676969946572,-1.499928856795982,1.4999452328954535,-1.0
1.539577144687982,-1.4999148912774618,-1.499928856795982,1.4999452328954535,-1.0
1.5564149122513498,-1.4999148912774618,-1.499928856795982,1.4999452328954535,-1.0
1.5425978737525066,-1.4999148912774618,-1.499928856795982,1.4999452328954535,-1.0
1.5507090906850258,-1.4999148912774618,-1.499928856795982,1.4999452328954535,-1.0
1.5721898306994218,1.4999172904411757,1.5001611027531365,1.4998087615586848,1.0
1.512110885971658,1.4998116787998093,1.4998844829534679,1.4998087615586848,1.0
1.59316711586973,-1.49986208559383,-1.499928856795982,1.4999452328954535,-1.0
1.549366544434126,-1.4999148912774618,-1.499928856795982,1.4999452328954535,-1.0
1.512726219669987,1.4998116787998093,1.4999033249226554,1.4998087615586848,1.0
1.528277380409576,1.4998644847239804,1.4999033249226554,1.4998087615586848,1.0
1.5740358317944088,1.4999700961248075,1.4999033249226554,1.4999452328954535,1.0
1.6077673063482647,-1.49986208559383,-1.499928856795982,1.4999452328954535,-1.0
1.5,-1.5,-0.9411743233727579,1.5,-1.0
1.6211927688572623,-1.49986208559383,-1.499928856795982,1.4999452328954535,-1.0
1.5703997690315554,-1.4999148912774618,-1.499671078965501,1.4999452328954535,-1.0
1.5606103692854112,1.4999172904411757,1.4999033249226554,1.4998087615586848,1.0
1.5305708969215295,1.4998644847239804,1.4999033249226554,1.4998087615586848,1.0
1.5,-1.5,-1.5,1.5,-1.0
1.6167735541147175,-1.49986208559383,-1.499928856795982,1.4999452328954535,-1.0
1.5,-1.5,-1.5,1.5,-1.0
1.6104523988500645,-1.49986208559383,-1.499928856795982,1.4999452328954535,-1.0
1.5524991523528922,-1.4999148912774618,-1.499928856795982,1.4999452328954535,-1.0
1.6181161003656173,-1.49986208559383,-1.499928856795982,1.4999452328954535,-1.0
1.6209130717216582,-1.49986208559383,-1.499928856795982,1.4999452328954535,-1.0
1.513341553368316,1.4998116787998093,1.4999033249226554,1.4998087615586848,1.0
1.6179482820842546,-1.49986208559383,-1.499928856795982,1.4999452328954535,-1.0
1.5795738350793704,1.4999700961248075,1.4999033249226554,1.4999452328954535,1.0
1.5375073858845116,1.4999172904411757,1.4999033249226554,1.4999452328954535,1.0
1.54147908521009,-1.4999148912774618,-1.499928856795982,1.4999452328954535,-1.0
1.5613375818379822,1.4999172904411757,1.4999033249226554,1.4998087615586848,1.0
1.5,-1.5,-1.5,1.5,-1.0
1.6057534869719152,-1.49986208559383,-1.499928856795982,1.4999452328954535,-1.0
1.6026768184802702,-1.49986208559383,-1.499928856795982,1.4999452328954535,-1.0
1.527941743846851,1.4998644847239804,1.4999033249226554,1.4998087615586848,1.0
1.5519956975088047,-1.4999148912774618,-1.499928856795982,1.4999452328954535,-1.0
1.5940621467036633,-1.49986208559383,-1.499928856795982,1.4999452328954535,-1.0
1.534486656819987,1.4999172904411757,1.4999033249226554,1.4999452328954535,1.0
1.5102089454495502,1.4998116787998093,1.3281383784384817,1.4998087615586848,1.0
1.6201858591690876,-1.49986208559383,-1.499928856795982,1.4999452328954535,-1.0
1.5433250863050771,-1.4999148912774618,-1.499928856795982,1.4999452328954535,-1.0
1.5804688659133035,1.4999700961248075,1.4999033249226554,1.4999452328954535,1.0
1.5825945641438948,1.4999700961248075,1.4999033249226554,1.4999452328954535,1.0
1.5349341722369538,1.4999172904411757,1.4999033249226554,1.4999452328954535,1.0
1.513733129358162,1.4998116787998093,1.4999033249226554,1.4998087615586848,1.0
1.5424300554711439,-1.4999148912774618,-1.499928856795982,1.4999452328954535,-1.0
1.6111236719755142,-1.49986208559383,-1.499928856795982,1.4999452328954535,-1.0
1.5908735993577765,-1.49986208559383,-1.499928856795982,1.4999452328954535,-1.0
1.5710710421570053,-1.4999148912774618,-1.499671078965501,1.4999452328954535,-1.0
1.5980338460292418,-1.49986208559383,-1.499928856795982,1.4999452328954535,-1.0
1.5438844805762855,-1.4999148912774618,-1.499928856795982,1.4999452328954535,-1.0
1.5608341269938948,1.4999172904411757,1.4999033249226554,1.4998087615586848,1.0
1.5141806447751285,1.4998116787998093,1.4999033249226554,1.4998087615586848,1.0
1.5612816424108613,1.4999172904411757,1.4999033249226554,1.4998087615586848,1.0
1.54489139026446,-1.4999148912774618,-1.499928856795982,1.4999452328954535,-1.0
1.5201102240499358,-1.4999676969946572,-1.499928856795982,1.4999452328954535,-1.0
1.5726373461163883,-1.4999148912774618,-1.499671078965501,1.4998087615586848,-1.0
1.5317456248910668,1.4998644847239804,1.4999033249226554,1.4998087615586848,1.0
1.5601069144413238,1.4999172904411757,1.4999033249226554,1.4998087615586848,1.0
1.6164379175519925,-1.49986208559383,-1.499928856795982,1.4999452328954535,-1.0
1.5649177051737149,-1.4999148912774618,-1.499928856795982,1.4998087615586848,-1.0
1.600830817385283,-1.49986208559383,-1.499928856795982,1.4999452328954535,-1.0
1.5202780423312983,-1.4999676969946572,-1.499928856795982,1.4999452328954535,-1.0
1.5870697183135607,-1.49986208559383,-1.499928856795982,1.4999452328954535,-1.0
1.58432868638464,-1.49986208559383,-1.499928856795982,1.4999452328954535,-1.0
1.5870137788864396,-1.49986208559383,-1.499928856795982,1.4999452328954535,-1.0
1.597306633476671,-1.49986208559383,-1.499928856795982,1.4999452328954535,-1.0
1.5,-1.5,-1.5,1.5,-1.0
1.5851118383643317,-1.49986208559383,-1.499928856795982,1.4999452328954535,-1.0
1.6159344627079049,-1.49986208559383,-1.499928856795982,1.4999452328954535,-1.0
1.5249769542094473,-1.4999676969946572,-1.499928856795982,1.4999452328954535,-1.0
1.61084397483991,-1.49986208559383,-1.499928856795982,1.4999452328954535,-1.0
1.5504293935494218,-1.4999148912774618,-1.499928856795982,1.4999452328954535,-1.0
1.6004951808225578,-1.49986208559383,-1.499928856795982,1.4999452328954535,-1.0
1.5381227195828406,1.4999172904411757,1.4999033249226554,1.4999452328954535,1.0
1.5241938022297559,-1.4999676969946572,-1.499928856795982,1.4999452328954535,-1.0
1.528892714107905,1.4998644847239804,1.4999033249226554,1.4998087615586848,1.0
1.5593237624616325,-1.4999148912774618,-1.499928856795982,1.4999452328954535,-1.0
1.5700081930417098,-1.4999148912774618,-1.499671078965501,1.4999452328954535,-1.0
1.5987610585818126,-1.49986208559383,-1.499928856795982,1.4999452328954535,-1.0
1.5460661182339974,-1.4999148912774618,-1.499928856795982,1.4999452328954535,-1.0
1.6037396675955655,-1.49986208559383,-1.499928856795982,1.4999452328954535,-1.0
1.5611697635566197,1.4999172904411757,1.4999033249226554,1.4998087615586848,1.0
1.5835455344049487,1.4999700961248075,1.4999033249226554,1.4999452328954535,1.0
1.603012455042995,-1.49986208559383,-1.499928856795982,1.4999452328954535,-1.0
1.5333678682775707,1.4998644847239804,1.5001611027531365,1.4998087615586848,1.0
1.5996001499886248,-1.49986208559383,-1.499928856795982,1.4999452328954535,-1.0
1.5944537226935092,-1.49986208559383,-1.499928856795982,1.4999452328954535,-1.0
1.6142562798942803,-1.49986208559383,-1.499928856795982,1.4999452328954535,-1.0
1.6024530607717866,-1.49986208559383,-1.499928856795982,1.4999452328954535,-1.0
1.500811121693252,1.4998116787998093,0.024051721934178327,1.4999452328954535,1.0
1.5808045024760284,1.4999700961248075,1.4999033249226554,1.4999452328954535,1.0
1.5100970665953084,1.4998116787998093,1.310324807064583,1.4998087615586848,1.0
1.549086847298522,-1.4999148912774618,-1.499928856795982,1.4999452328954535,-1.0
1.5,-1.5,-1.1103796069741105,1.5,-1.0
1.5865103240423521,-1.49986208559383,-1.499928856795982,1.4999452328954535,-1.0
1.5,-1.5,-1.5,1.5,-1.0
1.5243616205111183,-1.4999676969946572,-1.499928856795982,1.4999452328954535,-1.0
1.5403043572405526,-1.4999148912774618,-1.499928856795982,1.4999452328954535,-1.0
1.5158588275887532,1.4998116787998093,1.4999033249226554,1.4998087615586848,1.0
1.5207255577482648,-1.4999676969946572,-1.499928856795982,1.4999452328954535,-1.0
1.6136968856230722,-1.49986208559383,-1.499928856795982,1.4999452328954535,-1.0
1.5296199266604755,1.4998644847239804,1.4999033249226554,1.4998087615586848,1.0
1.594397783266388,-1.49986208559383,-1.499928856795982,1.4999452328954535,-1.0
1.5709032238756429,-1.4999148912774618,-1.499671078965501,1.4999452328954535,-1.0
1.5757140146080335,1.4999700961248075,1.4999033249226554,1.4999452328954535,1.0
1.5460101788068767,-1.4999148912774618,-1.499928856795982,1.4999452328954535,-1.0
1.5899226290967226,-1.49986208559383,-1.499928856795982,1.4999452328954535,-1.0
1.5820351698726864,1.4999700961248075,1.4999033249226554,1.4999452328954535,1.0
1.5211730731652313,-1.4999676969946572,-1.499928856795982,1.4999452328954535,-1.0
1.5742036500757712,1.4999700961248075,1.4999033249226554,1.4999452328954535,1.0
1.6025649396260284,-1.49986208559383,-1.499928856795982,1.4999452328954535,-1.0
1.5988729374360542,-1.49986208559383,-1.499928856795982,1.4999452328954535,-1.0
1.5664840091330978,-1.4999148912774618,-1.499928856795982,1.4998087615586848,-1.0
1.588747901127185,-1.49986208559383,-1.499928856795982,1.4999452328954535,-1.0
1.5889157194085477,-1.49986208559383,-1.499928856795982,1.4999452328954535,-1.0
1.5905379627950516,-1.49986208559383,-1.499928856795982,1.4999452328954535,-1.0
1.5596034595972366,-1.4999148912774618,-1.499928856795982,1.4999452328954535,-1.0
1.593502752432455,-1.49986208559383,-1.499928856795982,1.4999452328954535,-1.0
1.5574777613666453,-1.4999148912774618,-1.499928856795982,1.4999452328954535,-1.0
1.5215087097279563,-1.4999676969946572,-1.499928856795982,1.4999452328954535,-1.0
1.5691131622077763,-1.4999148912774618,-1.499928856795982,1.4998087615586848,-1.0
1.5898666896696017,-1.49986208559383,-1.499928856795982,1.4999452328954535,-1.0
1.582202988154049,1.4999700961248075,1.4999033249226554,1.4999452328954535,1.0
1.511215855137725,1.4998116787998093,1.4899378410039434,1.4998087615586848,1.0
1.5994323317072623,-1.49986208559383,-1.499928856795982,1.4999452328954535,-1.0
1.595124995818959,-1.49986208559383,-1.499928856795982,1.4999452328954535,-1.0
1.578343167682712,1.4999700961248075,1.4999033249226554,1.4999452328954535,1.0
1.5187117383719153,1.4998644847239804,1.4999033249226554,1.4999452328954535,1.0
1.6206893140131748,-1.49986208559383,-1.499928856795982,1.4999452328954535,-1.0
1.5673790399670309,-1.4999148912774618,-1.499928856795982,1.4998087615586848,-1.0
1.5113277339919666,1.4998116787998093,1.498816155667854,1.4998087615586848,1.0
1.5221240434262853,-1.4999676969946572,-1.499928856795982,1.4999452328954535,-1.0
1.533591625986054,1.4998644847239804,1.5001611027531365,1.4998087615586848,1.0
1.6009426962395246,-1.49986208559383,-1.499928856795982,1.4999452328954535,-1.0
1.5198305269143317,-1.4999676969946572,-1.499928856795982,1.4999452328954535,-1.0
1.5,-1.5,-1.4527992152902953,1.5,-1.0
1.5104886425851543,1.4998116787998093,1.3728159367284756,1.4998087615586848,1.0
1.6135290673417095,-1.49986208559383,-1.499928856795982,1.4999452328954535,-1.0
1.5380667801557197,1.4999172904411757,1.4999033249226554,1.4999452328954535,1.0
1.5911532964933806,-1.49986208559383,-1.499928856795982,1.4999452328954535,-1.0
1.5461779970882392,-1.4999148912774618,-1.499928856795982,1.4999452328954535,-1.0
1.5614494606922236,1.4999172904411757,1.4999033249226554,1.4998087615586848,1.0
1.5099851877410668,1.4998116787998093,1.292544065601931,1.4998087615586848,1.0
1.5565827305327122,-1.4999148912774618,-1.499928856795982,1.4999452328954535,-1.0
1.587517233730527,-1.49986208559383,-1.499928856795982,1.4999452328954535,-1.0
1.5737001952316838,1.4999700961248075,1.4999033249226554,1.4999452328954535,1.0
1.5128380985242287,1.4998116787998093,1.4999033249226554,1.4998087615586848,1.0
1.616549796406234,-1.49986208559383,-1.499928856795982,1.4999452328954535,-1.0
1.5592678230345116,-1.4999148912774618,-1.499928856795982,1.4999452328954535,-1.0
1.5674349793941518,-1.4999148912774618,-1.499928856795982,1.4998087615586848,-1.0
1.5678265553839976,-1.4999148912774618,-1.499928856795982,1.4998087615586848,-1.0
1.523858165667031,-1.4999676969946572,-1.499928856795982,1.4999452328954535,-1.0
1.569840374760347,1.4999172904411757,1.5001611027531365,1.4999452328954535,1.0
1.5300674420774423,1.4998644847239804,1.4999033249226554,1.4998087615586848,1.0
1.5163063430057198,1.4998116787998093,1.4999033249226554,1.4998087615586848,1.0
1.6012783328022495,-1.49986208559383,-1.499928856795982,1.4999452328954535,-1.0
1.5979779066021207,-1.49986208559383,-1.499928856795982,1.4999452328954535,-1.0
1.5931111764426094,-1.49986208559383,-1.499928856795982,1.4999452328954535,-1.0
1.5022096073712725,1.4998116787998093,0.33572436340506895,1.4999452328954535,1.0
1.527606107284126,1.4998644847239804,1.4999033249226554,1.4998087615586848,1.0
1.5280536227010926,1.4998644847239804,1.4999033249226554,1.4998087615586848,1.0
1.6101727017144603,-1.49986208559383,-1.499928856795982,1.4999452328954535,-1.0
1.5427097526067481,-1.4999148912774618,-1.499928856795982,1.4999452328954535,-1.0
1.6006070596767998,-1.49986208559383,-1.499928856795982,1.4999452328954535,-1.0
1.5,-1.5,-1.493703452900816,1.5,-1.0
1.610899914267031,-1.49986208559383,-1.499928856795982,1.4999452328954535,-1.0
1.6079351246296274,-1.49986208559383,-1.499928856795982,1.4999452328954535,-1.0
1.612801854789139,-1.49986208559383,-1.499928856795982,1.4999452328954535,-1.0
1.5,-1.5,-1.360289370335868,1.5,-1.0
1.5880766280017353,-1.49986208559383,-1.499928856795982,1.4999452328954535,-1.0
1.555631760271658,-1.4999148912774618,-1.499928856795982,1.4999452328954535,-1.0
1.6178923426571337,-1.49986208559383,-1.499928856795982,1.4999452328954535,-1.0
1.5729170432519926,-1.4999148912774618,-1.499671078965501,1.4998087615586848,-1.0
1.556638669959833,-1.4999148912774618,-1.499928856795982,1.4999452328954535,-1.0
1.5508209695392674,-1.4999148912774618,-1.499928856795982,1.4999452328954535,-1.0
1.6197942831792418,-1.49986208559383,-1.499928856795982,1.4999452328954535,-1.0
1.5683859496552057,-1.4999148912774618,-1.499928856795982,1.4998087615586848,-1.0
1.562344491526157,1.4999172904411757,1.4999033249226554,1.4998087615586848,1.0
1.5154672515989074,1.4998116787998093,1.4999033249226554,1.4998087615586848,1.0
1.5829302007066195,1.4999700961248075,1.4999033249226554,1.4999452328954535,1.0
1.5890275982627893,-1.49986208559383,-1.499928856795982,1.4999452328954535,-1.0
1.5492546655798844,-1.4999148912774618,-1.499928856795982,1.4999452328954535,-1.0
1.594733419829113,-1.49986208559383,-1.499928856795982,1.4999452328954535,-1.0
1.6171091906774424,-1.49986208559383,-1.499928856795982,1.4999452328954535,-1.0
1.5572540036581621,-1.4999148912774618,-1.499928856795982,1.4999452328954535,-1.0
1.5848321412287274,-1.49986208559383,-1.499928856795982,1.4999452328954535,-1.0
1.5169776161311697,1.4998116787998093,1.4999033249226554,1.4998087615586848,1.0
1.5,-1.5,-1.370600739757955,1.5,-1.0
1.5565267911055911,-1.4999148912774618,-1.499928856795982,1.4999452328954535,-1.0
1.5912092359205015,-1.49986208559383,-1.499928856795982,1.4999452328954535,-1.0
1.5680503130924808,-1.4999148912774618,-1.499928856795982,1.4998087615586848,-1.0
1.595460632381684,-1.49986208559383,-1.499928856795982,1.4999452328954535,-1.0
1.6030683944701158,-1.49986208559383,-1.499928856795982,1.4999452328954535,-1.0
1.581867351591324,1.4999700961248075,1.4999033249226554,1.4999452328954535,1.0
1.5363885973420952,1.4999172904411757,1.4999033249226554,1.4999452328954535,1.0
1.5216765280093187,-1.4999676969946572,-1.499928856795982,1.4999452328954535,-1.0
1.6049143955651028,-1.49986208559383,-1.499928856795982,1.4999452328954535,-1.0
1.5828742612794988,1.4999700961248075,1.4999033249226554,1.4999452328954535,1.0
1.608606397755077,-1.49986208559383,-1.499928856795982,1.4999452328954535,-1.0
1.6212487082843832,-1.49986208559383,-1.499928856795982,1.4999452328954535,-1.0
1.5809163813302702,1.4999700961248075,1.4999033249226554,1.4999452328954535,1.0
1.5997679682699875,-1.49986208559383,-1.499928856795982,1.4999452328954535,-1.0
1.5847762018016067,-1.49986208559383,-1.499928856795982,1.4999452328954535,-1.0
1.5262076216061056,-1.4999676969946572,-1.499928856795982,1.4999452328954535,-1.0
1.5257041667620181,-1.4999676969946572,-1.499928856795982,1.4999452328954535,-1.0
1.5612257029837404,1.4999172904411757,1.4999033249226554,1.4998087615586848,1.0
1.5942859044121467,-1.49986208559383,-1.499928856795982,1.4999452328954535,-1.0
1.621304647711504,-1.49986208559383,-1.499928856795982,1.4999452328954535,-1.0
1.577671894557262,1.4999700961248075,1.4999033249226554,1.4999452328954535,1.0
1.5615054001193447,1.4999172904411757,1.4999033249226554,1.4998087615586848,1.0
