-15.0,-15.0,-12.885699989635933,-15.0,-13.935372439148638,-15.0,-15.0,-9.696107632358888,-15.0,2.7394642102744413,-14.995128017941042,1.472017051330612,-14.941551758612857,-1.2939817724803213,-13.03953859673707,6.3223232330806995,-5.990567518290419,5.5178125811798635,1.327711089901354,-3.6628915421155264,14.35815188589597,-0.652984015603517,2.0229197539809434,-2.6276522349619102,1.5038002403093076,13.946252021883765,3.333040114402871,-7.863058232116981,1.764721942451788,-12.703488355703048,1.2805572261423512,-7.510630016460961,6.676118535679813,1.0
-15.0,-15.0,-11.645566291597486,-15.0,-13.022824146139142,-15.0,-15.0,-12.992431267412494,-13.876619345215921,0.7459854947080952,-13.299976159242272,-2.0345293822880266,-13.235596654117229,-10.636330610500748,-11.714123524696586,3.666649671636325,-3.1833957703291906,3.002183174806464,4.320713286919673,-12.710102364999361,15.0,-9.516921500482315,4.500098750017363,-11.791720885191568,5.443972546318629,12.001111789028013,5.248657491375618,-15.0,5.158976209944415,-15.0,6.573310294320493,-15.0,7.929820753426465,1.0
-15.0,-15.0,-13.109216104040177,-15.0,-14.073687595428579,-15.0,-15.0,-10.653188842900402,-15.0,2.7544076116485687,-15.0,1.2520370009662445,-15.0,-1.8002226414367164,-13.55607570099188,6.471176894977084,-6.967465828317197,5.68371856691936,-0.8888735701911511,-4.169423446518083,14.168074963953085,-1.1076314895657728,-3.609423687021896,-3.0355294809633095,1.6009854684934233,14.193673208143972,-1.0395382092532064,-8.533206348763432,-3.5222619480630186,-13.541662719597788,-1.5675985672876063,-8.070934403237917,1.4641971556238336,1.0
-15.0,-15.0,-12.700077562584045,-15.0,-14.062830468795772,-15.0,-15.0,-14.533948444451557,-15.0,-7.989194808658108,-14.463758840577343,-8.563391977456611,-14.618118744647065,-12.356987561896087,-13.882327621159764,-4.834358902840295,-11.868266827131611,-5.371883601763322,-5.718911160689449,-13.96707063276039,15.0,-10.451269849601177,3.3588095623954266,-12.689473707523243,-4.962670067869012,13.695123119924396,-4.661527192816315,-15.0,0.9087501776824457,-15.0,0.09965408598171759,-15.0,7.792414623118618,-1.0
-15.0,-15.0,-12.537159054455811,-15.0,-13.920822778186997,-15.0,-15.0,-12.04235001083594,-15.0,1.9973616347607166,-14.435459268237556,1.0180618828975183,-14.437939549668519,-6.904655438636947,-12.634174960083286,5.322317456317658,-8.322036640103189,4.672384442530343,3.937944022604463,-11.366243342627778,15.0,-8.240183121083092,4.475989816497242,-10.548673754710707,5.720457715770442,13.389987501561006,5.507099632084357,-14.092722045504239,5.261963542939667,-15.0,6.777487842570851,-14.270143082545498,7.948991528838024,1.0
-15.0,-15.0,-9.184701715455455,-15.0,-9.082820893482367,-15.0,-15.0,-13.230602475408116,-9.327366304549944,-3.917700287088483,-8.416072309366808,-3.2318273815493193,-9.709913751612156,-5.64581133927304,-6.891977948132783,-4.0414017665623385,-3.452489102086731,-2.6451630195691997,0.5004949412807935,-8.533975810431478,14.550939821898615,-8.271548103744127,0.2595500489790052,-6.637257057694979,0.21438031776553004,11.857085534071834,0.9704200188277734,-11.511879867222815,0.07670504797492951,-15.0,-0.01653588183635215,-10.677562907378642,3.6725126673484176,-1.0
-7.549672674605892,-7.072584589307453,-2.8813696278474104,-8.091189083860366,-1.0459503422279242,-5.015242067168007,-3.4766256189564304,0.04615628355381445,-1.0650297593991422,0.1414782553406445,0.6723666695281212,1.3434606109341112,-2.6034574599954183,0.6507686769990992,2.181015278159568,0.14791813008151586,-3.3764550524266568,0.40953516198275813,-1.7196252220444883,-0.6379053157565222,3.5048050503308903,0.3904120573295649,0.013589097982818666,-0.9470619621319191,-0.4796519011238418,1.95916785050765,0.30175319946639534,-0.010563610299936244,-0.2461566428631698,-0.003827734056567861,-1.6931406037150414,1.0238825133972709,1.7709601096313716,1.0
-15.0,-15.0,-8.073924141172295,-15.0,-8.525312990382805,-15.0,-14.999999999999636,-6.384234182651266,-8.72504958682959,1.693165374129985,-8.061831216675586,0.9652247105699747,-8.786283752105899,-1.2538477112330189,-5.968305344617138,4.176217901883115,-2.078590196034196,4.207132644365348,3.8210060998813034,-2.9178148675192097,13.231197271027577,-1.2125031581603152,-2.7947572030195746,-2.5131563402786377,5.212537048098156,12.895122399072024,4.49564248561825,-5.9591309074687855,3.472749728107311,-8.94873257101117,4.153379248070703,-5.669628627865669,6.679386119208469,1.0
-14.99999999999995,-14.999999999999915,-4.172573669393593,-14.999999999956598,-4.343966493137457,-11.876325664366517,-10.361910382556342,-4.636606528457628,-3.9990850944632967,1.3779530720604631,-2.7588419974998497,1.6943040320205816,-4.2602561103512455,-0.051064357769740054,-2.4648763033323995,1.7286665857222225,-1.7013455791692644,-0.9343244577791947,0.057115750440131806,-1.1653916050239688,6.501560342565128,-1.0852274306903398,-1.2277104238705137,-1.3886888461011655,0.1727592094813605,6.659720846542891,-0.27351090841087455,-3.266884630773908,0.0005182908776896807,-4.974719950969143,-0.8867814966493852,-1.4046354665141587,1.277016414593947,-1.0
-15.0,-15.0,-12.417587428657395,-15.0,-13.8133869957478,-15.0,-15.0,-12.220111080615517,-15.0,1.7959472235372533,-14.25942638761665,0.8454970537788644,-14.243202199771456,-7.451776198362107,-12.485441675004193,5.029759328151898,-5.749408478029725,4.398919081320067,4.0870681208566,-11.670649529664997,15.0,-8.523990888630651,4.523804156502495,-10.859313607668538,5.716905125759705,13.118498539060385,5.493664709139491,-14.414094206786022,5.292294918221558,-15.0,6.7703587696600165,-14.526636148577659,7.961373036592454,1.0
-15.0,-15.0,-12.79898384613386,-15.0,-14.012378740928511,-15.0,-15.0,-14.109263665339535,-15.0,-2.4073472366493753,-14.364242184991175,-8.143062965823804,-14.180696417507637,-11.801873012068565,-13.067033324748653,-4.435646809336514,-9.0626765414463,-4.894155170716236,4.25626303997027,-13.76441471423875,15.0,-10.294849312867605,4.187577389663341,-12.751894754975151,5.147943193618297,13.670252513315308,5.169061449333027,-15.0,4.798964475911837,-15.0,3.6115378367258777,-15.0,8.393437531246708,-1.0
-15.0,-15.0,-10.61497806500847,-15.0,-11.776256065459227,-15.0,-15.0,-14.568416247542416,-12.39269208796436,-8.525577126563036,-12.261904888049663,-9.12891143500771,-12.562458758820668,-12.477424590410514,-11.55633166609915,-5.741060569037701,-9.894002983672301,-6.371073247529477,-4.3901105096876005,-13.908317786926496,13.53134977858381,-10.461598810469955,-4.182521198602557,-12.402132824681692,-3.839193860686072,10.988202090834694,3.7452592470944173,-15.0,3.9722530256258457,-15.0,5.674446837811048,-14.983309306908609,7.473595815425913,1.0
-15.0,-15.0,-11.942684885345614,-15.0,-13.229061273723753,-15.0,-15.0,-8.001307359974405,-13.849541905292332,1.8239465288148349,-13.087213800049074,0.6983779271260115,-13.883489682681748,-1.6969285859734753,-11.140632723780204,3.699783314666399,-7.999684432207493,4.383450618870922,-0.043278639602206466,-3.7236534252531026,14.029930493985324,-0.9853797649525065,3.9964510451013617,-2.631420416677188,-2.2979355210310786,13.198982421729614,0.8018654326677022,-6.963126526007381,-1.4611209465925894,-10.93527727963884,0.6238110969047371,-6.732089319252826,3.418649846301017,1.0
-15.0,-15.0,-12.55462308286015,-15.0,-13.475842384938149,-15.0,-15.0,-8.339177167198624,-14.595564684246213,2.454323944964681,-14.188194426440015,1.2993843442724158,-14.490324955316783,-1.159446666709875,-11.906040142192348,5.921519617083277,-5.360800267920374,5.0673968566556145,-0.9151595448261018,-3.1794004291690454,14.233004420251001,-0.5209418566425991,-0.17306849881633365,-2.251878236675157,-0.30272803539359117,13.68649144508941,0.6532203399776263,-6.834867122766139,-1.6842281638812513,-11.005377261907347,-1.1601886425645191,-6.559348673571053,3.9425046360447222,1.0
0.3454673512791356,0.2131577400394826,-0.16460330057238784,0.10441482534633778,-0.3645325598251459,0.5192051420319106,-0.17715034835689022,0.6862560082346579,-0.3235698622221187,0.28157144833733705,-0.13713805734886297,0.5074162976094441,-0.030451115339290798,0.5929150005590224,-0.04231252131817184,0.6539573007733628,-0.5533869649210982,0.4805469405807849,0.017771241897888947,0.7393519446531747,0.11943074360425097,-0.02733777652853285,-0.24495001897920793,0.44594405415701305,0.1954800527924328,0.13341660881174913,0.005818930052172745,0.2730221877127271,-0.3620732349058749,0.4162751287871403,-0.2665818567690726,0.4104409089948927,0.03259202945327655,1.0
0.33430812303157353,0.5533705985128273,-0.5420572184332374,0.684454670434686,-0.6355607965532102,0.6435206323524,-0.6715862537809789,0.6021303532149433,-0.9363915732334566,0.5621192420487475,-0.898198217962392,0.48614729313495214,-1.1927034880526715,0.44327579473101825,-1.2461827857858,-0.015202499360084176,-1.4178530643196023,-0.14158925996329524,-1.3438669685921971,0.11215121388845932,-1.0572259752271025,-0.04551988065986852,-1.0235927088951993,-0.43023516217012736,-1.1115967476220219,-0.8667451300596072,-0.9576073228298767,-0.7828750596420623,-1.0271340791805914,-0.6508758500191676,-1.0462272820092042,-0.8116978776359005,-1.0532849422790962,1.0
0.3242095897823126,0.7005580940138078,-0.25125768626286876,0.7426586789220418,1.1146249468706937,0.9019137081646016,-0.059314683817924624,0.9629524132564983,0.04174704633773835,0.9298886411765285,-2.3350415454225866,0.963399405825919,-1.0086946217340016,1.004917625449617,-0.5011679002747033,1.0003908111104598,0.10510681803367758,1.0232916591057735,-1.1396313291688989,1.08802914017803,-0.5205743709456038,1.0561935985932396,-1.7876573705248227,1.0442315069482964,-1.0017925042523907,0.8927942260947535,-1.3534286668527586,1.078118610305581,-1.9143080884755417,1.1308395553400945,-1.5226773186442706,1.2452442203390957,-1.0596626331246948,1.0
0.3363770827006466,0.711003397455055,-0.15231498050521233,0.7555079866834692,-0.3492598001834346,0.9079975921079745,-0.3644023731361005,0.9631091193232196,-0.5582046791363845,0.9300777719741641,0.8223298113909295,0.9636138445965002,-0.44642479488992526,1.005102400663938,-0.472264694577114,1.0006023973375695,0.6596082731506464,1.0235348133632498,-0.2937036152812693,1.0797752229992348,-0.37771297897506984,0.9834722031890739,-0.27204737200214013,1.0444124836050832,-1.6757606298646497,0.644135152762357,-0.2699149705827176,0.7824039201494185,-0.3856664798316464,0.7555771105513303,-0.4360953971706456,0.7476192776821913,-0.5209588652491064,1.0
-2.903263481381969,-1.319739065658226,-0.10216828062395467,-1.1940477399123495,-0.2517745890987347,-1.1345404804360157,-0.2498424671845026,-1.010320130039557,-0.37894408592285334,-0.8456508965437894,-0.3135744185982418,0.9637920106163024,1.833258231329791,1.0052470914216687,2.027917166697657,1.0007729923750541,-2.007981751703397,-0.5741435226703895,0.046285869499201555,1.0884768083243266,1.9274227556827692,1.0564840642715052,-1.7883905892496104,1.044565501768472,2.1080495711731206,0.8956160072019879,0.1265549964569151,1.0776346213246126,2.0249395420689935,1.1298459957734894,-1.9411595672101236,-0.6689761005091431,-0.028037629904366555,-1.0
0.3348762109685392,0.7096405520387499,0.9288722803127956,0.75383413639418,-1.2383392098488486,0.9071105879304755,-0.062161876717524885,0.9629512982963149,-0.5642871252958307,0.9298872955151056,-0.3134318705364273,0.9633978800988282,-0.7401310441102558,1.0049163107780774,-0.552037635226778,1.0003893056791537,0.1899237299958361,1.023289929068632,0.046288374847789776,1.0880276421275688,-0.713340909466001,1.0561923458811435,0.28126691660526065,1.044230219303405,-0.038816139566180574,0.8907680812952422,0.03710887380695165,1.0788164175936623,0.9500602245093286,1.1319596564693761,-0.523817382701868,1.2452424789884737,-0.4182539561718108,1.0
-2.9187281896582022,0.6687319167004829,2.1569327507613414,0.702391305016048,-2.4141424577957826,0.882638130660021,1.6537167201966385,0.9604290678452965,1.6814287621416653,0.9268431794384145,1.7026277126360296,0.9599464247189852,-2.2028598549014022,1.0019422991019273,2.0205914612524594,0.9969837628294266,-2.0039288454281836,1.0193762894416996,-1.8746179912868177,1.0846387960104735,1.9309617680443392,1.0533584970664782,1.9989935380755954,1.0413173465332464,-1.8210906544047538,0.8961563257238908,1.9387140711555455,1.0726079404972493,2.017743754121672,1.1245331699115702,1.9487166809333922,1.2413032463289955,2.103415254813689,-1.0
-2.9074101988835848,0.6814203481422931,2.1602704832252417,0.7193614307089882,-2.41805158242743,0.8911678915450318,-2.173420763735996,0.961679438149088,1.6851155661800306,-0.8439065466029149,-0.3128619899418292,0.9616496305540201,-2.206387861230047,-0.5262669575981794,-0.15495508680107453,-0.617168711107419,0.0056764057216576996,-0.5733204812359731,0.04627928134216365,-2.190248073633616,1.9267519349683027,1.054817606062668,2.0020430488959566,-0.6836308434834686,0.13990530418718214,0.8955862238847027,1.9417721419913956,-0.6591537490012876,0.0549843395870286,-2.368978278474517,-1.9370677172817834,-0.6673908186487677,-0.027056640943207363,-1.0
0.32546163380622317,0.7019604160498422,-0.29918557097797793,0.7444253029020053,-0.626933960241122,0.631499754192202,-1.8143270296351368,0.861167277134789,0.885276486833213,0.850169978865084,-1.1508965500415926,0.7788897835489388,-0.8309858513882644,0.8205641655773384,-0.6671339616090163,0.6941826713646955,-1.2461971729634618,-0.3785469862251277,-1.8822757814533602,0.9295724986205122,0.2055925480748883,0.4326239212754794,-1.3818615209382634,0.27282000794770894,-1.491352216755012,-0.1124308640816159,-1.4492319185970701,0.04737690084294317,-1.7123128489038684,-0.041987023869247825,-1.7883891280463493,-0.9247598123548757,-2.166463291762563,1.0
0.32114624382136225,0.400715448357722,0.7882727274388399,-0.43686199103316287,1.408456629566363,-0.9508863868132357,1.6562576923062116,-1.8521891229098937,1.4577260314322527,-2.2000950923539233,0.6974337414784447,-2.1425413519948924,0.028819764866126744,-1.8450455220823836,-0.8333259707430225,-1.6881721718004707,-1.1069659172605921,-0.8821194372264176,-1.613429079756405,-0.08556841471297136,-1.5612865890342917,0.47061898504753374,-0.5597196689088656,0.6608910058670365,-0.31909841089951685,0.34520103054013046,0.5150479355978903,-0.0018376045312659523,1.2039807265683171,-0.27579086316493184,1.2999618326399898,-0.8840053480812017,1.3589132855427488,1.0
0.3337476205763793,-0.6425742331832445,-0.04417551093705971,-0.8800191727540899,0.21043753237602097,-0.8224151013309295,1.185649465631215,-1.5195838039250311,1.5344164445636006,-1.0299659553740077,0.07847046173337154,-1.633122746826225,0.332829545216456,-1.9717383799571435,-0.2737464737973594,-0.8317311934506476,-0.28210738884708353,-1.059566093964213,-0.8148072836410613,-0.7406733970471746,-1.6655926093721827,-0.5575564026978462,-0.32385688277997654,-0.20242825482171373,0.016134863349973248,-0.3935541442514171,-0.08958986101859177,-0.17805291138962684,-0.17006320454225216,-0.35517031387963727,0.2668257074951064,-0.43594698658619874,0.4080534383389122,1.0
-2.9149671974270137,0.675416358392143,2.1594345084785647,0.7109242206069726,-2.4170923719626596,-1.141094984843743,-0.25947865193784764,-1.00731340639273,-0.38024293521689295,0.927930257021509,1.7046077779339104,0.9611789663428627,1.8288089769769835,-2.055179070791674,-2.332656430616975,0.9981999087308695,-2.0045294361244426,-2.1670998273800595,1.9693478294854152,-0.5510567690803094,0.002264253550840492,1.0543704865710426,-1.783817177338142,1.042357556108402,-1.8232718316047682,0.8969063667803016,1.9410168468951499,-2.3947729295015856,-1.910206140162972,-0.6209495881707846,0.007328013368583904,-0.6671872549116785,-0.026490512803968073,-1.0
0.33610966268976683,-0.049507912378726426,-1.5383141662697108,-1.1647415784159258,-0.25044249052122647,-1.1189767048755854,-0.23477992654961988,-0.32816575897372996,0.21837181924592197,-0.08522652984451894,0.4814402103093197,-0.7640436397783241,0.8575646016197621,0.03001420494581107,0.5292582634647135,-1.4842464208800383,0.6684631674657716,-0.3797448795570659,-0.23754999622867856,-0.519442105616158,-1.0401682067740767,-1.549020826222157,0.4452247049604542,-0.17965629216203577,-0.39508235040618594,-0.5468234332801427,-0.91784773176861,0.0915921103619988,0.5307819901701797,-0.29904607415839884,-0.03684044464764641,-0.3412387942251485,-0.9174036755546542,-1.0
0.0016542555218890323,-1.5506844357238139,-1.2124433299329331,-1.4799290712893387,-0.23975356156358824,-1.2866155804174029,1.4541662901792163,-0.9712601053569309,-0.40330240230301123,-0.8182900114452893,-0.3032137525707523,-0.6267500602145177,-0.18115804540822003,-0.5074777365101946,-0.149480606715764,-0.5997928233473953,-0.00811124634798918,-0.07573823433868243,1.779386307662885,-1.0927327989399573,1.5012625205756,-1.1303443922085104,-1.3756051154382147,-0.6582368904643691,0.13713043883605097,-2.112631779645188,-0.7814093520605471,-0.6559126720313082,0.05463628438377991,-0.6321042520127552,0.006323767124445273,-0.6460187780599888,-0.009979286205646736,-1.0
0.09568586634560436,-0.6267164696637705,0.16578381229950173,-0.7138414108673954,0.024457175327687437,-0.7332078106335385,0.15611756523189663,-1.019743865803932,0.4892373322042442,-0.7281580199573997,0.39809029834949056,-0.9097183727563083,0.4695798111054876,-0.6918790218878657,0.4206977838336555,-0.5483686978787508,0.7757657610768441,-1.0831573993362449,0.2788926041294592,-0.8356822912042088,0.15901511665918722,-0.8560732689603416,0.7619089286527384,-0.8748412557012895,0.045781942426735736,-1.1384608886800753,-0.00455538226892648,-2.305976986823357,-1.818872158280143,-0.6575417185912487,-0.13252818126116672,-0.6439950159603113,-0.14116152408514768,-1.0
0.2248859197020863,0.6217168065379224,-0.10802906060040589,0.6448553716320379,-0.2564712721295361,0.17848913668431193,-0.08890130067455375,0.9731876695125342,-0.6260777864221612,0.7423943748963231,-0.5452078972254784,0.9774054734534176,-0.647112499585554,0.6719787088035786,-0.15760610376470927,0.6497766764144206,0.0035628189133683724,1.0391732786696697,-0.17046742763796296,0.732452900936741,-0.18785038503428114,0.5081392915770078,-0.1038317930046446,0.47200282477740674,0.1412107997306116,0.7355280159552069,0.03001435744201202,1.086380055549842,0.27675806830512045,0.9378168447731035,-0.21143546961162327,1.26122969688646,-0.020981968696902675,1.0
0.3297673582595728,-0.3226672277557437,-0.0642488123044532,-0.3673397210222183,-0.4813548255408701,-0.10538726618573295,-0.33771389787132,-0.02851130966816688,-0.18551247035633658,-0.05395016004445664,-0.1998627090967294,0.26633372698512675,-0.4479440871988453,0.2709974511240507,-0.2440575702291776,0.24554755657293148,-0.11725900399421182,0.3276349916104336,0.026071579213689813,0.2516733035101456,-0.0718670194833649,0.21374076365909192,0.09069221128923644,0.3459926286599223,0.14331669917009526,-0.011483130906392205,0.07062450477032899,0.09583243958895322,0.12422579951320559,0.34729306773552443,-0.10152361673494242,0.475378593184859,-0.21790605617886635,1.0
0.28446906381713094,-0.4059115915401167,-0.4018461464337473,-0.42514684231574956,-0.5457832468666515,0.2827999220365354,-1.0669125759915332,0.44505728938532085,-0.24274633806567197,-0.3926063957504465,-0.7819485498363609,0.16289041396162268,0.13688201982136847,0.16917026004709362,-0.4315340291506504,0.06783918899957839,0.1362496514371333,0.24036564843737618,-0.5006883653355231,0.35495022046179814,0.38553285411557753,0.09705463329815248,0.27449770361706055,0.5578375500935727,0.5448634493038632,0.0010578254895492643,-0.10355458607620661,-0.40801125749748396,-0.48290213754891914,0.21368464209471227,0.09208384962675167,0.20619202325022215,-1.1704465700168891,1.0
-0.5397708242358384,-2.0083713499848703,-0.13403812304556773,-2.0473961596493884,-0.24337086118980222,-1.5212739912046955,-0.7271239615731304,-2.6223597457050225,-2.5001812792854445,-0.8265377347321415,-0.30633138326796144,0.9396620627460026,-2.159647572864936,-0.5135508075990908,-0.15123876357116625,-2.187790510907642,-1.9959669633627972,-2.1267041712172565,-1.8380514845292582,1.06472239155365,-1.604259440759135,-1.5548738628857113,-1.7466042439429499,1.0241982593228511,2.0612209263511567,-2.7871315940974335,-0.2327739743975804,1.0210239877517293,-1.8704566999849033,-0.6998683999682349,1.910836142588828,-0.6529261635658691,0.04094561932819664,-1.0
-0.45550247342027395,-0.0008823895364619416,2.061615188602381,-0.11565328586468593,-2.2992395623929265,0.4777399766383484,-2.5267329357010384,0.9248827145120665,1.54873217022566,0.8845462667339549,1.6260116776024138,0.9123015482410187,1.7460063569921833,0.9608502163331887,-2.2235668636475148,0.9494103297281257,1.924126251760889,0.9662204915483563,1.8779587513945126,1.0386044157635503,2.1159062103514636,1.0146100836096128,1.9100444184144585,1.0010702836941343,2.007625702791478,1.0184407615915503,0.9834795212921438,-0.7053539159910156,0.053704207108755064,1.0219481358756162,-1.848554285968224,1.1862064348606987,-2.0198715873165156,-1.0
0.1948554172608056,0.5120275854081807,0.12294236368477317,0.6130797521432533,-0.29823046786942997,0.813587584697656,-0.2721311148028636,0.9119592380834515,-0.5911867746083032,0.9224923843072537,-0.372867003968641,0.9434310749115532,-0.2550862936499238,1.0160359607722487,-0.2754412717291718,1.0131224246623014,-0.10292257276744984,0.9383370456567504,0.07683788684142089,1.0611807425358264,-0.14145538587905346,1.0313911902362185,0.007523656279225884,0.9075089498298845,-0.17099666645273737,0.8448381350975597,-0.00029879011051336653,0.9248731944175435,0.08110734998308997,1.1303930750297102,-0.20505478983752404,1.1271522381344083,-0.16759571058360587,1.0
-0.03117395036277721,0.40194165526593373,0.03356579442831436,0.3755618833508143,-0.6611158754440323,0.7375005675661909,-0.9830016353027361,0.9733984180601594,-1.3232681775338262,0.9424960740727156,-1.164885097522923,0.9162968484509759,-1.254752899522692,0.8729774274988437,-1.462963573606208,0.8378224454720609,-1.3593279817200283,0.5518542256967878,-1.3401479206445643,0.6140552934356925,-1.3709743337240368,0.4480130540291468,-1.4384171931688716,0.28280713546859115,-1.635746145426524,-0.06129989018222182,-1.4656858409822342,0.019576551173326576,-1.6148985817264248,-0.11416341783305359,-1.7508673251851754,-0.2321006617366801,-1.9295489935450223,1.0
-0.2918938300549887,0.04119828886779488,0.5418004327542078,-0.2888025748670556,0.9714745837080938,-0.2120366646028098,0.7918979632082275,-0.5031873556248829,1.4914036252401832,-0.7744754673501556,1.6672103449447906,-1.0318791195322978,1.7595682898643674,-1.4066468457272827,1.636887553299127,-1.8316976200691726,1.2608116892954215,-2.0553834750738194,0.754680776425272,-2.0975244020080046,0.32946506374410434,-2.1870176041463307,-0.2721292244172498,-2.158116173306577,-0.7953185590715559,-2.2187285031781117,-1.15518778746427,-1.4342511972760301,-1.6585806643946843,-0.9363253685046067,-1.84976287864321,-0.48487069401560107,-2.030644825159866,1.0
-0.29586668876431055,-0.5518943915561411,2.0272376951389783,-1.400593713103962,-2.288609090235982,0.5931471553228911,1.2466296672530837,0.6932246985038963,0.17701543921589832,-1.9202270779933042,1.6139234581595103,-0.701894633503081,0.9452785289968222,-0.46665548000071744,-0.041761156710209,-1.3705689904302933,-1.9337751419268165,-0.3370096544978148,-0.014022606454570635,-0.0402890997859518,-0.6004088839812555,-2.1164054319788916,1.8946273401188545,0.6835075590856927,-1.7198622738203928,0.9631698275031498,0.010206584929335296,0.9863319662532098,1.9149820553345005,-0.32006944324833436,-1.8290900312698093,1.1804847912444012,2.0482612412656787,-1.0
-0.2531544497210263,-0.47047983095046775,-2.291205220853374,0.11048651329881698,1.835104215598274,0.5879033192685073,-1.7954350797364644,0.5687468474169819,-1.2231629329615863,0.8852254584039632,-2.223355916885171,0.9151016415807607,-1.8992887466650685,0.96387463407997,1.3785905175003073,-0.3177259882406155,1.3565358859299288,0.9662795259112934,1.4788493220934233,1.0204836020810515,1.7616177809622158,1.0186100816859098,-1.7006047496322996,1.0032979220523999,1.736667538335364,0.9569242361282951,-0.03046112120072935,0.9262865168264698,-0.6235610116871262,1.0213146038235439,1.2185920371555603,1.1904151767294264,0.7276152830158807,-1.0
0.058307164748334764,-0.6475089864816633,-1.20236360842713,-1.4085033857205749,-0.2377663392639499,-1.2132547587033995,-0.38103970508936136,-0.08274514700531782,0.6256762452626319,0.19352121930335128,-0.260973533851357,-0.6237984714808303,-0.179870368960673,-0.5041413962716014,-0.14851473469239976,-0.3403331212832405,-0.8878605241127219,0.350371906986216,-0.2942831902352363,-0.5297999648074823,0.08173458019279015,-0.5710693330898406,0.10653212032710974,0.9897665121016584,-0.6364327100785461,-2.8341397778068433,-1.6299733240089636,-1.1190798656002994,-1.378667441785082,-0.6218994952526024,0.00614374483949458,-0.6422240936466602,-0.008749875671711748,-1.0
-15.0,-15.0,-8.628083406713154,-15.0,-9.061794661347989,-15.0,-15.0,-5.877010441502296,-9.569077000506157,0.7384736598200808,-9.048570563559945,-0.08427665642711756,-10.032339641229271,-2.3933221960425697,-8.429297707954197,2.369001699862378,-6.189430491154364,2.3363537779074863,-5.082370193226944,-3.6387478080797946,8.315889383944057,-2.479297369286673,-4.72471808429618,-2.777399927273875,-4.396140370920928,9.899661695672604,-5.102608517514597,-5.799131698924606,-4.621674744547925,-8.429105232069833,-3.0073859667708907,-5.006646908834871,-1.6266143309400733,1.0
-15.0,-15.0,-12.405388359320865,-15.0,-12.908506092210738,-15.0,-15.0,-14.773320057860289,-13.923600648827552,-8.42831125444353,-13.53237033215912,-9.123683226759125,-13.634888360230422,-12.852569799643195,-12.33102033922715,-5.669962621890165,-6.591711012613377,-6.271436042145603,-4.754590511949603,-14.58277968147072,15.0,-11.195101919681287,-5.1372780621840555,-13.36638214542675,4.064136001399346,12.557786398014946,-4.365719765341917,-15.0,-4.717223809408108,-15.0,-2.572316913149044,-15.0,7.842337898626305,-1.0
-15.0,-15.0,-12.368367143933527,-15.0,-14.088843747826271,-15.0,-15.0,-14.018781756568243,-14.753270118381304,-7.512077709208982,-13.937231636136316,-1.9991823232832173,-13.891022122961495,-11.658526520069652,-12.993361652299471,-4.522705781387919,-9.383419542687585,-3.5487562093136997,-0.3401655657075619,-13.71916599367193,15.0,-10.417178523499619,4.206662333174551,-12.641474247242375,4.647402751362872,13.294110925225588,-3.746837241619172,-15.0,-0.1092402405142818,-15.0,-2.4697192902191807,-15.0,7.923781747596236,-1.0
-5.459531972106401,-3.8415359119531036,-0.41361190787830293,-4.765354627334737,-0.7964696269014608,-1.4292283024291053,-4.054756771762947,1.2295673636519362,-1.6706050250547944,2.021345257154416,-0.6363810184532748,2.038934170985828,-0.5324513302621534,1.8642890174821798,-0.42862740382147557,2.082337124748598,-0.20995498684962408,2.070757862961369,-0.2938364314868927,2.149789036490578,2.1428043916339017,1.8355908132440715,0.07657081520541814,2.0170209049382057,0.30606830185423495,3.0386308183177193,0.2064844916660035,1.785675387458312,-0.21162692381636983,1.1944030277448752,-0.13114543912074078,2.264887489923591,0.30042510723406446,1.0
-15.0,-15.0,-7.028719446820885,-15.0,-7.049205326565995,-15.0,-15.0,-10.87794425126456,-5.437088531356985,-0.9892359802894493,-5.253627690767439,-2.569032104518555,-5.6608027763461655,-6.122881892914691,-3.4954621060117987,-3.137412035656438,-0.9388359087846329,-3.713999800897668,4.861001223427225,-10.045675475569755,14.497415598866132,-10.166115026036735,5.049193330261984,-9.90612132743727,5.312703047401757,5.147006279443708,4.799610645682032,-14.264988163946468,3.184435755716228,-15.0,2.248676761176772,-11.978793670541425,4.233843450455679,1.0
-5.2495881541880625,-3.6922889037065927,-0.6860909075430741,-4.442901682631324,-0.803106260054157,-1.2288135342015547,-4.0319829848798765,1.6656445217912375,-1.76210799080143,1.8783254719502787,-0.9476019620398072,2.1049464529829103,-0.7258850393773676,1.867607527096809,-0.7078007623123626,1.8417719704367885,-0.7326100986425902,2.1158181596644723,-0.507801301235687,2.2640513698815545,1.6166140268521398,1.7962579066428763,-0.3635281379905518,1.635650060920624,-0.6446917900934368,2.739126238607633,-0.3609271024880994,1.3149818563213653,-0.7374603924209957,0.9289967800631311,-0.8057524011543358,1.8720082520808912,-0.4149631514805676,1.0
-15.0,-15.0,-12.7654252147389,-15.0,-14.552616577051884,-15.0,-15.0,-13.091511288540874,-15.0,1.8666396953787427,-14.5731506172902,0.6347072549131093,-14.611743055234076,-5.002294986166134,-13.61317610368655,5.293704031904391,-6.320415329217667,4.514946447500856,3.587895206562077,-8.29006596684151,15.0,-9.042221885254229,-4.597270836215793,-7.087510246411649,-3.777222495986453,14.41151349237604,-3.8500373352507475,-14.10269992944921,4.470800625716925,-15.0,-0.09110982621069291,-12.635845521168116,-0.19153840121150192,-1.0
-0.5124959272022261,-1.522279684183384,0.184755242608446,-1.126651113316317,-0.4951338787814896,-0.49977114617845925,-0.7943638906920671,-0.24923044991398693,-1.2465192796507998,0.16919171846224257,-0.49833802344777495,0.7321581171940319,-0.9285595633824881,0.8195698447407738,-0.41125020483266467,0.4914330711001033,-0.47889645647335805,0.6021004224566857,-0.09812296821788061,0.3695914068074009,-0.2548561180623704,0.2811021131196123,-0.2896248623875383,-0.053361052972247316,-0.4807944062362637,0.24705585237776642,-0.11466538582069749,0.634420024190346,-0.03629266828253239,0.4451549942381896,-0.36408818147068317,0.6824963242731441,-0.1024089603363277,1.0
-15.0,-15.0,-12.181506971244454,-15.0,-14.632194123828096,-15.0,-15.0,-13.950698455706817,-15.0,1.1858856417834713,-14.166435388267677,-8.026851753902564,-14.623061249899667,-11.500792914105151,-12.94392880446493,-4.063558139058009,-11.358707206799737,3.676421259093408,-4.891725761679992,-13.453187676848662,15.0,-9.920616654513092,4.207392901086421,-12.248184992149822,-4.113961414397281,13.742756474600892,4.795025306944071,-15.0,4.740830647543733,-15.0,-0.2493456185007416,-15.0,5.043930391723218,-1.0
-15.0,-15.0,-4.818102281633059,-15.0,-4.892929456266095,-14.999999994483346,-11.242796534562968,-7.828737496882374,-4.543515960067975,-4.222211245377298,-4.555684910078861,-2.9190772948079475,-5.446497963661071,-3.9308428319804523,-3.758591386460054,-3.2025108273692253,-1.9015911162398906,-2.375723699391742,0.027800605879942947,-5.430525911457761,7.258158747229738,-5.513085050265417,0.3824418928496181,-4.445808171809964,0.4776876425073811,4.872642139390354,0.857742707917954,-7.3363553570894435,0.06730998675024091,-9.386698328641964,0.10309163026117048,-6.71570133170405,1.0435434726576298,1.0
-3.523247419684399,-2.615580374296716,-0.40418499331897156,-3.0662791571454635,-0.5563970987814724,-0.674461111604254,-2.7750066315438495,1.260863172400322,-1.5553226784379668,1.4667740514355436,-0.953439693147903,1.7183521444575538,-0.4462785097241395,1.6247291240145532,-0.6949359760891758,1.508387782473405,-0.3242035055174376,1.8079621604201714,-0.08836094719130318,1.805164395681471,1.0853910387730048,1.4834318367070607,-0.27224409918075904,1.2991378050174271,-0.32844542311597474,2.113184666933276,-0.12511669072039833,1.3243629740919614,-0.457382482173086,1.0965586384356976,-0.45021484688194674,1.8542540209854388,-0.1868099257932169,1.0
-15.0,-15.0,-4.006629102229598,-15.0,-4.426840144881856,-14.86456057604702,-10.756616237138141,-6.5834271699859,-4.363071201371568,-1.9497052608756722,-3.631857172137071,-1.551415039744145,-4.575587640975458,-2.7867515525732385,-3.0939305511867845,-1.7020041548922413,-1.6299563501454668,-1.2913025993576404,0.07790501005079395,-4.244067270498095,7.007368960398437,-4.073669820697117,0.22858010892259362,-3.1745605460613513,0.2305868999982953,5.684884964549309,0.384980811479721,-5.634278172114486,0.02930013482266296,-7.814271149669081,-0.010180785848747119,-4.9082349047572675,1.636146161755357,-1.0
-15.0,-15.0,-13.315018094165033,-15.0,-13.950240578721772,-15.0,-15.0,-13.639328176644876,-15.0,1.6468659945514952,-14.739327108592404,-7.859753220327803,-14.904477316523053,-11.260901782227284,-11.098715515466322,4.975976943140196,-4.968822167815187,4.340802707446988,4.06254287902877,-13.015485761713828,15.0,-7.946706013111327,-4.572608653644085,-11.203738353365566,-3.1524034110017305,14.136541801245148,5.843402249778766,-15.0,5.0102991395009475,-15.0,7.344113516254847,-14.956349851573455,9.099409618406655,-1.0
-15.0,-15.0,-6.52988602608586,-15.0,-6.997055197611199,-15.0,-14.999999999962254,-10.406876881662562,-9.124684411930389,-2.6847678706683595,-6.802353552656058,-0.045476930080281655,-7.476839772139944,-3.1671998365482326,-5.509416245840117,-2.0726481821953184,-2.6341743256966725,-4.82215806071421,3.822672051296496,-4.849597102339657,12.954624730159953,-2.3790712928518736,-4.473091085125162,-3.9773982537598447,0.22079392252763555,11.15720184632582,-3.926628004822889,-7.329212237957348,-0.023036141525992614,-10.249607333291543,-0.07963703049464779,-6.496734704192908,7.7146339014163425,-1.0
-2.0208270483827517,-1.4322606534847013,-0.26745383984287,-1.875614802409938,-1.7215643721330776,-1.1680454674953622,-1.6268428508686803,-0.1514459125371604,-0.8720519799163031,0.6644067819513544,-0.5928387999189875,-0.2887691712504062,-0.2873380866928107,0.7589219097657707,-0.6536447165925924,0.7216649293317843,-0.6495183398906469,0.6872198018348117,-0.5508058177125814,-0.4995083312237489,0.41332421593846425,0.8334090276987433,-0.5970079629904766,0.8015497068120652,-0.27139699048505733,1.062229768189857,-0.6737022936364354,0.6298424289944913,-0.3307809496644341,0.5878235893960365,-0.8757549694964823,0.9228757111055105,-0.8937181372551086,-1.0
-15.0,-15.0,-5.458774832855071,-15.0,-5.793318695240431,-15.0,-13.080609086112263,-10.901552865624808,-5.69560510456127,-7.643748885965499,-5.5999176306743745,-7.029242184373949,-6.945931435113865,-5.212043768234893,-5.340365709289071,-4.474058337417046,-4.418518595046154,-0.9672474987127672,-1.5874052119515918,-6.690886565530373,7.336751011505962,-6.312384532623963,-1.1798617458785214,-5.0415532350506345,3.0373024863243,6.742027903986112,3.240976259183944,-8.549409554533433,2.758170325889531,-11.602998489415842,1.7093227231236097,-8.287518452586054,1.6792050210034912,1.0
-2.7459322779000144,-1.9095245152977716,-0.6918211393505131,-2.196881813193141,0.14025462831610835,-0.6991092514781734,-2.0032901572164157,1.2075509456106746,-1.0821313502027439,1.4946712541081557,-1.1454739786754713,1.613625114706726,0.1515740165400275,1.4782700351734643,-0.16934737036290426,1.7143483501929038,-0.08968881096852624,1.853838183993937,0.0578591230891514,1.2178814191904448,1.540388799564736,1.3193882467832603,0.2471914494436546,1.2315496920009266,0.29408928722182975,1.9508791588882903,0.32649856935517374,1.4376989942764231,-0.34086582793128356,1.4053955798024047,0.21414311300646413,1.7861388560146576,0.44183061606765406,1.0
-14.999999999999932,-14.999999987817166,-6.180221149634894,-14.999999996187,-4.325318593665221,-11.028077758303137,-12.691529398273001,-2.979761676210974,-5.723554959501539,3.0143349500009196,-5.645984253904377,2.4423898477292645,-6.0513725833791225,1.3275140376011116,-4.150959803556337,3.158281678788966,-0.8255728787493724,3.668732364386257,1.8355960516647427,0.7102180488646659,7.148968142354124,0.053864420564434565,-4.819766791723058,0.7273144659940105,1.2551762938208368,8.280646809082816,-0.20257767255379627,-1.1741357803351575,-0.6803060048949133,-3.497401163387667,3.4810611019064446,0.3762431892134696,0.31975526992773007,1.0
-15.0,-15.0,-3.08085535817845,-15.0,-4.205869645597842,-14.999940536412081,-9.149152525551111,-8.289854745464911,-3.454687646054361,-6.088902483290586,-3.6655205963056146,-5.573483808131171,-5.407658534313835,-5.804303498849757,-3.9299900856032948,-4.145389034887249,-3.9039684738630447,-2.312829110775598,-5.161537217203883,-4.147026633069664,4.8177634874574355,-2.680470791171277,-2.7146825778217294,-2.114122191741853,-2.611769440317641,8.160498546396513,1.4119166472099545,-4.284537399802001,3.75956269799684,-6.752000297395393,2.6089035971668975,-4.735433795744523,3.7717783032177246,1.0
-0.6867047611972028,-1.8791634070575127,-1.180356569587264,-1.1463934795456425,-0.48525880086145545,-0.951626304227304,-0.7917123893165783,0.26293532512554924,-0.4472629276463576,-0.7931053235697866,-1.29051676527579,0.5229473069441286,0.17478557853052223,0.03241464348572202,-0.27448830918676836,0.4978478448352808,0.16108754089551688,0.5562449766235983,0.14858895430953623,1.4099384469581957,1.0881638946458692,-0.35607105653717214,-0.3433941609845041,0.13616521254015837,0.3864140783138492,0.0588203332187054,0.44522388926008394,-0.16362226609426425,-0.07135837855458546,0.06556439988209259,0.22015739330446105,0.084363179071225,0.951592827622685,1.0
-15.0,-15.0,-3.425092229764069,-15.0,-3.411214518268593,-14.999999999999847,-9.088537368474698,-9.619826164516432,-2.6851682442444313,-5.318530786985222,-2.989217418405615,-6.046442194663495,-4.219768901257675,-6.977129082636831,-2.9345331993159744,-6.208985332961937,-2.125863932676644,-6.898880939083544,-1.7171512499491186,-7.158166923304827,6.848063018180533,-6.920973030315838,-4.147923165796072,-5.167845561538355,-4.298367037883615,5.990001339655027,-4.312070975609737,-7.239833506219279,-3.802554139909924,-9.199590453106861,-1.7015041035000416,-6.866869377935907,1.946773542882931,1.0
-15.0,-15.0,-13.489340820717326,-15.0,-11.982209812940019,-15.0,-15.0,-13.604478055365467,-14.732036413591432,0.8566756081884777,-14.468108043109178,-8.034874728973573,-14.892323655989683,-5.80753580447774,-11.782426679276005,4.528821307669621,-5.067592762846316,-4.286734261358667,-5.3576479233423,-8.691247075156648,14.959990238735008,-4.969674193626675,-5.394351421291176,-6.768751955547585,4.5114116491954706,14.146304506426386,-3.8335671646183282,-12.718162536662437,-4.558306015016315,-15.0,6.703761842182669,-11.67419702459017,1.4919773889788677,-1.0
-1.4813617300934359,-0.9710248281178364,-0.541232458972556,-1.3395739448003692,-0.212413300674351,-0.06859681071231882,-1.3716033795936113,0.6781334679936051,-0.8523882277721977,0.8132399576984735,-0.6686067549978549,1.0867067466394598,-0.6435948279608715,0.7279527557860124,-0.26654855419631074,1.2533686312558598,-0.6716841019784848,1.2651529265350239,0.1475945185450041,1.3860044778382015,0.5459022260788399,1.434216878443449,-0.6765101757717293,1.1204220482018026,-0.3864799271959457,1.3059440503117774,-0.06690688498854225,1.1755973906045003,-0.0513672768145862,0.9453205391511565,-0.31071757885419915,1.2666189037649298,0.1123728948457691,1.0
-15.0,-15.0,-4.372652255168689,-15.0,-4.525837261563048,-15.0,-11.431694622257814,-12.011068364965762,-4.096879026208398,-7.0286540459407325,-4.466171842877225,-7.978960770911347,-5.964017102589918,-9.350823860935654,-4.428539647224577,-5.4776943984682065,-5.560714348503414,-6.652621421733896,-3.392705962805436,-8.065016047991042,7.7065547664285425,-7.532925721405628,-5.049451245482313,-5.439554283019845,-5.038014419980039,8.992205936834203,-5.296417617139794,-8.062158301304011,-4.511305557172846,-10.37329750868681,-2.498136837816615,-7.634296564712563,3.262198827536824,1.0
-1.117530799037476,-0.8286777607472707,-0.5004978003500287,-1.057776204223076,-0.4384521833030316,0.182630219454847,-1.3022016553184768,0.9567900143710646,-0.9624735999440811,0.68097483718055,-0.8391901731748214,1.1203807825630778,-0.1536545716767312,1.0680704665719671,-0.48713935311919737,0.9057811701272503,0.1732247768296121,1.1144059644416162,0.23572869773696709,1.3654193643747528,0.5285370385910766,0.9506891623859862,-0.033236005246957565,0.8256085387028391,0.10893445401745011,1.0103652561222363,0.13873379598885233,0.8717957273108669,-0.17847429578154966,0.7431515545808063,-0.10893879925228875,1.2257097297663118,0.13627111830003438,1.0
-15.0,-15.0,-4.177130801726631,-15.0,-4.207914373944305,-15.0,-10.673751569638819,-12.0297580444099,-4.118021391983993,-7.8832188777993,-4.459320816148703,-8.163187963524045,-5.957348340294836,-9.100916569796615,-4.37590913557904,-5.497949119712682,-3.5481237102470367,-6.494561105415962,-4.995199281880021,-6.9535152349852645,6.402497167799848,-5.8357243955993825,-4.711478504887854,-4.711603787482704,-4.676940807499789,9.997067571572043,-3.676544109347765,-7.167631891696743,-1.5315210101460717,-9.515054551813266,1.7327828164380206,-7.047543643985367,6.043221887902813,1.0
0.2631991710842261,0.44188878718864316,0.7626453980966013,0.509017419611608,0.5628036600798867,0.3498356709007474,1.0223641969494426,-0.1107168670499642,1.2281196199645423,-0.5063467755366412,1.4864233534120341,-0.6803037416600132,1.5513551665724452,-0.8436163255621696,1.6433099317660314,-1.226147589732834,1.3678882581275766,-1.3736037931559728,0.9681047470668072,-1.7599132348829996,0.7527077111094032,-2.0277576586997763,0.27639093906915474,-1.9711015375085925,-0.10600636880285207,-2.3512098663605667,-0.31261398537180507,-1.621974120791224,-0.7855622318464862,-1.3992575465103625,-0.9815845399274746,-1.2185111770625596,-1.2344708657159698,1.0
0.24660590436220511,0.5888707131359868,0.3270028253028263,0.3280927575304392,0.7534047235150333,0.29112043590098385,0.8418416586390692,-0.06384725984842717,1.3579836485701327,-0.28811244804799807,1.5614634830317882,-0.4794328642395652,1.7122935931631371,-0.731539344421771,1.686413836618688,-1.1378984850443892,1.8513572359278665,-1.4084809537078273,1.5808400968249887,-1.6744681214370036,0.9768716046664155,-1.8857953072849574,0.7457920511750671,-2.164508135673101,0.4917274252135061,-2.647552730555115,0.1019608958112365,-2.0970300478993282,-0.32601788112791424,-1.8076499515398523,-0.6490685426187366,-1.818311804008697,-1.0857341517474353,1.0
0.25124693725554903,0.4952122132344513,0.6469397492543923,0.20750204668561678,1.1023508492133507,-0.1630194301308901,1.3346394770886274,-0.5842439864884927,1.5832251636188361,-1.093614835613468,1.631498804188626,-1.403904649167589,1.501554212723149,-1.6122809181311477,1.2745989368796045,-2.0350458456073026,0.7446079189294972,-2.0414414817842563,0.15417185880101808,-2.0267553364853663,-0.48726558582998786,-1.8271352673948582,-0.9170480561213118,-1.5636887438286424,-1.3308759979722307,-1.4641340848643492,-1.4405146182792494,-0.5281827908584101,-1.6622847585314557,0.0031645297876884953,-1.5137137883430654,0.4685480681273141,-1.3112321512581466,1.0
0.25850536550331965,0.6447415783132403,0.42580458521476083,0.5083934248031824,0.877823293849092,0.42373063405121036,1.1058052924670803,-0.0697111498477608,1.3570615728672606,-0.35482647181196497,1.5416683200340915,-0.4923275743052221,1.5956645739014226,-0.8646030978280647,1.8403119839809734,-1.171742343224556,1.5258104123635958,-1.3948912137916356,1.29036457666948,-1.611500399974752,0.8772542524292941,-1.8292235530949932,0.6621863428043648,-1.9110184514680757,0.2107390513770518,-2.4233187178572524,-0.09075060257465536,-1.7922361148861639,-0.5002922013064638,-1.524153391712156,-0.8598259615906096,-1.3856982158215128,-1.1632453461710912,1.0
0.3308296231258496,0.5393445467557669,0.5607105860198711,0.4293000129474995,-0.6150464290415515,0.3133644412735034,0.24123821659800787,0.7175353078562071,-0.5502915247474297,0.7837190432818608,-0.2297123097598798,0.697204255085835,0.06386321148732607,0.5590310634807778,-0.15564280701712901,0.7999510673801579,0.09086407467609714,1.0259771176664374,0.20726747166687437,0.5423598219521508,-0.1708242689297941,0.6430125812495423,0.42578963166746464,0.7573569541423976,-0.1062271360759443,0.5790674768774963,0.22714981819382588,1.0810292032325326,0.46613066011513854,0.6223463164156289,0.007472297520878071,0.6884712616644304,0.05969581854529627,1.0
0.30585854888770075,0.6853696286963117,-0.4727094467528703,0.7239614321010018,-0.47303962607761557,0.893804364859988,-0.5461161881532731,0.9638499462345201,-0.7789292311263749,0.8253133411760475,-1.025234811455693,0.8959768884789285,-0.7918819816098843,0.9096161560930951,-0.907310435776146,0.9122492824226909,-0.5605834118972972,0.8669656449828916,-0.790708283314711,0.8600284611944269,-0.9151978969375187,0.7750039113348891,-0.863590245195025,0.7696376711355501,-0.7882381734906473,0.436207384384303,-0.9361303894522693,0.482180199946321,-1.3013354564737545,0.5819791532020239,-1.2510551227768654,0.5707716055714093,-1.4650762695077357,1.0
-3.0170542088256234,0.5736218212820744,-2.354752665526028,0.5830807347818955,1.8995248410088783,0.8244363299860117,1.5776121877125109,0.954110681665156,1.6586348037817196,0.9194125141997102,1.6898797951063635,0.9519016395456832,-2.1857103729046163,0.9952513483865123,2.005400953505227,0.9896625698456601,2.0000134381808317,1.0107422577558014,-1.8607357893633798,1.077363089840607,-1.8774664127878724,1.0468330584434031,-1.7679312325299306,1.0324020890568393,-1.807180194936386,0.9095491437047346,1.9239258216757311,1.0574937600551007,-1.8933640923728394,1.1050309649748145,1.9336072242045252,1.232082284297592,2.102025164935488,-1.0
0.32556548576145533,0.665443381888949,-0.08194701201273204,0.7082671709814812,-0.33516659596089676,0.8542125831367609,-0.35236959439653864,0.8840368953959059,-0.522277623467318,0.9135829745263755,-0.4051578580766104,0.8798585216936499,-0.41394832102239076,0.9045236298742106,-0.4350523516524707,0.9082151038689398,-0.22697059959298693,0.700074778750781,-0.32425186791801935,0.8969556838856,-0.34398274807069557,0.8294631499829329,-0.24697139334499185,0.8461735840412415,-0.24774842587476176,0.5410824317659825,-0.25825013224386073,0.7066954067457842,-0.41568970066982724,0.7279071505148966,-0.4430634749839051,0.7548877701459126,-0.5404051046829205,1.0
0.34315384123376,0.4124652326957434,0.05318023581065156,0.3888854626670999,-0.30274656462992466,0.44569809070469885,-0.2968556862712031,0.30686129601035633,-0.51387031554314,0.2130259921340848,-0.4697977309161432,0.4385918569784229,-0.3065400776367581,0.45834872019577766,-0.29668313056229156,0.016451669264617746,0.09867875832035207,0.5663288843068259,0.07327494500797772,0.36672781934903553,-0.16948361677631624,0.2849120440002397,-0.05174661143736132,0.12828476738943154,-0.3099936309599624,-0.1057009722635798,-0.03953856369100401,0.25715352295669197,-0.11364052011805784,0.15788222864879206,-0.18045045189557132,0.13975713296928088,-0.24053970162938557,1.0
0.2969645099612346,0.654485148233641,-0.05341561701118784,0.5819564224451909,0.4893837028184259,0.5626882282182984,0.4187437554249764,0.4645170322711538,0.6317990326985183,0.4618918208936111,0.7368348069626813,0.24181325680214957,1.0295838508120716,0.13358213197981453,1.2928410927517038,-0.10360803533805082,1.427011987417014,-0.12057676498947563,1.3762680609242228,-0.42999932230139154,1.4277783329789253,-0.49697895284920635,1.4636162408949713,-0.9724993127848482,1.5144079250457334,-1.362997776198369,1.2295246709905157,-0.9439416808775527,1.1561200982848976,-1.23238677837673,0.8700215530377969,-1.3122026362386336,0.7747362892945762,1.0
0.22115705147509204,0.6063683122131325,-1.3225072821005492,0.6251496521183454,-2.394322153294622,0.8416573543187312,-2.198135756226208,0.9542871775634914,0.3594324761213721,0.9192878805417021,-1.1317530523056918,0.9514183865240011,1.812513781722091,0.9944826491285068,-2.3110362288690656,0.9886301368233495,-0.5850191426170593,1.0097720671010093,-1.7373934294001527,1.0764131570627833,1.9432457928006999,1.0463496656296967,1.9832789333332814,1.0341125913101394,-0.656273530906721,0.9038446269266572,-1.0037323432348346,1.060254604238689,-1.892301958136854,1.1074048987779144,-1.9187195813102218,1.231664168117537,-2.1387123935006818,-1.0
0.34179348933593534,-0.28286079622263527,-0.48635632360732994,0.2111512948564769,-0.2202705087542871,0.3238647019471204,-0.19137256669493521,0.333719950256215,-0.35077997228512836,-0.2317241545192379,-0.20127673742186336,0.4686173298461876,-0.1008366616481731,0.517922546437582,-0.04512570618541345,0.4687081750332268,0.12239643806324559,0.44153238819954294,-0.04383662165701903,0.5077667405815722,0.1199595328493474,0.44577834497670055,0.24981639360030922,0.7717941268065585,0.4974907203538753,0.11410081366629828,0.2788525939448208,0.0063163511385372195,0.18882712266099536,0.3722760767025073,0.1845398862589165,0.37854098154182203,0.1702231090011897,1.0
0.32494619049292656,0.7021409918395549,0.10452159954000223,0.6568626340879772,-0.4501789095234002,0.4415536331612365,-0.24334972823336937,0.964627155879308,-0.37827171840817203,0.8510523443317237,-0.3141178933669279,0.9656911470238894,-0.09728603390672827,0.8672860532001679,-0.2550324572866705,1.0026520667233045,0.006599757945722874,1.0258902872727267,0.046320217343319564,0.8661202813724234,0.16832680657830415,0.6807202219549101,0.2817731891127434,0.8886088125150995,0.22982267255618677,0.7305403779949262,0.1796339881712785,1.0014732360786134,0.2343725611704226,0.8940976722265969,-0.16998425640938888,0.9863140761391401,0.06821357131505441,1.0
0.3428797474085133,0.4299013656318156,-0.09920640866489103,0.4146091226152973,-0.37520767030328683,0.45484464326671464,-0.31294806301809924,0.6539253781763852,-0.1888102109457126,0.6864792382687873,-0.07192944651705709,0.7719660984760625,-0.3129129077724033,0.6735031339332961,-0.07872284922839948,0.7374784825560194,-0.12980962584673075,0.7615954653432666,-0.22737323398941248,0.8939008462791134,0.009016152590987368,0.8996037688926667,0.15141835401542797,0.6933578494765992,0.10186116078663363,0.5483526077252489,0.05966328918735023,0.8737824300119078,-0.07163485850616468,0.6771070879888312,-0.030431344295133535,0.8456587324116891,-0.22684129749779453,1.0
0.34620339261132455,-0.038177190584127746,-0.1800716327629247,-0.021966905961476303,-0.24169682760389796,0.10872389594478993,-0.37447959679411547,0.23658997404732904,-0.3557593662400884,0.2637831029006124,-0.4649548236090753,0.4340725842442059,-0.043033888657185146,0.43749391978420904,-0.3396209047717255,0.4752617419311329,0.19170210175447885,0.4995573102480915,0.046310148839665596,0.4154601612712465,0.18028223018184597,0.2288496140195471,0.16837631720170224,0.4557602213360792,0.4175331674452825,0.12277523678918402,0.16349455489342238,0.23551867121532025,0.1427550727161119,0.46399115931505325,-0.011337686915466043,0.5066367643466019,-0.2263547917169218,1.0
0.3077668177618608,0.6866875553800144,0.4453598955690271,0.7254574176665555,0.8032686108625573,0.8939692876753886,1.149648882332753,0.963050724877333,1.688213614107915,0.9300072948805901,1.7083910135107794,0.9635339368210893,1.8327665412410579,1.0050335466209603,1.5281505235617923,1.0005235525248064,2.019894608533198,1.023444205140941,1.9736585042337456,0.6692967584884401,1.9288735998859097,0.8847534560041014,2.0056159445230874,0.43256830936599017,2.107510640732246,-0.3006399027696588,1.9454166730589277,-0.47203392949880296,2.0244351776126197,-0.9253477685936431,1.9554162700024065,-2.2265327551580403,2.108203013247596,1.0
0.3410610993854817,0.45591620319906895,-0.0028595307516406264,0.37449651541641954,0.14559108409314378,0.8902434349400871,0.32944820528563334,0.7551125648405304,-0.5482141302142562,0.7277229098231196,-0.3545490060102649,0.8100965094003366,-0.7292939044502431,0.8428931513623644,0.2805270722816518,0.8168703240374803,-0.08643173446074094,0.7752676756218012,0.027189123533415627,1.053623118265706,-0.6705265250766531,0.7076770064184742,-0.36732582550008086,0.8137747252222226,-0.040853115798214754,0.6178821817993589,0.07362863572843596,0.7107805132887611,-0.025841352906858683,0.7116231351877628,0.43239877033667745,1.0204591545383235,0.16604842086530694,1.0
0.33680289619374737,0.711340867932531,-0.18561506762209387,0.7559438145622275,-0.4119649327611742,0.9000670770025111,-0.4478523401338899,0.9598803465840922,-0.5815459637200652,0.9112367469436636,-0.5927920560200008,0.9100867581693417,-0.6274882013557234,0.9328463061269503,-0.7031083066477889,0.8586819298859527,-0.685863232744314,0.8730156789136698,-0.5734190739829501,0.9239885800429097,-0.6818180427468206,0.8553977929469582,-0.6051520380061155,0.8059113594664274,-0.7058094663830713,0.5644061705364305,-0.6578758754195005,0.7565635567319824,-0.7839531776422269,0.7457969044636055,-0.9272290994288802,0.7690860943306556,-1.1013969110499593,1.0
0.33436529744740057,0.70910479190657,0.9286787222166422,0.7531902913257469,0.9322713923604912,0.5375977137647997,0.9851340366656448,0.9627801923676101,-0.564221306725591,0.9296807853176823,-0.31336182724950556,0.670905498083029,-1.1073997240230642,0.4476299180705308,0.43985705488091603,1.0001582766025632,-1.274287009283036,1.0230244311468566,-0.4791838435284523,0.9387083203205807,-0.8885210268188134,1.056000100032614,0.25578859517286284,1.044032612538197,-0.0387965030591802,0.8906518781257707,0.2876705761976987,1.0785374620178672,0.7708760530412607,1.1316716376825633,1.2466016644716493,0.723111250602362,0.5525172665778003,1.0
0.34271798706651974,0.7164581632431551,0.015868933117498825,0.7499653457222174,-0.03190895190726267,0.8328287241555273,0.05108445062705388,0.8746612303674087,-0.9235737869944932,0.32688850647013007,0.7926680946407694,0.6489442787434441,0.32231503340508355,0.603329651620053,0.44242302508810505,0.46278042829863014,0.5855283183719713,0.3784165528362137,0.611205745190419,0.3088563855376771,0.5498262440404226,0.15458291038214445,0.6491044518350104,-0.010312290183468817,0.6758299801063008,-0.41053437356880496,0.591417681154398,-0.1821113679265849,0.5192101758428672,-0.22510725451971314,0.42394151979416245,-0.3226285569511397,0.37722593594502685,1.0
0.33506390539240505,0.710038353703483,0.06609177810560864,0.7543027650301403,-0.1775169905838834,0.9076036041760457,-0.34378409821731165,0.9633434352171092,-0.19525434716588771,0.9303605711844128,0.08387412711000583,0.9639344857386375,0.2221520140236708,1.005378687156338,0.1238210362191526,1.00091877319319,0.21966187658930317,1.0238983915474622,0.5685604743192822,1.088554513762502,0.8531125113617236,1.0566329308196576,0.9010784512906177,1.044683090276512,0.534363680892496,0.8912214044252691,0.7951401831620921,1.0029891205418686,1.0132928604766633,1.1325198376085857,0.6406039520585254,1.2458549204744422,0.968273679430926,1.0
0.339357397704852,0.6171617353469832,-0.04991170464736654,0.6385706769971455,-0.2793776669960048,0.7781007670295242,-0.21107405782918034,0.8982287862052919,-0.4118757455060307,0.8758427788496289,-0.30304067007034136,0.8940928143010201,-0.2508941325887307,0.9326131625895111,-0.16415606488396992,0.9923827362197442,-0.0465423631777214,1.020072448598497,0.0808419295345813,0.9831544105453631,-0.10887832433225095,0.9540237221149591,0.06391461123895284,0.9935792187616603,0.05246406162165522,0.8169195962008603,0.09657801938641397,1.0343581070802643,0.09253282921254553,1.0529150748922704,-0.0590341776131989,1.1660334742121952,-0.012949201282882586,1.0
0.3314045673668761,-2.3891558692445862,0.23531191706715512,-1.8210457128523365,1.3397218186140833,-0.0686482755006381,-0.5056216336168711,-0.3800338932570732,-0.5169207491934256,-0.4765191813179102,-0.6193514893189633,0.11694225314710427,-0.007291897431710831,0.33572210717937245,-0.4924437765593999,-0.3522388609521735,0.9159441389491078,-0.03514494039984225,0.11182858513628485,0.2751924626179665,0.12703797171324752,-1.6550328133230459,-1.058236634660657,1.0431444242375072,1.4295427862028898,-0.2449193256375252,-0.6024188249137991,-0.9209045920442211,0.2741555479788935,-0.5760627642083105,1.093284233591726,0.3382966844566189,-0.22123142644681618,-1.0
-2.9233803520662454,0.6638056288287982,2.1566247208282623,0.6976964123718475,-2.414533757403431,0.8825328487142279,1.6500828829164418,-2.9720936109943437,1.6799610763001045,-0.8426693440289911,-0.3123086006418995,0.9600080750736271,1.8266903459815889,-0.525350208137782,-0.1546813485506988,-0.616193736435485,0.00486543722642115,-2.1647633046263772,1.9670814014522475,-2.190056955982249,1.9312187731735002,1.0535334831820213,1.9989271672992266,1.0413526686000194,-1.8209697149060742,0.8974704246192508,1.9385910396954589,1.0731239908101917,2.0178238050300603,1.124729894216144,-1.9339109528563765,-2.573831143472527,2.104461586367798,-1.0
0.3327681970373747,-0.6442886960632487,0.14916440965151068,-0.8668807296405451,0.38501814308832283,-0.8411493165642017,1.1943527944017125,-1.5081910603284987,1.5274198315332561,-1.1400208114104124,0.2259482312380653,-1.6711346890703125,0.31417875466948075,-2.026902325187154,-0.1628826238718799,-0.9956071606341378,-0.3946692071627275,-1.0628558785235602,-0.8972252478925314,-0.7902235837903975,-1.7501524884005106,-0.44674840400201205,-0.44028364820334215,-0.1961000222440812,-0.22551457762060767,-0.27959790513185445,-0.08270362919112216,-0.11985963188250287,0.1656776331923436,-0.24370359837281402,0.408133003665195,-0.4133393954576912,0.5354603017750769,1.0
0.3388186526090615,-1.2469900949448811,-0.11404871336249903,-1.3541099247663675,-0.509764622777675,-1.1345098151808375,-0.4604851575160722,-0.7179216865652108,-0.23821219307957603,-0.7765952168604212,-0.43995952775607855,-0.6432849849570669,-0.18837166324954993,-0.5960871501123246,-0.4933622184187286,-0.622622957627107,-0.19796098143165755,-0.7577359294777037,-0.05787013317021803,-0.5210434347026892,0.0576916503186248,-0.5739494643727284,0.12554203454892032,-0.6228207246754239,0.10971012307533633,-1.1087159123005255,0.2935659942244308,-0.7930006264638031,0.06930903135410424,-0.6167378072370632,0.0073322595670346985,-0.6680215364352878,0.22579338977335792,-1.0
-15.0,-15.0,-3.391169799181324,-15.0,-3.9601821646308446,-14.999999513979494,-8.96184274129953,-9.108522626586897,-3.5733607394295492,-7.585706895244268,-3.764965534143618,-6.50732460420033,-5.218874263498773,-5.839226476269289,-3.7938748456477245,-4.470900529781847,-4.656298797612369,-2.487764074184513,-4.498888162618281,-4.750079328619938,4.770249095933559,-3.2879436448878145,-2.265551317996207,-2.985255597977078,-0.06672579210415347,7.372810462286933,2.5725233025675878,-5.3274998744794475,3.8131796052340188,-7.76290907788978,3.8164435490684827,-5.627901656604685,4.791876459897781,1.0
-6.267085518973245,-5.491955740191352,-0.6674295488941834,-7.011376463282285,-1.01605588148257,-2.4351006453588773,-4.436146320697502,0.9034798174983787,-1.4522321111506702,1.0925513579122978,-0.6236604353138725,0.3903439361597594,2.016135917086344,0.8611087932425274,-2.735530364494512,0.8258215902038019,-0.567447116189008,0.8388953626204521,-0.5691764502648471,-1.2614526636396903,4.095065928802819,0.29876653300459266,0.2456828665175494,0.48348609704759044,-0.30699826322534435,2.1562984678573787,-0.7298233356588318,0.015346537997143514,-0.4332126708584073,0.05687134224317967,-1.9661609605952872,-1.3048364626865239,-1.7309128746792886,-1.0
-15.0,-15.0,-9.819897193036708,-15.0,-9.255572187268253,-15.0,-15.0,-12.173368462240187,-9.46221307154587,-3.6804512111091916,-8.580968596154193,-8.382402630453312,-10.651377625645486,-4.983030784512873,-6.9071542939695485,3.3078573357353163,-3.2789992505528742,-2.0523516785818647,0.018644056358564774,-8.049434883715426,14.10412990379205,-10.285651542960236,3.642893424787013,-6.425142883197912,0.29154746315370866,12.469983411871846,-3.6600329274471863,-11.316004365999266,-3.809653010649032,-14.945534917357765,5.894565810182086,-10.05424115775025,3.092228037334973,-1.0
-15.0,-15.0,-4.858729250778258,-15.0,-4.8437673335141005,-15.0,-11.31485249923563,-8.451114968022912,-3.624396518856341,-1.2408275454328461,-3.521916365973978,-2.492077966276112,-4.022596537597416,-5.166636850683174,-2.3032657978769953,-3.522477699666934,-0.5994583976742341,-3.830195214864215,4.549827975383958,-8.288866373062005,13.36723958732572,-9.367891796606362,4.324272547235519,-8.19446168722433,3.5171994688544097,3.151362143108909,2.599213524667281,-11.334439992345224,0.891491070061507,-14.054263382349868,-0.4243549177963516,-9.476019041939459,2.1618681945061775,1.0
0.0009886117893154853,0.13139091457420882,0.22932541657887479,-0.14115823195057273,-0.19457056013715684,0.07841089160444187,-0.3474044113100704,-0.7671374654245684,-0.1849703366476336,-0.08643388202414928,0.1270311816212399,0.22809348175802274,0.07320529791348444,0.1795047894817742,0.17597205180853764,-0.17356817499634664,0.08051400752840539,0.3132053843689428,0.4501234040321612,-0.032625602538029555,0.5231155918787386,-0.20544117744803028,0.4932819830235925,-0.34652907682750755,0.5441067650827026,-0.673367574455889,0.5201397842770552,-0.2657465743915406,0.4757083921465188,-0.42157986636659184,0.36698070132241223,-0.4708636276200865,0.3760147880645548,1.0
-0.4305722567463276,-2.0575256900326173,0.26416692658592034,-1.4929386839643266,0.12063172549497464,-0.5766262510029794,-0.99129618080633,-0.07049165967735173,-0.0037127038705538897,0.1726226582501758,-1.102125069279431,0.29002946404779534,-0.5306670289364537,0.45809212323666554,-0.12773181551217658,1.1821950987402894,-0.7565099746316787,0.2865598683370118,-0.07271107601415312,-0.01658427675130384,0.5749222057222239,-0.3415920200254852,-0.5162250176569971,0.3539615008464877,0.09553906291509831,0.10649349670753007,0.11952734261596881,-0.13926033198188745,0.4034350300475515,0.9304029876057128,-0.03634460853645002,0.1243486068812069,-0.06980433232399136,1.0
-15.0,-15.0,-9.238706849299605,-15.0,-14.369999414198798,-15.0,-15.0,-13.78208537038138,-13.377673562489507,-4.9822099169968705,-11.820744822637941,-7.875008840793984,-13.81451657679018,-8.120673926638963,-9.782853080720127,-3.8512172543788834,-6.454465001171784,-2.6846829122279434,0.010128709643361357,-13.129961666932,15.0,-8.145264606973235,4.489601884515291,-9.92209365846377,0.4135787429732853,13.143132764800319,-3.4353748227815584,-15.0,-0.04978009846903659,-15.0,-2.455710002760181,-14.828827503872656,-0.10236635072385564,-1.0
-14.999999097518087,-14.99998647478386,-2.7382356188173826,-14.99883347028659,-5.131853229635934,-11.155580921670404,-8.821407165715621,-4.293271856552755,-2.872636084837805,1.5813075852215317,-0.6195054397956319,1.70575450227274,-3.102370735624219,0.5346579779692555,-1.1078434176809742,1.7883342573445875,-3.756997344881438,-0.941083083551662,0.0924409522957858,-1.3034848112513981,6.043704205282049,-1.1349986972972743,3.467178635770352,-1.3354660909629046,0.22667856957068572,5.897818905015252,-2.9207959909943244,-2.964710071840223,0.05493329848766081,-4.032875002362916,-2.9981702122269698,-1.316689939073779,1.0178645823716677,-1.0
-1.1885236006740116,-1.1000040668156796,-0.15850447186379643,-0.6416103805856209,-0.11432755432610281,-0.21327978672364037,-0.9266273536818989,0.5659828635051432,-0.9798431822866163,1.2386230271836394,-0.3868949389474433,1.3729389379029833,-0.3045054084606861,1.3102247305329704,0.08953934097440261,1.251431048574906,0.07067918345920403,0.8877018601510251,0.12429875335737767,1.1757501924291656,0.38834083865414293,1.4205439932618271,0.1346985502216124,0.727695044234948,0.13904830733894247,1.1404906377897794,0.2693693324884909,0.785051118127575,0.01745097581831376,1.1958123819536197,0.3236771232973737,1.0167192488796395,0.18474190737446888,1.0
-0.16213968238046453,-0.9855556961966334,-0.3219843452945347,-0.6241899018481816,-0.40008773999929037,-0.2068526595981457,-0.6818468628781863,0.12774834059568912,-0.5531271174426695,0.5177112441483369,-0.4932961917685844,0.8118050403455823,-0.4532284574787105,0.6896328816077262,-0.21530578453870333,0.483825626379782,0.079912295615437,0.7876072416086277,-0.16417082198590752,0.6000727246388938,0.6578546336089288,0.42566832180288694,0.03648072493758087,0.09925651021064053,0.3291103297687172,0.2322441310106688,0.23525117335922427,0.24957373415918488,-0.05432392991581988,0.44346654004628155,0.3298711404155641,0.7187300367956345,-0.23248105499482705,1.0
-15.0,-15.0,-4.017631574095261,-15.0,-5.070790504409704,-14.513863994155054,-12.221036159710232,-5.727192955841235,-4.476463967832695,-1.68869730873282,-3.8404517381163927,-1.468168137952107,-4.405082578497918,-2.411285387745284,-3.2602894079346436,-1.5533612173283968,-1.6652972871230254,-1.1802871259574017,0.04266828309708466,-4.203496357103101,8.251267223765925,-3.7539370027571946,1.7398414024933795,-3.2729997044993007,1.9173197241827016,5.566062885742479,-3.9516223090911966,-5.6225146204628125,0.020917135058127326,-7.652060480560196,-2.547427558223922,-4.674468484980903,0.9571569338055667,-1.0
-1.9843899542944452,-1.601372446174726,0.02875007067644287,-1.7763990379560584,0.5069029672303726,-0.3704885707808141,-3.069262320184967,0.2874732861416958,-0.40655924591893877,0.7531076677567037,0.18985549996176734,0.7629630143092141,0.8497181643647417,0.8322078253580525,0.5070519773201846,0.8026206982653065,-0.02322824558224006,0.25740230684116305,-0.6289838097649277,0.8912286567992501,1.7772000669206272,0.7455555965535704,0.5061080104196032,0.7492988538028488,-0.40879874023819784,1.1532239677989335,0.33077571888487745,-0.179172487663328,0.022055542006368365,0.6906648476564982,0.35597357105059607,1.0164811355803074,0.806253532773551,-1.0
-15.0,-15.0,-10.424224134474692,-15.0,-9.533031663113865,-15.0,-15.0,-10.988710133590775,-10.429342318605022,-7.3362800384686775,-10.420803136063816,-2.647800515162635,-10.813321283249861,-4.75147101596967,-7.947810733229584,3.558876697219839,-3.4041954053610723,-4.9678164499079625,-4.081378983188135,-6.912598259715651,15.0,-5.205882790574877,0.2796371012802973,-5.055115358584481,4.9290352116220575,13.124752793871085,5.132774119064848,-9.594906859452244,0.09050522050768693,-13.558522797878986,6.8228126142526735,-9.28885863875012,3.1830346995289527,-1.0
